Date,Close,High,Low,Open,Volume
8/12/2002,25.4828701,25.67543538,24.8570299,24.8570299,212976
8/13/2002,25.13785362,25.92416526,24.95331242,25.51496254,153576
8/14/2002,23.4047699,25.19402619,22.931377,25.19402619,822776
8/15/2002,23.4047699,23.4047699,23.4047699,23.4047699,0
8/16/2002,23.34860802,24.39167298,22.94742919,23.28442038,811856
8/19/2002,22.77089882,23.5411623,22.55426382,23.5411623,205880
8/20/2002,23.4047699,24.85703505,22.77892956,22.931377,3773624
8/21/2002,24.5521431,25.16193538,23.44489056,24.69656649,3011064
8/22/2002,25.61126518,26.68642428,25.23415599,25.36253374,6732480
8/23/2002,27.15178299,28.00228261,25.5229979,25.8359169,4841672
8/26/2002,27.05550766,27.76158159,26.83887006,27.58506188,2576912
8/27/2002,26.3815155,28.40345753,26.15685637,27.28015695,3694224
8/28/2002,26.40558815,26.70245898,25.85998353,26.3012802,1674960
8/29/2002,26.40558815,26.87897863,26.15685681,26.24511664,1236544
8/30/2002,28.27509117,28.96511944,26.47781001,26.48583408,3762384
9/2/2002,28.56393242,29.51071347,28.27508317,28.72440395,2389568
9/3/2002,27.22400475,28.84476881,26.9592276,28.72441512,986784
9/4/2002,27.81773567,28.08251267,26.56605747,26.87897641,1449856
9/5/2002,27.64925003,28.79662069,27.28016496,28.66824296,1061360
9/6/2002,26.62222099,27.76156963,26.32535019,27.76156963,907472
9/9/2002,26.2772007,27.40050088,25.35448983,25.35448983,880848
9/10/2002,26.2772007,26.2772007,26.2772007,26.2772007,0
9/11/2002,26.94317818,27.40854724,26.42164552,26.42164552,635936
9/12/2002,27.07957649,27.74553251,26.89503517,27.27214188,781968
9/13/2002,26.3093071,27.10364069,26.08464793,26.13278988,338264
9/16/2002,25.79580307,26.7024664,25.59521362,26.55804297,288592
9/17/2002,26.55001831,26.71851393,26.17291163,26.26116902,462952
9/18/2002,25.73161888,26.47781075,25.51498127,26.39757496,315432
9/19/2002,25.51497078,26.3654703,25.19402775,25.51497078,490848
9/20/2002,25.09774399,25.46682896,24.49597581,24.60028376,501072
9/23/2002,24.67250633,25.33846243,24.56820078,25.27427478,248504
9/24/2002,23.8380394,24.58423082,23.57325998,24.58423082,267912
9/25/2002,24.02259064,24.23120414,23.10790329,23.28442297,379544
9/26/2002,24.39969063,24.78482123,24.23119507,24.52004425,178136
9/27/2002,24.69656944,25.03356066,24.31946279,24.31946279,206288
9/30/2002,23.79793358,24.69657287,23.28442506,24.31946616,202232
10/1/2002,23.59734535,24.23120758,23.18814235,23.91026443,240192
10/2/2002,23.59734535,23.59734535,23.59734535,23.59734535,0
10/3/2002,24.23119926,25.51497141,23.91025623,23.91025623,673264
10/4/2002,24.07875443,24.62435667,23.83002305,24.55214497,258296
10/7/2002,23.97444534,24.3916723,23.76583432,24.23922483,110976
10/8/2002,24.62436104,24.85704432,23.91026307,24.04666488,227352
10/9/2002,23.99851799,25.10577058,23.78990451,24.71261581,277040
10/10/2002,24.02259064,24.71261879,23.51710623,24.71261879,173224
10/11/2002,24.52807045,24.99343683,24.46388038,24.69656357,192536
10/14/2002,24.35155487,25.03355888,24.11887164,24.98541693,152744
10/15/2002,24.35155487,24.35155487,24.35155487,24.35155487,0
10/16/2002,24.39969063,27.45667301,24.2472432,27.45667301,247760
10/17/2002,24.39969063,24.55213805,24.08677171,24.55213805,144512
10/18/2002,24.91320038,25.62729806,24.57620925,24.8730825,512312
10/21/2002,25.29833412,26.14883367,25.19402861,25.49892352,646296
10/22/2002,24.38364601,25.51497067,24.23119856,25.51497067,229384
10/23/2002,24.27131462,24.84098894,24.08677337,24.55213975,153320
10/24/2002,23.84606743,24.61632872,23.68559592,24.53609296,168744
10/25/2002,23.35663605,23.80595691,23.28442434,23.42884776,172296
10/28/2002,23.01162338,23.42885047,22.81905798,23.1881431,134504
10/29/2002,23.2122097,23.39675346,22.81905488,22.94743261,143024
10/30/2002,23.60537338,24.03062214,23.26838204,23.42885364,164320
10/31/2002,23.97444534,24.07072924,23.62140847,23.74978618,118928
11/1/2002,23.72572136,24.48796128,23.59734362,24.08678237,108792
11/4/2002,23.90223503,24.07073064,23.71769374,24.07073064,56560
11/5/2002,23.64547729,23.95839624,23.49302741,23.67757111,70288
11/6/2002,23.64547729,23.64547729,23.64547729,23.64547729,0
11/7/2002,24.3756218,25.354499,24.0707269,24.0707269,204880
11/8/2002,23.95036507,24.22316605,23.76582387,23.9102472,77664
11/11/2002,23.58932495,24.07073975,23.54118298,24.07073975,66568
11/12/2002,23.70966721,24.07072813,23.42884204,23.42884204,106864
11/13/2002,23.50907516,23.89420579,23.38069747,23.83001817,106264
11/14/2002,23.83002853,24.32749139,23.51710946,23.8781705,211856
11/15/2002,24.34352684,24.49597428,24.07072577,24.35957497,154144
11/18/2002,24.59225655,24.8650576,24.28736169,24.55213867,217672
11/19/2002,24.59225655,24.59225655,24.59225655,24.59225655,0
11/20/2002,25.40264893,25.59521431,24.55214915,24.55214915,406128
11/21/2002,27.60110664,28.70835936,25.87603748,25.87603748,2664024
11/22/2002,27.17586136,28.99721221,26.5660689,26.5660689,1184016
11/25/2002,27.12770844,27.72947658,26.79874136,27.44062738,428920
11/26/2002,26.9672451,27.88995654,26.81479762,27.36039992,367496
11/27/2002,26.39756012,27.44062481,26.24511269,27.44062481,301128
11/28/2002,27.4727211,28.06646518,26.64629383,26.6543179,447680
11/29/2002,27.4727211,27.4727211,27.4727211,27.4727211,0
12/2/2002,30.41737747,31.4524183,28.54788277,28.80463819,1388680
12/3/2002,32.15849686,33.65088273,30.02422725,31.13147994,4082608
12/4/2002,31.08333397,32.85654481,30.65808541,31.59684236,2594928
12/5/2002,31.86965561,32.80841285,30.89077803,30.89077803,1720264
12/6/2002,32.70410156,33.16946807,31.86162595,32.41525229,1139968
12/9/2002,31.13147354,33.20155508,30.82657865,32.57571716,975768
12/10/2002,31.84558105,32.41525559,30.34517342,30.56983262,837808
12/11/2002,33.34599304,34.65383537,32.57572901,32.73620058,3286400
12/12/2002,33.61878967,34.66185475,33.37808235,33.37808235,2568024
12/13/2002,33.75520706,34.45325716,33.55461753,34.01998426,1112288
12/16/2002,32.30292511,34.45324301,32.11035973,34.18044185,1231456
12/17/2002,31.70915604,32.91269178,31.38821317,32.91269178,855656
12/18/2002,31.4122982,32.55966852,31.19566068,32.06220831,618096
12/19/2002,34.06811523,34.90256692,31.69313548,32.04617245,3770256
12/20/2002,34.34892654,35.27163771,33.69901645,34.50137399,2952072
12/23/2002,33.12934875,34.50940497,32.89666551,34.5013809,1277744
12/24/2002,34.49335861,34.66185423,33.09725664,33.2176103,1729840
12/25/2002,34.49335861,34.49335861,34.49335861,34.49335861,0
12/26/2002,35.472229,35.91352567,34.18043281,34.75813125,2894448
12/27/2002,34.6698761,35.86538856,34.52545025,35.72096516,956984
12/30/2002,36.68377304,37.0528554,33.86749871,34.66183187,4253744
12/31/2002,38.58538437,39.21122489,35.94562782,36.92450527,9998480
1/1/2003,39.21122742,39.78089951,38.50515107,38.50515107,6027072
1/2/2003,37.42197418,40.39069859,37.17324273,39.49205916,5325328
1/3/2003,37.87931442,39.18715673,37.55034722,38.51317663,4198040
1/6/2003,36.75599289,38.63350871,36.50726161,38.46501317,4121520
1/7/2003,36.33076477,37.55034976,35.98575185,37.2294066,2650800
1/8/2003,37.63059235,37.9675837,36.53938491,36.81218616,2648456
1/9/2003,37.99967194,38.60946445,37.51825718,37.87129418,2630400
1/10/2003,35.67282104,38.51316659,35.47223164,38.51316659,1702816
1/13/2003,36.03388214,36.4270369,34.82232161,36.09004571,2421496
1/14/2003,36.51530075,37.6305775,36.26656936,36.41099278,2239360
1/15/2003,37.24546432,37.63059524,36.60357784,36.81218899,2759760
1/16/2003,37.77499771,38.64154545,36.92450055,37.5262688,2842656
1/17/2003,36.92449188,37.87127272,36.76402039,37.30962249,1284144
1/20/2003,35.74503708,36.89240766,35.48026001,36.74798425,928872
1/21/2003,34.81429672,36.30668239,34.66184926,35.793174,1147240
1/22/2003,34.96673584,35.7851414,34.70998293,35.11116165,1081352
1/23/2003,33.68297195,34.96674415,33.23365365,34.50137771,1001872
1/24/2003,32.47942352,34.32484537,32.02208132,33.77924337,1436848
1/27/2003,30.21679306,32.07826155,29.7032846,30.8105373,916832
1/28/2003,32.32699203,32.57572342,29.68723563,30.89879627,2043224
1/29/2003,31.4122982,32.89665968,31.16356687,32.43129327,1370440
1/30/2003,31.89371109,32.8003741,31.30799109,31.30799109,1203464
1/31/2003,31.12345314,32.1665181,30.92286373,31.29194874,1083040
2/3/2003,33.49842072,33.68296193,31.21170218,31.33205578,1566808
2/4/2003,32.44734955,34.32486635,32.10233667,33.53855667,1311144
2/5/2003,31.84558105,32.41525559,31.34812068,31.9338409,845080
2/6/2003,32.48746872,32.67201249,31.53266337,31.8937244,946624
2/7/2003,32.17454147,33.32191192,31.81348053,32.18256554,1023440
2/10/2003,31.1074028,32.23872497,31.00309485,31.77335858,449688
2/11/2003,30.82658958,31.92581837,30.65006988,31.13148459,701960
2/12/2003,30.41737747,31.29194678,30.18469425,31.14752339,459064
2/13/2003,30.41737747,30.41737747,30.41737747,30.41737747,0
2/14/2003,28.87685013,30.71424858,28.60404903,29.29407707,790336
2/17/2003,30.71425438,30.81053829,29.39036406,29.68723742,795272
2/18/2003,30.52971458,31.45242606,30.37726709,31.19567059,819688
2/19/2003,30.54576683,31.10741737,30.43343476,30.97101555,455960
2/20/2003,30.44948006,30.64204545,29.41443893,29.78352403,542944
2/21/2003,29.91991234,30.77843589,29.79955871,30.48958668,494544
2/24/2003,30.10447121,30.64204956,29.84771568,30.64204956,326488
2/25/2003,29.39838409,30.16864794,29.13360705,29.13360705,264440
2/26/2003,28.88488197,30.13656068,28.66022276,29.70328794,422312
2/27/2003,29.32616806,29.81560665,28.69230609,28.72439991,280480
2/28/2003,30.84262466,31.13147388,29.55885255,30.41737613,694688
3/3/2003,30.50562477,31.44438132,29.70326749,29.70326749,500896
3/4/2003,29.74339867,30.16864724,29.52676112,30.16864724,255760
3/5/2003,29.86375999,30.168655,28.84476455,29.41443911,471552
3/6/2003,29.05336952,30.10445848,28.88487393,30.10445848,265080
3/7/2003,28.24299431,29.51071864,28.12264064,29.51071864,518664
3/10/2003,26.33338356,28.40346567,25.91615653,28.13868858,346400
3/11/2003,26.9672451,27.88995654,25.40264745,25.6754486,497168
3/12/2003,26.56605911,27.71342944,26.44570548,27.71342944,481872
3/13/2003,26.9110775,27.42458595,26.31733327,27.09562124,390112
3/14/2003,26.9110775,26.9110775,26.9110775,26.9110775,0
3/17/2003,26.83084297,27.60110691,25.85196797,26.17291108,373856
3/18/2003,26.83084297,26.83084297,26.83084297,26.83084297,0
3/19/2003,26.77466965,27.76156835,26.51791428,27.52086111,374256
3/20/2003,27.42457199,27.60109158,26.31731988,26.87897,537616
3/21/2003,27.42457199,27.42457199,27.42457199,27.42457199,0
3/24/2003,26.69444847,28.08252667,26.47781086,27.8418193,328920
3/25/2003,26.3093071,27.26411222,25.7556808,27.26411222,351496
3/26/2003,26.1889534,27.11968877,25.75568076,27.11968877,260264
3/27/2003,25.94021797,26.31732699,25.67544097,25.98033585,241056
3/28/2003,25.78776741,26.63826678,25.67543786,26.63826678,218000
3/31/2003,24.64040184,25.49090137,20.84524901,20.84524901,230712
4/2/2003,24.64040184,24.64040184,24.64040184,24.64040184,0
4/3/2003,24.64040184,24.64040184,24.64040184,24.64040184,0
4/4/2003,24.64040184,24.64040184,24.64040184,24.64040184,0
4/7/2003,24.64040184,24.64040184,24.64040184,24.64040184,0
4/8/2003,24.64040184,24.64040184,24.64040184,24.64040184,0
4/9/2003,24.64040184,24.64040184,24.64040184,24.64040184,0
4/10/2003,24.64040184,24.64040184,24.64040184,24.64040184,0
4/11/2003,24.64040184,24.64040184,24.64040184,24.64040184,0
4/14/2003,24.64040184,24.64040184,24.64040184,24.64040184,0
4/15/2003,24.64040184,24.64040184,24.64040184,24.64040184,0
4/16/2003,24.64040184,24.64040184,24.64040184,24.64040184,0
4/17/2003,24.64040184,24.64040184,24.64040184,24.64040184,0
4/18/2003,24.64040184,24.64040184,24.64040184,24.64040184,0
4/21/2003,24.64040184,24.64040184,24.64040184,24.64040184,0
4/22/2003,24.64040184,24.64040184,24.64040184,24.64040184,0
4/23/2003,24.64040184,24.64040184,24.64040184,24.64040184,0
4/24/2003,24.64040184,24.64040184,24.64040184,24.64040184,0
4/25/2003,24.64040184,24.64040184,24.64040184,24.64040184,0
4/28/2003,24.64040184,24.64040184,24.64040184,24.64040184,0
4/29/2003,24.64040184,24.64040184,24.64040184,24.64040184,0
4/30/2003,24.64040184,24.64040184,24.64040184,24.64040184,0
5/1/2003,24.64040184,24.64040184,24.64040184,24.64040184,0
5/2/2003,24.64040184,24.64040184,24.64040184,24.64040184,0
5/5/2003,24.64040184,24.64040184,24.64040184,24.64040184,0
5/6/2003,24.64040184,24.64040184,24.64040184,24.64040184,0
5/7/2003,24.64040184,24.64040184,24.64040184,24.64040184,0
5/8/2003,24.64040184,24.64040184,24.64040184,24.64040184,0
5/9/2003,24.64040184,24.64040184,24.64040184,24.64040184,0
5/12/2003,24.64040184,24.64040184,24.64040184,24.64040184,0
5/13/2003,24.64040184,24.64040184,24.64040184,24.64040184,0
5/14/2003,24.64040184,24.64040184,24.64040184,24.64040184,0
5/15/2003,24.64040184,24.64040184,24.64040184,24.64040184,0
5/16/2003,24.64040184,24.64040184,24.64040184,24.64040184,0
5/19/2003,24.64040184,24.64040184,24.64040184,24.64040184,0
5/20/2003,24.64040184,24.64040184,24.64040184,24.64040184,0
5/21/2003,24.64040184,24.64040184,24.64040184,24.64040184,0
5/22/2003,24.64040184,24.64040184,24.64040184,24.64040184,0
5/23/2003,24.64040184,24.64040184,24.64040184,24.64040184,0
5/26/2003,24.64040184,24.64040184,24.64040184,24.64040184,0
5/27/2003,24.64040184,24.64040184,24.64040184,24.64040184,0
5/28/2003,24.64040184,24.64040184,24.64040184,24.64040184,0
5/29/2003,24.64040184,24.64040184,24.64040184,24.64040184,0
5/30/2003,24.64040184,24.64040184,24.64040184,24.64040184,0
6/2/2003,24.64040184,24.64040184,24.64040184,24.64040184,0
6/3/2003,24.64040184,24.64040184,24.64040184,24.64040184,0
6/4/2003,24.64040184,24.64040184,24.64040184,24.64040184,0
6/5/2003,24.64040184,24.64040184,24.64040184,24.64040184,0
6/6/2003,24.64040184,24.64040184,24.64040184,24.64040184,0
6/9/2003,24.64040184,24.64040184,24.64040184,24.64040184,0
6/10/2003,24.64040184,24.64040184,24.64040184,24.64040184,0
6/11/2003,24.64040184,24.64040184,24.64040184,24.64040184,0
6/12/2003,24.64040184,24.64040184,24.64040184,24.64040184,0
6/13/2003,24.64040184,24.64040184,24.64040184,24.64040184,0
6/16/2003,24.64040184,24.64040184,24.64040184,24.64040184,0
6/17/2003,24.64040184,24.64040184,24.64040184,24.64040184,0
6/18/2003,24.64040184,24.64040184,24.64040184,24.64040184,0
6/19/2003,24.64040184,24.64040184,24.64040184,24.64040184,0
6/20/2003,24.64040184,24.64040184,24.64040184,24.64040184,0
6/23/2003,24.64040184,24.64040184,24.64040184,24.64040184,0
6/24/2003,24.64040184,24.64040184,24.64040184,24.64040184,0
6/25/2003,24.64040184,24.64040184,24.64040184,24.64040184,0
6/26/2003,24.64040184,24.64040184,24.64040184,24.64040184,0
6/27/2003,24.64040184,24.64040184,24.64040184,24.64040184,0
6/30/2003,24.64040184,24.64040184,24.64040184,24.64040184,0
7/1/2003,24.64040184,24.64040184,24.64040184,24.64040184,0
7/2/2003,24.64040184,24.64040184,24.64040184,24.64040184,0
7/3/2003,24.64040184,24.64040184,24.64040184,24.64040184,0
7/4/2003,24.64040184,24.64040184,24.64040184,24.64040184,0
7/7/2003,24.64040184,24.64040184,24.64040184,24.64040184,0
7/8/2003,24.64040184,24.64040184,24.64040184,24.64040184,0
7/9/2003,24.64040184,24.64040184,24.64040184,24.64040184,0
7/10/2003,24.64040184,24.64040184,24.64040184,24.64040184,0
7/11/2003,24.64040184,24.64040184,24.64040184,24.64040184,0
7/14/2003,24.64040184,24.64040184,24.64040184,24.64040184,0
7/15/2003,24.64040184,24.64040184,24.64040184,24.64040184,0
7/16/2003,24.64040184,24.64040184,24.64040184,24.64040184,0
7/17/2003,24.64040184,24.64040184,24.64040184,24.64040184,0
7/18/2003,24.64040184,24.64040184,24.64040184,24.64040184,0
7/21/2003,24.64040184,24.64040184,24.64040184,24.64040184,0
7/22/2003,24.64040184,24.64040184,24.64040184,24.64040184,0
7/23/2003,24.64040184,24.64040184,24.64040184,24.64040184,0
7/24/2003,24.64040184,24.64040184,24.64040184,24.64040184,0
7/25/2003,24.64040184,24.64040184,24.64040184,24.64040184,0
7/28/2003,24.64040184,24.64040184,24.64040184,24.64040184,0
7/29/2003,24.64040184,24.64040184,24.64040184,24.64040184,0
7/30/2003,24.64040184,24.64040184,24.64040184,24.64040184,0
7/31/2003,24.64040184,24.64040184,24.64040184,24.64040184,0
8/1/2003,24.64040184,24.64040184,24.64040184,24.64040184,0
8/4/2003,24.64040184,24.64040184,24.64040184,24.64040184,0
8/5/2003,24.64040184,24.64040184,24.64040184,24.64040184,0
8/6/2003,24.64040184,24.64040184,24.64040184,24.64040184,0
8/7/2003,24.64040184,24.64040184,24.64040184,24.64040184,0
8/8/2003,24.64040184,24.64040184,24.64040184,24.64040184,0
8/11/2003,24.64040184,24.64040184,24.64040184,24.64040184,0
8/12/2003,24.64040184,24.64040184,24.64040184,24.64040184,0
8/13/2003,24.64040184,24.64040184,24.64040184,24.64040184,0
8/14/2003,24.64040184,24.64040184,24.64040184,24.64040184,0
8/15/2003,24.64040184,24.64040184,24.64040184,24.64040184,0
8/18/2003,24.64040184,24.64040184,24.64040184,24.64040184,0
8/19/2003,24.64040184,24.64040184,24.64040184,24.64040184,0
8/20/2003,24.64040184,24.64040184,24.64040184,24.64040184,0
8/21/2003,24.64040184,24.64040184,24.64040184,24.64040184,0
8/22/2003,24.64040184,24.64040184,24.64040184,24.64040184,0
8/25/2003,24.64040184,24.64040184,24.64040184,24.64040184,0
8/26/2003,24.64040184,24.64040184,24.64040184,24.64040184,0
8/27/2003,24.64040184,24.64040184,24.64040184,24.64040184,0
8/28/2003,24.64040184,24.64040184,24.64040184,24.64040184,0
8/29/2003,24.64040184,24.64040184,24.64040184,24.64040184,0
9/1/2003,24.64040184,24.64040184,24.64040184,24.64040184,0
9/2/2003,24.64040184,24.64040184,24.64040184,24.64040184,0
9/3/2003,24.64040184,24.64040184,24.64040184,24.64040184,0
9/4/2003,24.64040184,24.64040184,24.64040184,24.64040184,0
9/5/2003,24.64040184,24.64040184,24.64040184,24.64040184,0
9/8/2003,24.64040184,24.64040184,24.64040184,24.64040184,0
9/9/2003,24.64040184,24.64040184,24.64040184,24.64040184,0
9/10/2003,24.64040184,24.64040184,24.64040184,24.64040184,0
9/11/2003,24.64040184,24.64040184,24.64040184,24.64040184,0
9/12/2003,24.64040184,24.64040184,24.64040184,24.64040184,0
9/15/2003,24.64040184,24.64040184,24.64040184,24.64040184,0
9/16/2003,24.64040184,24.64040184,24.64040184,24.64040184,0
9/17/2003,24.64040184,24.64040184,24.64040184,24.64040184,0
9/18/2003,24.64040184,24.64040184,24.64040184,24.64040184,0
9/19/2003,24.64040184,24.64040184,24.64040184,24.64040184,0
9/22/2003,24.64040184,24.64040184,24.64040184,24.64040184,0
9/23/2003,24.64040184,24.64040184,24.64040184,24.64040184,0
9/24/2003,24.64040184,24.64040184,24.64040184,24.64040184,0
9/25/2003,24.64040184,24.64040184,24.64040184,24.64040184,0
9/26/2003,24.64040184,24.64040184,24.64040184,24.64040184,0
9/29/2003,24.64040184,24.64040184,24.64040184,24.64040184,0
9/30/2003,24.64040184,24.64040184,24.64040184,24.64040184,0
10/1/2003,24.64040184,24.64040184,24.64040184,24.64040184,0
10/2/2003,24.64040184,24.64040184,24.64040184,24.64040184,0
10/3/2003,24.64040184,24.64040184,24.64040184,24.64040184,0
10/6/2003,24.64040184,24.64040184,24.64040184,24.64040184,0
10/7/2003,24.64040184,24.64040184,24.64040184,24.64040184,0
10/8/2003,24.64040184,24.64040184,24.64040184,24.64040184,0
10/9/2003,24.64040184,24.64040184,24.64040184,24.64040184,0
10/10/2003,24.64040184,24.64040184,24.64040184,24.64040184,0
10/13/2003,24.64040184,24.64040184,24.64040184,24.64040184,0
10/14/2003,24.64040184,24.64040184,24.64040184,24.64040184,0
10/15/2003,24.64040184,24.64040184,24.64040184,24.64040184,0
10/16/2003,24.64040184,24.64040184,24.64040184,24.64040184,0
10/17/2003,24.64040184,24.64040184,24.64040184,24.64040184,0
10/20/2003,24.64040184,24.64040184,24.64040184,24.64040184,0
10/21/2003,24.64040184,24.64040184,24.64040184,24.64040184,0
10/22/2003,24.64040184,24.64040184,24.64040184,24.64040184,0
10/23/2003,24.64040184,24.64040184,24.64040184,24.64040184,0
10/24/2003,24.64040184,24.64040184,24.64040184,24.64040184,0
10/27/2003,24.64040184,24.64040184,24.64040184,24.64040184,0
10/28/2003,24.64040184,24.64040184,24.64040184,24.64040184,0
10/29/2003,24.64040184,24.64040184,24.64040184,24.64040184,0
10/30/2003,24.64040184,24.64040184,24.64040184,24.64040184,0
10/31/2003,24.64040184,24.64040184,24.64040184,24.64040184,0
11/3/2003,24.64040184,24.64040184,24.64040184,24.64040184,0
11/4/2003,24.64040184,24.64040184,24.64040184,24.64040184,0
11/5/2003,24.64040184,24.64040184,24.64040184,24.64040184,0
11/6/2003,24.64040184,24.64040184,24.64040184,24.64040184,0
11/7/2003,24.64040184,24.64040184,24.64040184,24.64040184,0
11/10/2003,24.64040184,24.64040184,24.64040184,24.64040184,0
11/11/2003,24.64040184,24.64040184,24.64040184,24.64040184,0
11/12/2003,24.64040184,24.64040184,24.64040184,24.64040184,0
11/13/2003,24.64040184,24.64040184,24.64040184,24.64040184,0
11/14/2003,24.64040184,24.64040184,24.64040184,24.64040184,0
11/17/2003,24.64040184,24.64040184,24.64040184,24.64040184,0
11/18/2003,24.64040184,24.64040184,24.64040184,24.64040184,0
11/19/2003,24.64040184,24.64040184,24.64040184,24.64040184,0
11/20/2003,24.64040184,24.64040184,24.64040184,24.64040184,0
11/21/2003,24.64040184,24.64040184,24.64040184,24.64040184,0
11/24/2003,24.64040184,24.64040184,24.64040184,24.64040184,0
11/25/2003,24.64040184,24.64040184,24.64040184,24.64040184,0
11/26/2003,24.64040184,24.64040184,24.64040184,24.64040184,0
11/27/2003,24.64040184,24.64040184,24.64040184,24.64040184,0
11/28/2003,24.64040184,24.64040184,24.64040184,24.64040184,0
12/1/2003,24.64040184,24.64040184,24.64040184,24.64040184,0
12/2/2003,24.64040184,24.64040184,24.64040184,24.64040184,0
12/3/2003,24.64040184,24.64040184,24.64040184,24.64040184,0
12/4/2003,24.64040184,24.64040184,24.64040184,24.64040184,0
12/5/2003,24.64040184,24.64040184,24.64040184,24.64040184,0
12/8/2003,24.64040184,24.64040184,24.64040184,24.64040184,0
12/9/2003,24.64040184,24.64040184,24.64040184,24.64040184,0
12/10/2003,24.64040184,24.64040184,24.64040184,24.64040184,0
12/11/2003,24.64040184,24.64040184,24.64040184,24.64040184,0
12/12/2003,24.64040184,24.64040184,24.64040184,24.64040184,0
12/15/2003,24.64040184,24.64040184,24.64040184,24.64040184,0
12/16/2003,24.64040184,24.64040184,24.64040184,24.64040184,0
12/17/2003,24.64040184,24.64040184,24.64040184,24.64040184,0
12/18/2003,24.64040184,24.64040184,24.64040184,24.64040184,0
12/19/2003,24.64040184,24.64040184,24.64040184,24.64040184,0
12/22/2003,24.64040184,24.64040184,24.64040184,24.64040184,0
12/23/2003,24.64040184,24.64040184,24.64040184,24.64040184,0
12/24/2003,24.64040184,24.64040184,24.64040184,24.64040184,0
12/25/2003,24.64040184,24.64040184,24.64040184,24.64040184,0
12/26/2003,24.64040184,24.64040184,24.64040184,24.64040184,0
12/29/2003,24.64040184,24.64040184,24.64040184,24.64040184,0
12/30/2003,24.64040184,24.64040184,24.64040184,24.64040184,0
12/31/2003,24.64040184,24.64040184,24.64040184,24.64040184,0
1/1/2004,24.64040184,24.64040184,24.64040184,24.64040184,0
1/2/2004,24.64040184,24.64040184,24.64040184,24.64040184,0
1/5/2004,24.64040184,24.64040184,24.64040184,24.64040184,0
1/6/2004,24.64040184,24.64040184,24.64040184,24.64040184,0
1/7/2004,24.64040184,24.64040184,24.64040184,24.64040184,0
1/8/2004,24.64040184,24.64040184,24.64040184,24.64040184,0
1/9/2004,24.64040184,24.64040184,24.64040184,24.64040184,0
1/12/2004,24.64040184,24.64040184,24.64040184,24.64040184,0
1/13/2004,24.64040184,24.64040184,24.64040184,24.64040184,0
1/14/2004,24.64040184,24.64040184,24.64040184,24.64040184,0
1/15/2004,24.64040184,24.64040184,24.64040184,24.64040184,0
1/16/2004,24.64040184,24.64040184,24.64040184,24.64040184,0
1/19/2004,24.64040184,24.64040184,24.64040184,24.64040184,0
1/20/2004,24.64040184,24.64040184,24.64040184,24.64040184,0
1/21/2004,24.64040184,24.64040184,24.64040184,24.64040184,0
1/22/2004,24.64040184,24.64040184,24.64040184,24.64040184,0
1/23/2004,24.64040184,24.64040184,24.64040184,24.64040184,0
1/26/2004,24.64040184,24.64040184,24.64040184,24.64040184,0
1/27/2004,24.64040184,24.64040184,24.64040184,24.64040184,0
1/28/2004,24.64040184,24.64040184,24.64040184,24.64040184,0
1/29/2004,24.64040184,24.64040184,24.64040184,24.64040184,0
1/30/2004,24.64040184,24.64040184,24.64040184,24.64040184,0
2/2/2004,24.64040184,24.64040184,24.64040184,24.64040184,0
2/3/2004,24.64040184,24.64040184,24.64040184,24.64040184,0
2/4/2004,24.64040184,24.64040184,24.64040184,24.64040184,0
2/5/2004,24.64040184,24.64040184,24.64040184,24.64040184,0
2/6/2004,24.64040184,24.64040184,24.64040184,24.64040184,0
2/9/2004,24.64040184,24.64040184,24.64040184,24.64040184,0
2/10/2004,24.64040184,24.64040184,24.64040184,24.64040184,0
2/11/2004,24.64040184,24.64040184,24.64040184,24.64040184,0
2/12/2004,24.64040184,24.64040184,24.64040184,24.64040184,0
2/13/2004,24.64040184,24.64040184,24.64040184,24.64040184,0
2/16/2004,24.64040184,24.64040184,24.64040184,24.64040184,0
2/17/2004,24.64040184,24.64040184,24.64040184,24.64040184,0
2/18/2004,24.64040184,24.64040184,24.64040184,24.64040184,0
2/19/2004,24.64040184,24.64040184,24.64040184,24.64040184,0
2/20/2004,24.64040184,24.64040184,24.64040184,24.64040184,0
2/23/2004,24.64040184,24.64040184,24.64040184,24.64040184,0
2/24/2004,24.64040184,24.64040184,24.64040184,24.64040184,0
2/25/2004,24.64040184,24.64040184,24.64040184,24.64040184,0
2/26/2004,24.64040184,24.64040184,24.64040184,24.64040184,0
2/27/2004,24.64040184,24.64040184,24.64040184,24.64040184,0
3/1/2004,24.64040184,24.64040184,24.64040184,24.64040184,0
3/2/2004,24.64040184,24.64040184,24.64040184,24.64040184,0
3/3/2004,24.64040184,24.64040184,24.64040184,24.64040184,0
3/4/2004,24.64040184,24.64040184,24.64040184,24.64040184,0
3/5/2004,24.64040184,24.64040184,24.64040184,24.64040184,0
3/8/2004,24.64040184,24.64040184,24.64040184,24.64040184,0
3/9/2004,24.64040184,24.64040184,24.64040184,24.64040184,0
3/10/2004,24.64040184,24.64040184,24.64040184,24.64040184,0
3/11/2004,24.64040184,24.64040184,24.64040184,24.64040184,0
3/12/2004,24.64040184,24.64040184,24.64040184,24.64040184,0
3/15/2004,24.64040184,24.64040184,24.64040184,24.64040184,0
3/16/2004,24.64040184,24.64040184,24.64040184,24.64040184,0
3/17/2004,24.64040184,24.64040184,24.64040184,24.64040184,0
3/18/2004,24.64040184,24.64040184,24.64040184,24.64040184,0
3/19/2004,24.64040184,24.64040184,24.64040184,24.64040184,0
3/22/2004,24.64040184,24.64040184,24.64040184,24.64040184,0
3/23/2004,24.64040184,24.64040184,24.64040184,24.64040184,0
3/24/2004,24.64040184,24.64040184,24.64040184,24.64040184,0
3/25/2004,24.64040184,24.64040184,24.64040184,24.64040184,0
3/26/2004,24.64040184,24.64040184,24.64040184,24.64040184,0
3/29/2004,24.64040184,24.64040184,24.64040184,24.64040184,0
3/30/2004,24.64040184,24.64040184,24.64040184,24.64040184,0
3/31/2004,24.64040184,24.64040184,24.64040184,24.64040184,0
4/1/2004,24.64040184,24.64040184,24.64040184,24.64040184,0
4/2/2004,24.64040184,24.64040184,24.64040184,24.64040184,0
4/5/2004,24.64040184,24.64040184,24.64040184,24.64040184,0
4/6/2004,24.64040184,24.64040184,24.64040184,24.64040184,0
4/7/2004,24.64040184,24.64040184,24.64040184,24.64040184,0
4/8/2004,24.64040184,24.64040184,24.64040184,24.64040184,0
4/9/2004,24.64040184,24.64040184,24.64040184,24.64040184,0
4/12/2004,24.64040184,24.64040184,24.64040184,24.64040184,0
4/13/2004,24.64040184,24.64040184,24.64040184,24.64040184,0
4/14/2004,24.64040184,24.64040184,24.64040184,24.64040184,0
4/15/2004,24.64040184,24.64040184,24.64040184,24.64040184,0
4/16/2004,24.64040184,24.64040184,24.64040184,24.64040184,0
4/19/2004,24.64040184,24.64040184,24.64040184,24.64040184,0
4/20/2004,24.64040184,24.64040184,24.64040184,24.64040184,0
4/21/2004,24.64040184,24.64040184,24.64040184,24.64040184,0
4/22/2004,24.64040184,24.64040184,24.64040184,24.64040184,0
4/23/2004,24.64040184,24.64040184,24.64040184,24.64040184,0
4/26/2004,24.64040184,24.64040184,24.64040184,24.64040184,0
4/27/2004,24.64040184,24.64040184,24.64040184,24.64040184,0
4/28/2004,24.64040184,24.64040184,24.64040184,24.64040184,0
4/29/2004,24.64040184,24.64040184,24.64040184,24.64040184,0
4/30/2004,24.64040184,24.64040184,24.64040184,24.64040184,0
5/3/2004,24.64040184,24.64040184,24.64040184,24.64040184,0
5/4/2004,24.64040184,24.64040184,24.64040184,24.64040184,0
5/5/2004,24.64040184,24.64040184,24.64040184,24.64040184,0
5/6/2004,74.38658142,78.63105567,73.04664796,76.14374677,19760
5/7/2004,71.77893066,74.61927939,71.31356409,74.61927939,31344
5/10/2004,71.31355286,71.89125139,70.29455758,71.24936522,4904
5/11/2004,67.59864807,73.17503506,66.59570077,73.17503506,21032
5/12/2004,63.19368362,69.80511231,58.73257726,65.63285273,134928
5/13/2004,61.50873184,64.18860819,56.96738977,57.77776899,55456
5/14/2004,57.15195465,63.38627678,56.16505537,62.58391884,31144
5/17/2004,47.84457779,54.56031119,45.91089813,54.56031119,33968
5/18/2004,51.37496185,52.95560748,48.14146135,51.51136364,29128
5/19/2004,54.91337967,56.80694246,52.71491694,54.23939704,39960
5/20/2004,53.60549927,55.36266404,52.95559169,55.36266404,32104
5/21/2004,51.85637283,52.95560377,50.72505053,52.16929427,31176
5/24/2004,57.50495911,57.76171447,51.83229099,51.83229099,54792
5/25/2004,55.20221329,56.32551414,53.27655468,56.32551414,32648
5/26/2004,55.66756058,57.76973814,55.20219422,56.96738066,18416
5/27/2004,55.83604813,57.36052704,55.49103056,56.16501267,14072
5/28/2004,53.37281418,56.1650169,52.95558736,56.1650169,17040
5/31/2004,50.84540558,52.13719944,49.87454988,50.78923956,11976
6/1/2004,51.42312622,54.39987244,50.95775466,52.93155828,29320
6/2/2004,51.3508873,52.71489524,51.20646391,52.71489524,4560
6/3/2004,50.50037384,53.50118741,50.25966663,52.63464244,13808
6/4/2004,50.36399078,52.15324737,49.58570288,52.14522575,23944
6/7/2004,50.85342789,51.35089062,50.22758989,51.35089062,9608
6/8/2004,49.73013306,50.85343392,49.17650914,50.32387976,10272
6/9/2004,51.30276871,52.13721803,49.66595655,49.74619234,31424
6/10/2004,55.99653625,58.57210207,51.35088401,52.15324157,54480
6/11/2004,60.08856964,65.47238781,58.58013326,58.58013326,1495680
6/14/2004,55.42689133,60.17685181,55.04176045,59.94416602,295448
6/15/2004,55.72373962,57.28833706,55.01766586,56.4859794,172688
6/16/2004,55.14605331,56.38970797,54.88127621,56.16504875,62312
6/17/2004,55.30651855,55.79595972,54.9615057,54.9615057,30208
6/18/2004,57.11182785,59.85589254,55.43490297,55.43490297,91440
6/21/2004,56.5020256,59.0535219,55.7157161,57.76974969,49328
6/22/2004,55.18616104,56.64645302,54.8812661,56.48598148,20064
6/23/2004,54.11101532,56.16504946,53.16422914,55.76387053,22912
6/24/2004,55.0096283,55.52313906,53.45305768,54.55228844,21592
6/25/2004,55.0096283,56.16502506,54.56031005,54.56031005,60280
6/28/2004,57.67347336,58.57211501,55.97247397,55.97247397,100536
6/29/2004,57.28030777,58.71652485,56.56620759,58.57210147,47952
6/30/2004,56.00457001,57.93022857,55.84409846,57.12787084,20576
7/1/2004,56.71064758,57.10380486,56.1810934,56.79890988,15168
7/2/2004,58.69245529,59.69540224,57.44880108,57.44880108,123232
7/5/2004,56.72668457,58.81281441,56.32550575,58.4116356,22040
7/6/2004,57.2642746,57.76975901,56.57424398,56.57424398,39312
7/7/2004,56.55820465,58.25117769,56.16504736,57.769763,39640
7/8/2004,54.19926834,57.79383024,53.74994994,56.16504491,80424
7/9/2004,54.96147156,55.36265018,50.1072102,50.56455481,29280
7/12/2004,56.03665543,56.62237548,54.56031552,55.3626731,22272
7/13/2004,56.70259857,57.93020442,56.48596109,56.97539715,48160
7/14/2004,58.16288757,59.37444524,57.04760887,57.76170889,74376
7/15/2004,58.34743881,59.02141618,58.13080131,58.89304094,36024
7/16/2004,60.32124329,61.30012054,59.39051043,60.16077177,167704
7/19/2004,61.24394226,62.39131242,60.17680785,61.13963677,174480
7/20/2004,62.38328552,63.06528929,60.83473678,61.62104602,157816
7/21/2004,61.82967377,64.03615713,61.30011972,64.03615713,129968
7/22/2004,61.50873184,62.58389299,61.30814244,62.58389299,64272
7/23/2004,62.17472458,62.58392521,61.47667213,62.58392521,42576
7/26/2004,62.22284698,62.50367221,61.70131442,62.26296487,29512
7/27/2004,62.22284698,62.22284698,62.22284698,62.22284698,0
7/28/2004,64.87062073,66.11427518,63.54673051,64.50955976,182768
7/29/2004,64.35710907,65.44831848,63.54672975,65.15144515,93344
7/30/2004,64.27688599,65.63287272,64.18862858,65.63287272,73272
8/2/2004,64.2046814,64.67004801,64.02816168,64.06827957,99528
8/3/2004,64.12444305,64.62992754,63.89175731,64.34910228,25104
8/4/2004,64.15649414,64.30092239,60.97916087,60.97916087,43656
8/5/2004,63.45042801,64.63791609,63.0652974,64.02812637,44048
8/6/2004,62.62402725,64.12443734,62.58390936,63.08137218,32392
8/9/2004,63.20970917,63.38622876,61.18776773,62.59189305,19040
8/10/2004,64.95884705,65.07117903,63.14552145,64.97489517,50656
8/11/2004,68.23249054,69.96558095,64.50954941,65.19155335,271960
8/12/2004,68.23249054,68.23249054,68.23249054,68.23249054,0
8/13/2004,68.60159302,71.73078849,67.3980563,70.60748755,119976
8/16/2004,65.72915649,68.08808565,65.33599919,67.23758828,39776
8/17/2004,65.73717499,67.9516855,65.47239789,66.7561704,74976
8/18/2004,65.75322723,67.06106958,65.47240198,66.35499563,21432
8/19/2004,66.79626465,66.99685403,66.1944965,66.43520376,19856
8/20/2004,65.92973328,66.90058414,65.72914385,65.95380303,22184
8/23/2004,68.68986511,70.44703106,62.65613699,62.65613699,108624
8/24/2004,73.92926025,74.73963979,69.64466703,70.57540025,455456
8/25/2004,79.26894379,96.17863037,78.55083254,96.17863037,136928
8/26/2004,78.55084229,79.99508658,78.25396887,79.59390761,40443200
8/27/2004,77.23979187,78.82365065,76.91082705,78.82365065,30646000
8/30/2004,79.17344666,79.43340976,77.42751557,77.82067279,24465208
8/31/2004,79.28096771,79.43341764,78.31011679,79.15259243,21194656
9/1/2004,79.26491547,79.83458745,78.91989775,79.43340862,19935544
9/2/2004,79.72711182,80.60489176,79.11250767,79.42542929,21356352
9/3/2004,80.06410217,88.25938877,79.46233361,80.71722283,9869856
9/6/2004,79.82337952,83.43720275,79.6661205,83.43720275,9038672
9/7/2004,79.88270569,83.043996,79.8345662,83.043996,5772232
9/8/2004,79.73025513,80.29992692,79.52163927,79.91479635,6593984
9/9/2004,78.62783813,80.06726788,78.50748449,79.99505374,7947184
9/10/2004,79.3371048,79.43338867,78.31008823,79.43338867,6415072
9/13/2004,80.51660919,81.4794386,79.51366189,79.51366189,20904912
9/14/2004,81.49227905,81.7442206,80.47328845,80.6369677,15335472
9/15/2004,80.72519684,81.84047587,80.33204455,81.68000435,11988288
9/16/2004,80.91456604,81.43930621,80.43635909,80.79742005,7358224
9/17/2004,82.20152283,82.63479782,81.06217424,81.19857599,14627896
9/20/2004,82.07318115,83.19648207,81.853331,82.83542106,8552224
9/21/2004,83.91059113,84.12722384,82.00097545,82.23044863,13897080
9/22/2004,84.41286469,84.72898898,83.21253068,84.11919897,15371584
9/23/2004,82.66371155,84.16732921,82.40214213,84.08709343,15819680
9/24/2004,82.54658508,83.44522202,82.32192095,82.57064994,8083208
9/27/2004,81.90146637,82.84343354,81.43930755,82.44225468,8229512
9/28/2004,81.48423767,82.43423133,81.23871641,81.51954161,6339416
9/29/2004,82.7230835,82.88355505,81.53238245,81.78111629,11737176
9/30/2004,82.41017151,83.51742924,81.89345287,83.09217567,12521432
10/1/2004,84.0630188,84.76588498,82.35079008,82.5626137,10968888
10/4/2004,86.37381744,86.73487845,84.60541771,84.80921973,15129824
10/5/2004,86.71077728,87.37673797,86.29355527,86.67869082,14341288
10/6/2004,86.7829895,88.48399336,86.25825433,86.73485001,17670664
10/7/2004,88.02666473,88.25935043,86.89534229,86.89534229,10080128
10/8/2004,88.10367584,89.14192179,87.85814974,88.098857,8558920
10/11/2004,87.40080261,89.18203227,87.05578498,88.25932118,9332056
10/12/2004,87.0124588,89.46286175,86.46686157,89.061683,15600512
10/14/2004,89.55911255,90.18495512,87.30128786,88.50000489,19225984
10/15/2004,90.34547424,91.54901076,89.64421442,90.00045653,17799744
10/18/2004,91.24893188,91.62924865,90.28610265,90.98736249,13693344
10/19/2004,91.72554779,92.16684462,91.15587566,91.48163766,11767128
10/20/2004,90.92797089,92.263095,90.58616579,91.85389462,7206832
10/21/2004,90.31019592,91.38856018,90.02455182,91.2489507,6413520
10/22/2004,90.31019592,90.31019592,90.31019592,90.31019592,0
10/25/2004,89.65223694,90.42571092,89.12268283,90.26523938,9390272
10/26/2004,91.24410248,91.54578972,89.51101202,89.51101202,6932760
10/27/2004,91.46079254,92.11070058,91.0836784,91.65014786,7837656
10/28/2004,93.79854584,94.50970867,92.11236971,92.11236971,18591416
10/29/2004,93.01822662,93.95945844,92.12526134,93.95945844,8661776
11/1/2004,94.176651,94.48234554,91.89516161,92.51460329,6137568
11/2/2004,93.29495239,94.90873379,90.50342835,90.90566581,8864040
11/3/2004,94.54190063,95.24984258,93.39955003,93.39955003,8978136
11/4/2004,94.15571594,95.56354659,93.93850189,95.06959798,6555808
11/5/2004,93.75829315,94.92800236,93.31905316,94.44209656,5023848
11/8/2004,95.26268005,95.64400028,92.99727652,93.72130376,10291728
11/9/2004,95.60379791,96.36804906,94.68669457,95.49116946,7338712
11/10/2004,96.08325195,96.45652944,95.7405449,95.8129496,5734392
11/11/2004,96.23616791,96.81056448,95.82105588,96.45659337,5235128
11/12/2004,96.27632141,97.18055025,95.74858126,96.85876035,1813408
11/15/2004,96.27632141,96.27632141,96.27632141,96.27632141,0
11/16/2004,95.80495453,96.37612996,95.24986467,96.37612996,4005504
11/17/2004,96.97137451,97.3333881,95.8531528,95.8531528,5467936
11/18/2004,99.03089905,99.31729694,97.05993477,97.29805629,7472128
11/19/2004,97.91268921,99.51359706,97.43000402,99.19180693,6812760
11/22/2004,98.34382629,98.62861352,96.13474157,97.16447327,4738272
11/23/2004,99.39770508,99.9157822,98.48060173,98.99867885,4312792
11/24/2004,99.26416779,100.157133,98.96329493,99.67444805,3223304
11/25/2004,97.89337158,100.0767185,97.23370582,99.2722433,6310872
11/26/2004,97.89337158,97.89337158,97.89337158,97.89337158,0
11/29/2004,100.0685959,100.3742903,96.98424307,97.82410982,5281488
11/30/2004,102.5432281,103.4555002,100.1571522,100.4113691,10508144
12/1/2004,101.4893036,103.0531975,101.1224585,103.0531975,8481864
12/2/2004,99.96408081,102.7314773,99.68251451,101.7661071,9657704
12/3/2004,99.49427032,101.034037,98.27147201,100.4998643,9777216
12/6/2004,97.70832825,100.5593832,97.22081164,99.7549081,11473872
12/7/2004,98.00593567,99.18368781,97.74367613,97.8241236,7863224
12/8/2004,96.60133362,98.67687262,96.22001337,97.98502628,7329408
12/9/2004,97.45891571,97.90459796,96.92796423,96.93600701,3801224
12/10/2004,98.6013031,99.39290389,97.66328233,98.14596742,6216808
12/13/2004,99.44593811,99.88839915,98.5690588,98.62858914,4996232
12/14/2004,99.20459747,100.1329545,98.9745189,99.91575031,3083504
12/15/2004,100.1973419,100.9422864,99.59398579,100.0766707,5772672
12/16/2004,101.5778351,101.7660795,99.59399714,100.4354748,4350464
12/17/2004,101.0822678,102.5544607,100.7282969,101.363834,5509752
12/20/2004,101.5697708,102.0476241,101.0822544,101.3638206,2268424
12/21/2004,102.3855286,102.7314567,101.6180661,101.7628657,3458512
12/22/2004,99.76774597,102.5785761,98.95039685,102.5785761,6001712
12/23/2004,98.77826691,100.3743426,98.54818823,100.3743426,3948912
12/24/2004,102.0042267,102.3292378,98.27146989,99.1885637,6661856
12/27/2004,102.2133713,103.3750284,101.5408216,102.168316,4400504
12/28/2004,105.3347473,105.7080249,101.8626301,102.3292296,9614448
12/29/2004,106.211647,107.550295,105.6404716,105.9461663,6633224
12/30/2004,104.3130264,106.8342476,103.9268746,106.0297728,5626792
12/31/2004,107.4343948,107.7030965,104.3130383,104.5817302,4899312
1/3/2005,108.8663254,109.1430599,107.4343567,107.4343567,4734168
1/4/2005,107.9010086,108.9259089,107.2493859,108.6041189,4979104
1/5/2005,106.5929031,107.8157008,102.996905,107.8157008,9604320
1/6/2005,106.2277069,108.2823393,103.9783979,106.1907042,8006888
1/7/2005,107.7964325,108.2018911,105.6002216,106.9951785,7623136
1/10/2005,106.7908401,109.3603385,106.3515999,108.4963331,7521568
1/11/2005,105.6886902,107.4215322,104.6621795,106.9951566,7986376
1/12/2005,104.4256744,110.0489462,103.5117823,106.6701516,20720032
1/13/2005,104.0105667,107.695056,102.5705546,105.3862169,27757952
1/14/2005,104.2921448,106.0217661,102.7314613,104.9598532,15757776
1/17/2005,101.6261292,105.3540643,99.77100473,105.3540643,13651184
1/18/2005,101.6743698,103.2945835,101.1627249,102.5464179,6183264
1/19/2005,100.9937744,102.4659575,100.6478463,101.8465158,3538488
1/20/2005,100.0525665,100.9616273,98.95043954,100.9616273,4536200
1/24/2005,98.19902802,100.3469719,97.77265242,100.0525314,3628192
1/25/2005,99.38964081,99.74683273,97.10815145,97.72760294,4465928
1/27/2005,99.79995728,100.8650814,99.37680263,100.0171616,5455344
1/28/2005,103.7128754,104.1633891,99.95598241,99.98494232,8393816
1/31/2005,104.6138763,105.5309793,103.7981379,104.4208005,5853384
2/1/2005,105.8093643,106.1906846,103.5359175,105.1448673,8019840
2/2/2005,105.3025208,106.4690091,104.823057,106.1102165,4870456
2/3/2005,105.7574387,106.0526685,105.0234061,105.8300375,3327616
2/4/2005,105.3832092,106.6367181,104.9073044,105.66876,2684040
2/7/2005,105.9720459,107.3384753,104.9427831,105.8784739,5944216
2/8/2005,106.1527634,106.7174057,105.5074578,105.9720786,3284432
2/9/2005,107.5078354,108.3789914,106.536648,106.5560064,5537936
2/10/2005,107.4965744,108.3709603,106.7173655,107.2820076,4376648
2/11/2005,111.4571762,111.8798506,107.927354,107.927354,10367096
2/14/2005,113.7076721,114.3804003,112.2073388,112.2073388,8875264
2/15/2005,111.4248734,114.1383835,110.8311936,113.7350677,3976720
2/16/2005,110.3600922,112.8477408,109.7825413,112.8477408,3126832
2/17/2005,111.46521,111.7991567,108.9436784,110.3601284,4124976
2/18/2005,110.9118729,112.2831469,109.2986093,111.3151888,2545144
2/21/2005,110.1503754,110.9763652,108.5000006,110.5891782,1777152
2/22/2005,109.9810104,110.5053211,108.9759504,110.081032,2139040
2/23/2005,110.9085999,111.4845359,109.3114754,109.9809736,5166816
2/24/2005,110.3439713,112.597705,109.7986875,110.9086134,10806440
2/25/2005,110.0294266,111.2345298,109.1501959,111.0570747,5070896
2/28/2005,111.3878021,111.7185192,108.0886757,111.2345401,6402408
3/1/2005,109.4970245,116.1549658,108.9759436,111.3958387,4958152
3/2/2005,110.3472748,110.9119173,109.8310283,110.9119173,2658112
3/3/2005,112.0863571,112.5251602,110.0246011,110.5085803,2891160
3/4/2005,112.3041382,113.2107917,111.476533,112.4444914,4017872
3/7/2005,112.9445648,113.5737415,112.4444571,112.5251203,3658032
3/8/2005,114.0544662,114.6142736,112.5541336,113.2510644,5027680
3/9/2005,113.5334015,115.0660016,112.5299565,113.6543962,5422088
3/10/2005,112.8929596,113.7350784,112.1427881,113.7350784,2302280
3/11/2005,115.1434784,115.7436177,113.3317862,113.4124494,5205744
3/14/2005,117.1116486,117.7682481,114.5417207,115.1870262,6534032
3/15/2005,116.3695297,117.9295526,115.3483313,117.0422578,4146480
3/16/2005,117.127739,118.3812376,116.1549366,116.1549366,5473416
3/17/2005,117.8456955,118.8733438,116.1549981,116.8003037,6805328
3/18/2005,118.4700012,118.7765252,114.9450244,117.6875724,6123464
3/21/2005,117.4826965,118.9781951,116.5260324,118.587788,4354120
3/22/2005,116.442131,117.5343037,116.1630298,117.3487843,2684432
3/23/2005,114.6433258,116.800258,114.0060849,116.1549527,3439416
3/24/2005,111.6668015,115.9935726,111.1263625,115.3482676,5954576
3/28/2005,112.3154221,113.6431349,111.6378493,112.2024916,3699728
3/29/2005,110.5811844,112.7671552,109.8794086,112.5251656,3053400
3/30/2005,112.1669617,112.9284171,109.7018909,110.59725,4115256
3/31/2005,115.5144653,116.566306,112.707384,113.2913844,6914640
4/1/2005,117.039032,117.5262407,114.0577243,115.5903246,5562672
4/4/2005,115.1676636,117.5101255,114.8079089,117.1229383,5257360
4/5/2005,114.9820328,116.3565353,114.2270273,115.2675833,3367832
4/6/2005,116.2647018,116.8003066,115.1063795,115.1063795,1953408
4/7/2005,114.9611588,116.9616095,114.7030405,116.2356409,2483216
4/8/2005,112.4089661,115.7435786,112.126645,115.4047874,4052280
4/11/2005,109.9922638,112.9284043,109.7099428,112.6864148,2822992
4/12/2005,111.4765015,112.8477754,110.1052276,112.8477754,4112696
4/13/2005,113.0574875,113.4930705,111.763657,112.4444494,4638600
4/15/2005,106.3947372,112.5251391,106.0720845,112.5251391,9862480
4/18/2005,106.3673248,108.7904404,104.1361782,104.8621469,6024304
4/19/2005,97.49755096,108.8065311,95.0292604,107.2819955,27235152
4/20/2005,90.03617859,96.79575258,88.18900085,96.79575258,47498256
4/21/2005,92.14959717,92.6013089,89.53610878,90.7460562,13252336
4/22/2005,94.11459351,94.50984514,91.97701876,93.5693095,12958672
4/25/2005,93.32404327,94.20650333,92.60130454,93.95644952,6880584
4/26/2005,91.68979645,93.87577564,91.48007423,93.32726229,5539000
4/27/2005,89.99268341,92.04474992,89.61679025,92.04474992,6537368
4/28/2005,89.92334747,91.14942429,88.50044731,89.94754053,8728872
4/29/2005,91.23809814,92.33511515,90.10559408,91.05257878,11065704
5/2/2005,91.06065369,95.02121333,90.18948752,92.76264459,5129600
5/3/2005,89.42316437,91.55267346,89.16181655,91.14935771,5503048
5/4/2005,90.41210175,90.70571681,89.25378003,89.25378003,4792144
5/5/2005,91.70272827,92.76264348,90.79124038,92.75941381,6495064
5/6/2005,94.17424011,94.51302145,91.32360677,91.95600319,8188664
5/9/2005,94.80016327,95.36480525,94.074195,94.37587436,4739040
5/10/2005,92.96427917,95.02118947,92.46094191,95.02118947,7075952
5/11/2005,92.69004822,92.97236932,91.79145931,92.6013207,3213288
5/12/2005,92.50128937,93.70639229,92.21090395,93.48860569,3608944
5/13/2005,92.64972687,92.84332047,91.96893435,92.68199411,2388752
5/16/2005,93.10948944,93.48053801,92.13830184,92.35931811,5775200
5/17/2005,92.8077774,93.94834542,92.31088976,93.65796012,4666576
5/18/2005,92.17378998,93.08528763,90.58472965,93.08528763,4588224
5/19/2005,93.77095032,94.53725056,93.02077878,93.04175199,3659448
5/20/2005,94.34850311,94.75503887,92.53680129,93.97260992,3265616
5/23/2005,98.71560669,99.61096605,94.37592353,94.37592353,10362016
5/24/2005,99.60778046,100.4015038,97.22015117,100.4015038,6128856
5/25/2005,101.6807785,102.3938382,98.00575946,99.19150421,7894472
5/26/2005,104.0603561,104.5394907,100.9225562,101.4742896,9782096
5/27/2005,102.3776321,104.7813972,101.2531929,103.4907872,7363480
5/30/2005,106.4027634,107.5288277,101.9582256,102.3776701,17893184
5/31/2005,107.6256714,108.3226025,105.3106417,106.4754135,10365568
6/1/2005,105.2251205,107.2820317,104.6653228,107.2820317,7530088
6/2/2005,102.3260956,105.5881101,102.0469943,105.5074469,11076624
6/3/2005,104.3103714,104.5959123,101.721086,102.3260597,6548528
6/6/2005,103.281105,104.9992243,102.4664091,104.4587851,5792512
6/7/2005,103.0600739,103.9586624,102.3663728,103.9586624,3698192
6/8/2005,104.2248383,104.5394265,102.9342281,103.2488163,4832512
6/9/2005,103.031105,104.7814925,102.5519605,104.3781765,3598336
6/10/2005,102.1325073,104.8621469,101.7243469,103.2488831,6642624
6/13/2005,102.576149,103.4908668,101.6517422,102.8455613,2590032
6/14/2005,102.124382,103.2407571,101.6516873,103.0068321,3452384
6/15/2005,102.6164856,103.0794915,102.1438005,102.422892,2791072
6/16/2005,103.0633621,103.8861326,102.0276494,103.0714363,4593552
6/17/2005,102.253479,103.7699407,101.8856502,103.4666464,3067992
6/20/2005,104.531395,105.0202086,102.46642,102.8455329,6412672
6/21/2005,105.2735138,105.8623589,103.5150624,104.8621335,10463544
6/22/2005,107.5530777,108.0080193,105.5881234,105.5881234,11537376
6/23/2005,105.4590225,107.907955,105.265429,107.2820081,3676944
6/24/2005,106.9399643,107.9514832,104.4587653,104.862081,6021320
6/27/2005,106.1898651,107.5240375,105.5074576,106.4512131,3548128
6/28/2005,106.7625275,107.1206671,105.9962275,106.3140356,5776112
6/29/2005,107.488533,109.5373699,106.649634,106.8787146,6446640
6/30/2005,109.5485992,110.1051768,107.9918067,107.9918067,7189000
7/1/2005,109.0888977,109.4357435,108.1177098,108.8953041,4820568
7/4/2005,109.6260986,110.661811,107.3626852,109.6051254,3951648
7/5/2005,106.4915543,110.4892272,105.8785159,110.4892272,5187376
7/6/2005,107.1311569,107.9003701,106.5692312,107.3659714,3057216
7/7/2005,106.0429306,108.499552,105.5247218,107.1311602,3488888
7/8/2005,106.1595383,107.6412901,104.7393342,106.1190534,6088000
7/11/2005,107.3708267,107.689843,106.1595117,106.1595117,3791264
7/12/2005,104.1191559,106.9611963,103.0179676,106.7668666,6150600
7/13/2005,102.8932114,105.2607682,102.588764,104.0462208,6469840
7/14/2005,99.18802643,104.26483,98.48844602,103.5328696,8860408
7/15/2005,101.0875931,102.1758328,98.3832086,99.67386298,9341720
7/18/2005,107.0583191,119.754394,101.3742402,101.3742402,14475608
7/19/2005,106.8121796,109.9570455,102.0220009,109.179737,4677744
7/20/2005,105.9295425,108.094674,105.6785382,108.094674,3494304
7/21/2005,104.4753723,106.9611421,103.6413791,106.9611421,4198984
7/22/2005,104.7717056,105.0874899,102.8640618,104.0462192,5179296
7/25/2005,103.9944153,105.4518723,103.2527288,104.9854853,5433024
7/26/2005,102.4479065,104.6130394,102.0220043,104.1158833,5229680
7/27/2005,104.0056915,104.2890858,102.4267807,102.4267807,2597408
7/28/2005,208.0113831,208.0113831,208.0113831,208.0113831,0
7/29/2005,102.7345276,104.4510841,102.1839288,103.2365366,8358552
8/1/2005,101.3904037,103.2365196,100.6179584,102.588761,5430792
8/2/2005,104.4753723,105.098836,101.8600429,104.6130171,4821520
8/3/2005,105.3223114,105.8599522,103.8842865,105.058349,7274320
8/4/2005,104.8769913,106.8639942,104.2891495,105.6656367,6346936
8/5/2005,104.0786285,105.9085448,103.41467,105.2607862,3162848
8/8/2005,103.8891525,104.4510784,102.6098253,104.4510784,4109360
8/9/2005,103.9976425,104.2081621,102.3458562,103.2365242,4743752
8/10/2005,106.3182449,106.6097343,104.0996697,104.0996697,6958080
8/11/2005,106.302063,107.6089174,105.795191,106.6097523,3645312
8/12/2005,103.8729401,107.5603088,103.2850984,107.5603088,3821832
8/16/2005,102.7555695,104.4510728,102.4268272,104.4510728,3653408
8/17/2005,105.192749,105.4227005,102.127233,103.6413646,5637488
8/18/2005,106.6162338,107.5333144,105.9345211,106.0724844,7813656
8/19/2005,107.5625687,108.101454,106.4052655,106.7217808,4966272
8/22/2005,106.9538956,109.4324412,101.0407793,107.5333595,4492016
8/23/2005,106.8078384,107.9927326,106.5594924,107.6956942,4686416
8/24/2005,105.1554184,106.9652286,104.2058828,106.8077883,4036760
8/25/2005,107.4245453,107.9390792,105.5043631,105.9101491,6341224
8/26/2005,110.7601395,111.1854025,107.5333273,107.8141281,8198664
8/29/2005,109.997261,111.8346619,107.9391149,111.1854041,4081336
8/30/2005,112.3507996,112.8896847,110.0215915,110.0215915,5807592
8/31/2005,114.0145187,114.8666695,111.9969517,112.0618814,7408896
9/1/2005,115.5890121,116.3794829,114.3505519,114.4203459,7600184
9/2/2005,115.8275833,116.8663997,114.8423434,116.0548275,4920864
9/5/2005,114.452774,119.0495199,114.1362589,116.8663888,7254784
9/6/2005,113.4951782,115.235195,112.6462765,114.8375225,5023440
9/8/2005,114.1152267,114.8375284,113.2354848,113.6201694,2878192
9/9/2005,112.9675751,114.756283,109.6433793,109.6433793,3741776
9/12/2005,116.071022,132.9354919,114.1476004,115.9736374,6631072
9/13/2005,115.4380341,116.1359842,114.4803749,116.1359842,2244984
9/14/2005,113.6331253,115.8113829,112.5650932,115.2432822,3890080
9/15/2005,117.6698837,118.0643067,113.78245,113.78245,11040736
9/16/2005,118.2948074,119.9260662,116.5580403,118.0643236,5480184
9/19/2005,118.0155334,120.1126323,117.1098165,119.9259668,2877448
9/20/2005,119.3384781,120.1127214,115.2432867,118.0837903,6293424
9/21/2005,117.975029,119.7880788,113.620129,119.6257644,6215320
9/22/2005,113.7386169,120.6808101,113.3766588,119.7880805,6482408
9/23/2005,114.6313477,116.0386213,113.6493471,113.6493471,3815824
9/26/2005,118.9684219,119.5446365,114.9186729,115.243302,2290048
9/27/2005,118.6762466,120.1938832,117.3777307,119.7069397,6404008
9/28/2005,119.2605438,119.6987948,117.4345062,118.8141791,5900064
9/29/2005,119.5332413,121.2813712,118.8953466,120.1127051,8421888
9/30/2005,120.3042603,121.0703898,118.835316,120.1127303,4982976
10/3/2005,121.5654221,122.1335227,118.1162396,118.1162396,4472520
10/4/2005,120.9047928,121.8981565,120.3805203,121.7196145,6350472
10/5/2005,119.3011398,120.8431274,118.8953536,120.4373412,6577720
10/6/2005,115.6214676,118.9002218,115.0127883,118.9002218,8233792
10/7/2005,117.2560425,118.0026855,114.8537791,115.6491244,6206624
10/10/2005,117.5562668,119.7069337,117.1342531,117.6617752,5371728
10/11/2005,119.1193237,119.6906737,115.4055685,118.4895429,11565120
10/13/2005,116.971962,120.5185302,116.0840964,119.3011714,13605792
10/14/2005,115.5727615,117.8402896,114.8374723,117.6779752,5226192
10/17/2005,116.3924484,117.0287183,115.5597745,116.0548316,4388816
10/18/2005,117.1894989,119.1283508,116.3876121,117.2740826,10941600
10/19/2005,113.9884567,118.7379778,111.5941834,118.7347216,10058832
10/20/2005,115.1888199,116.7047631,113.1312436,115.0863466,6352952
10/21/2005,116.1565628,116.8511013,114.5901978,116.2167442,5923416
10/24/2005,114.468277,117.4367261,113.9445335,116.4770591,3149632
10/25/2005,117.1114044,118.0060054,114.5495924,115.3514791,5420312
10/26/2005,115.6685791,117.5179613,115.411582,117.1113248,4142808
10/27/2005,113.9640656,116.2086993,113.0450622,115.7288658,6771944
10/28/2005,110.7808838,114.5902547,110.1985771,114.5902547,4501496
10/31/2005,113.960701,114.5088462,110.6344122,111.0117721,2851968
11/2/2005,116.2167206,116.7860117,112.9148339,113.9639582,2852888
11/4/2005,116.2167206,116.2167206,116.2167206,116.2167206,0
11/7/2005,119.1250839,119.3641816,114.5089414,114.5089414,4188480
11/8/2005,120.1205139,120.7109514,119.5837553,119.8765318,5782184
11/9/2005,118.4777069,120.6133643,117.9458228,120.1205157,5000792
11/10/2005,119.5316925,120.112371,118.4939547,118.4939547,3095696
11/11/2005,120.5808487,121.0151341,119.1446045,119.1446045,5919888
11/14/2005,122.8286896,123.1832756,121.1777405,121.1777405,8040360
11/16/2005,122.9425812,123.3736202,122.1748556,122.9068019,6742576
11/17/2005,122.6139755,123.4548974,121.377794,121.9910053,4878464
11/18/2005,124.1836243,124.51219,122.9669701,122.9669701,8707720
11/21/2005,123.5085907,125.138384,122.4789837,124.3820456,6597336
11/22/2005,121.9796677,124.0079774,121.0151262,123.1296379,4751000
11/23/2005,123.3459625,123.7802479,121.9097185,121.9910459,6054776
11/24/2005,123.9640274,124.6910891,123.2922627,123.2922627,4544088
11/25/2005,124.7317963,125.2441627,122.833618,123.9640706,3344264
11/28/2005,125.8671188,126.0574221,124.9188389,125.1465595,2535248
11/29/2005,125.6800842,126.0574445,123.6631711,125.6345461,3303424
11/30/2005,123.7070541,126.2607354,123.2109592,124.5935244,4023376
12/1/2005,126.0655136,126.4363711,123.5167174,123.6175625,4161968
12/2/2005,126.0574188,128.0418086,125.3303569,126.4364071,4784360
12/5/2005,124.5414658,126.3908491,124.1266982,126.2200637,1913080
12/6/2005,126.3826675,127.6839048,124.1299045,124.8374483,3233064
12/7/2005,129.7626648,130.1237534,126.8950618,127.0333143,5618952
12/8/2005,131.4705505,132.1325465,129.4942919,129.717128,9585192
12/9/2005,136.8495636,137.8173613,131.0427972,131.5876867,6194224
12/12/2005,134.2064514,138.6631962,133.5395708,134.2194666,6191488
12/13/2005,135.6214447,136.4672509,133.7834491,134.3527404,6027072
12/14/2005,136.9470978,138.2564659,133.3768259,135.0033725,4819208
12/15/2005,136.857666,138.1345014,135.6865502,137.4350882,4249016
12/16/2005,139.4276886,140.3710844,136.8740064,137.4432982,7907432
12/19/2005,141.0671844,142.5668561,139.6390713,140.3710175,4701168
12/20/2005,137.7278748,142.3228703,137.199247,142.3228703,4628568
12/21/2005,137.1261139,139.4439446,135.8980723,138.6632036,3282432
12/22/2005,137.012146,138.2320559,136.5453279,137.4431848,2519208
12/23/2005,135.9598236,138.6631442,135.4100499,137.1992517,2455032
12/26/2005,135.2392578,136.1419894,134.699243,136.1419894,1625280
12/27/2005,138.106842,138.5004636,133.6208231,135.2278521,1565208
12/28/2005,137.0902863,139.0697915,136.35834,137.849881,2582056
12/29/2005,139.0747223,139.874981,136.7650224,137.4432901,3461784
12/30/2005,138.4891357,139.8749574,136.6299931,136.6299931,2380248
1/2/2006,137.2480469,139.1429783,136.740565,138.907127,1653504
1/3/2006,140.9565887,141.5063625,136.7926315,137.0577595,3396936
1/4/2006,141.7616882,142.3147181,140.0619448,141.5095755,3545616
1/5/2006,140.8882599,141.9975662,140.0375789,141.9162389,1431824
1/6/2006,138.7119141,141.5014459,137.6058642,141.1029399,2965744
1/9/2006,137.3586273,140.6963047,136.7112648,139.082773,3883272
1/10/2006,136.0200348,138.2402761,135.08477,137.4432639,3972648
1/12/2006,136.1175537,137.3618659,131.3436432,134.4340819,13919696
1/13/2006,134.3333435,137.4433024,133.7022421,136.6300284,3608568
1/16/2006,130.8362274,134.2714949,130.3320017,134.2714949,4804912
1/17/2006,132.026825,133.376857,130.9370365,131.0183638,3753056
1/18/2006,131.9584351,132.3039008,130.5358233,131.8476163,3165120
1/19/2006,134.4678955,134.8215069,132.3038472,132.3038472,3574728
1/20/2006,133.9497375,136.0567559,133.2164361,134.8459949,3294240
1/23/2006,132.1702118,133.2163854,131.2853629,133.2163854,2280272
1/24/2006,133.8356628,134.3571236,132.8416359,133.2164325,1890064
1/25/2006,134.5364075,135.2501552,133.9090311,134.3571599,6365736
1/27/2006,135.1848755,136.8828721,134.4874199,136.8828721,3003816
1/30/2006,135.1637878,136.8503776,134.6097337,135.6933946,1383144
1/31/2006,136.1007233,136.8503162,134.6308584,136.8503162,1503160
2/1/2006,135.7960052,136.7199622,134.4711734,134.9274478,3896696
2/2/2006,133.3630829,136.5570138,132.7813293,136.0681462,3135736
2/3/2006,132.8742218,134.2593467,131.3750258,133.615669,4357520
2/6/2006,136.806366,137.1273843,132.5124722,132.8009073,2894976
2/7/2006,136.4021912,137.9828649,133.9708927,136.8829129,7002784
2/8/2006,135.4570618,136.2392479,134.6308743,135.7422345,3332648
2/10/2006,136.0355988,136.7200156,134.0361364,136.0812312,2728200
2/13/2006,134.5200653,136.068146,134.2756315,136.0355528,2020544
2/14/2006,131.8769226,136.0681425,131.5053785,136.0681425,6962064
2/15/2006,131.9420319,134.267414,130.7720106,134.267414,4209320
2/16/2006,132.7405701,133.6074963,131.3424062,132.4016191,5284488
2/17/2006,132.4016266,134.9600354,131.994237,134.4385747,2923448
2/20/2006,134.4271698,134.8459675,132.5971788,133.5423207,2643608
2/21/2006,135.7421722,136.1495617,134.5281496,134.8459154,2301240
2/22/2006,135.4049225,136.0681541,134.5445206,136.0681541,1156592
2/23/2006,136.113739,137.689519,135.2533275,135.2533275,4141584
2/24/2006,136.0730133,136.882899,134.9518764,136.0893049,1097336
2/27/2006,137.7270355,138.1050943,135.7748275,135.8237122,2521112
2/28/2006,138.5776672,138.8383926,136.068143,138.1050913,2821744
3/1/2006,141.7878265,142.2115176,137.4743916,138.5124192,4506152
3/2/2006,141.9183197,142.9123469,140.171427,142.2116384,3277696
3/3/2006,138.981842,141.9346024,138.2974252,141.9346024,2124440
3/6/2006,142.1219025,142.8307562,139.3272066,139.816074,3631584
3/7/2006,140.5249634,142.5863587,140.1420211,141.7846188,1985168
3/8/2006,140.3506012,141.7715713,138.9198442,141.1197479,3813488
3/9/2006,140.5380402,140.7938821,137.6977203,140.1420586,4662712
3/10/2006,143.6993408,144.6232976,137.6976749,137.8606307,6434944
3/13/2006,148.9905396,150.5386202,144.525555,144.525555,7178552
3/14/2006,146.9177399,148.9172014,145.9351113,148.6890692,3477456
3/16/2006,149.5445862,149.9112368,147.1735805,148.0453904,4600064
3/17/2006,151.6304626,153.2192826,149.9194257,149.9194257,5932240
3/20/2006,155.4598694,156.0302148,151.9970578,152.6896201,7012872
3/21/2006,156.046524,157.659791,154.6988859,155.4598869,5301384
3/22/2006,154.2671356,156.43771,153.2763607,156.43771,5121168
3/23/2006,152.7058563,156.3560697,152.2218824,154.8079898,2644488
3/24/2006,154.1121979,155.2154119,152.2871007,153.7488096,2917384
3/27/2006,154.0715332,155.6228765,153.6315603,154.4007073,2928432
3/28/2006,153.7977142,155.7042995,153.259962,154.8080424,3751272
3/29/2006,154.6581421,155.0443467,152.1192871,153.0970222,4284296
3/30/2006,160.3567047,163.7706318,155.0443479,155.0443479,5784168
3/31/2006,156.0709534,159.5256191,155.6228248,159.5256191,2920168
4/3/2006,158.9438629,159.3708064,156.4376014,157.0079468,3105672
4/4/2006,158.7646179,159.6967205,158.0720556,158.9145345,2971608
4/5/2006,157.4203033,160.1172217,156.4376744,158.8901589,2776928
4/7/2006,153.9329834,162.7114141,152.7711074,158.7189959,7385560
4/10/2006,154.3273315,156.4343494,153.1784948,154.8080533,7034440
4/12/2006,145.0959167,154.808083,143.6456055,154.6614188,13157376
4/13/2006,146.4289246,149.0802105,144.2159805,147.0677089,8601672
4/17/2006,155.3425293,155.7042864,147.9035921,148.6971862,9688752
4/18/2006,163.7298431,170.1258584,161.1632892,161.1632892,14778488
4/19/2006,163.9954681,167.0297045,162.7928535,165.3186685,9803312
4/20/2006,162.1329498,164.9895611,160.9189266,164.577288,6296944
4/21/2006,162.8792877,165.396948,160.1041444,162.9558722,4973000
4/24/2006,161.2660065,162.9281582,160.1041304,162.7929021,5234808
4/25/2006,157.0047455,161.3181933,154.7266252,161.3181933,5702208
4/26/2006,158.2594757,159.3708359,155.622851,157.0894538,7071136
4/27/2006,158.5446777,163.2003288,157.2524387,158.2595049,7164848
4/28/2006,161.1682281,162.2225477,149.1339327,155.3784021,5292360
5/2/2006,164.0280914,164.9439025,161.3262808,161.6521925,6239280
5/3/2006,165.5273132,166.2068364,164.1829273,164.9113353,3148160
5/4/2006,166.5164337,167.6734163,164.6913361,165.2372343,3929824
5/5/2006,163.4985352,167.4371762,162.5484995,167.4371762,2710520
5/8/2006,164.5413818,170.4517928,163.770604,164.666861,1484712
5/9/2006,164.9813843,166.5734661,163.3632339,165.5631378,1800392
5/10/2006,164.7239685,166.7853646,163.1433042,166.5735239,1978192
5/11/2006,164.4794464,165.3431202,163.3957962,165.3431202,1964024
5/12/2006,162.6429749,164.9813873,160.5359569,163.8521045,2777136
5/15/2006,159.7700806,163.0373437,156.4376311,161.3263071,4034504
5/16/2006,160.8944397,162.5484454,156.42131,159.693456,2671568
5/17/2006,164.3051605,164.5854399,162.1411016,162.5484914,1343368
5/18/2006,156.8988495,162.9477724,154.8081223,162.1411386,4542360
5/19/2006,154.1855927,159.6804701,150.8564052,158.8819823,4868216
5/22/2006,145.0714874,156.4376613,142.0975423,156.4376613,4699416
5/23/2006,149.1208954,152.6896325,138.5939514,146.660266,5388136
5/24/2006,145.899231,153.1784643,143.4011156,152.3636853,5705568
5/25/2006,152.9308014,154.6776933,142.1789777,145.030705,5839048
5/26/2006,152.0671387,154.8080573,150.0008597,153.993278,2208184
5/29/2006,150.7798462,151.9563831,149.9438816,151.9563831,2802688
5/30/2006,151.5782623,154.4088045,149.5119835,151.9563211,4516056
5/31/2006,145.2670288,150.0090412,140.9568436,150.0090412,5769856
6/1/2006,139.2751007,148.6972089,137.6976893,148.6972089,5942760
6/2/2006,146.171402,146.6602695,137.5347417,139.7264999,4213560
6/5/2006,144.02034,147.0187308,142.9334275,146.1713586,3211680
6/6/2006,142.4967499,145.6662433,137.6976979,142.1626924,2971136
6/7/2006,138.8351288,146.6602723,137.9633189,146.6602723,5410536
6/8/2006,134.2674866,140.5494332,131.2772405,140.5494332,5360992
6/9/2006,136.1626892,137.8606868,132.4016644,136.4315605,4061912
6/12/2006,133.5227051,138.4309323,132.075657,138.4309323,3591904
6/13/2006,127.9496994,132.7601603,127.1870671,132.0757436,2736984
6/14/2006,120.8855362,132.3983606,118.2456495,127.2652515,12786016
6/15/2006,126.3364258,129.2239989,122.2983747,129.2239989,5967360
6/16/2006,137.6899109,140.1413633,129.1425154,129.6001179,8390168
6/19/2006,136.3301697,137.6899098,133.7071176,137.2813344,4294088
6/20/2006,131.3455658,137.9350718,130.7441439,137.9350718,3687920
6/21/2006,134.1189423,134.5847141,130.3355307,132.3784074,5963496
6/22/2006,137.016571,138.0984778,134.8298748,134.8298748,3668104
6/23/2006,138.495636,138.9156527,132.787021,134.8298983,3304720
6/26/2006,133.4815674,140.549921,132.2198915,140.549921,6575056
6/27/2006,134.385376,135.483622,130.7441467,135.483622,5002632
6/28/2006,138.801178,139.9419268,131.2343666,132.3783772,4785400
6/29/2006,137.3467102,140.5499373,136.4641834,139.7327865,6318576
6/30/2006,142.082901,144.3905339,139.3781341,141.7756515,5449760
7/3/2006,147.1035156,147.7000398,141.563238,142.3477009,4285520
7/4/2006,148.3210602,149.6203321,147.4957398,147.9860303,3584768
7/5/2006,150.5682068,152.1534814,147.0871463,148.4763027,4245072
7/6/2006,147.4385834,149.702088,146.4465607,149.3752276,2310920
7/7/2006,142.7317047,149.685665,142.1842177,148.6969047,2928672
7/10/2006,146.9531403,148.5253377,142.1842491,142.1842491,3859312
7/11/2006,144.6324005,148.3128504,144.076744,147.0871244,3618984
7/12/2006,154.4660645,155.9941329,145.4528845,145.4528845,9521616
7/13/2006,152.5914612,155.1573165,151.1941354,154.6049218,5383576
7/14/2006,153.1585999,154.9318133,149.1382114,150.3557682,4949808
7/17/2006,151.9083099,156.4026386,151.2545894,154.0165627,8996832
7/18/2006,149.906311,159.3444026,148.3537245,151.9900455,11043936
7/19/2006,143.6191101,154.850022,142.6385295,153.7877263,14046384
7/20/2006,147.5904541,148.7213876,144.6356352,145.1177559,6312720
7/21/2006,144.4362946,147.479363,143.2138303,146.9236965,4391664
7/24/2006,148.5629272,149.7020307,141.7756677,146.6785727,6825088
7/25/2006,150.9522858,151.581488,149.134943,150.3557616,4636600
7/26/2006,154.343399,154.8500284,149.7428375,151.8265714,5908720
7/27/2006,155.2341614,156.88971,153.2566601,154.8501044,7399848
7/28/2006,151.9767914,159.5883167,151.2483746,153.8837589,3019608
7/31/2006,153.2371368,157.9595505,152.2304476,153.0488909,1724700
8/1/2006,152.5577698,153.8263564,141.2632568,141.2632568,1762508
8/2/2006,153.9000549,154.2765368,150.5935425,151.4119857,1784732
8/3/2006,154.636673,155.8315981,153.3926332,154.2765559,3010272
8/4/2006,155.2668915,157.7631438,154.3584213,157.1411288,2674200
8/7/2006,153.2289276,155.8315809,152.3941196,155.6678923,1719964
8/8/2006,156.2899017,156.8137073,153.0488689,153.867312,1178400
8/9/2006,158.1396027,159.5964357,154.4402431,155.5042194,2052120
8/10/2006,158.0823364,159.5964567,157.1411266,157.3048152,2279124
8/11/2006,158.3851318,159.4081859,156.6500362,158.7616237,1893972
8/14/2006,157.9022522,159.5964256,156.9774074,159.3918148,1721428
8/16/2006,159.1381378,161.1515066,158.4506434,160.2512189,3804268
8/17/2006,157.1655884,160.9058683,156.8136539,159.5963597,2497168
8/18/2006,158.7288971,159.1872233,157.1411151,157.9595584,1803640
8/21/2006,158.6634216,159.7601377,156.650053,159.7601377,2414088
8/22/2006,159.6618958,160.9059254,158.7779731,159.1053504,2178096
8/23/2006,157.6485596,160.2102913,157.1574935,159.7601475,2497736
8/24/2006,158.8435059,159.580105,156.0362409,158.7780264,2369852
8/25/2006,159.49823,159.9074516,158.3933316,158.9416846,2611752
8/28/2006,160.5949554,161.2824499,158.4997424,159.5964585,2300316
8/29/2006,162.068161,162.3791735,160.9059754,161.2333527,2679596
8/30/2006,161.0368652,162.8701798,160.5867215,162.2317902,2744772
8/31/2006,163.3694611,164.3434106,161.0696374,161.0696374,6076856
9/1/2006,163.5659027,163.8523579,162.2318361,163.0339145,1728728
9/4/2006,166.4958954,166.962404,163.5249427,163.5249427,2010492
9/5/2006,164.638092,168.5993606,163.8523883,167.4535397,3945288
9/6/2006,162.641037,166.5531997,162.2318154,166.5531997,2800432
9/7/2006,161.5115509,162.8701643,160.4639398,160.4639398,1583584
9/8/2006,162.2155151,164.6708458,161.2333829,164.6708458,1570564
9/11/2006,156.0689545,163.5249709,155.3405379,163.5249709,4073480
9/12/2006,160.0711365,160.4148786,155.8315964,156.3226624,1835256
9/13/2006,163.6804352,164.9981266,160.5785339,160.9059111,2307632
9/14/2006,165.8820648,166.3076513,163.9996455,165.1618308,2388728
9/15/2006,164.1305695,165.9802487,163.1484378,165.9802487,2359700
9/18/2006,163.0584259,165.489198,162.395479,164.8344435,1390388
9/19/2006,165.3337402,166.9624445,162.1172638,163.1976051,3973944
9/20/2006,168.6074982,169.2540603,162.7228793,165.4892215,2695896
9/21/2006,172.3641663,173.1662447,166.6350629,168.9267043,5107184
9/22/2006,170.1625519,172.5032877,168.6156821,171.0546471,2488644
9/25/2006,167.8791351,171.8731436,167.330782,171.3820775,1349580
9/26/2006,170.9400635,171.8730808,167.7644997,168.5993078,3717008
9/27/2006,170.6699677,172.6915184,169.6059915,171.8730752,3352740
9/28/2006,167.0361328,171.7094431,165.81665,171.0628808,6121572
9/29/2006,167.2980042,169.4341393,166.9624444,167.3061866,1752804
10/3/2006,166.0294189,169.4177765,165.161871,169.4177765,1632712
10/4/2006,161.6261444,166.3076349,160.9631975,166.3076349,6947628
10/5/2006,163.6477509,165.1618711,162.5428523,163.3612957,5849400
10/6/2006,162.7392883,164.8345014,161.7244165,163.8523694,2766944
10/9/2006,164.0405579,165.1618209,160.5048776,161.233294,1546832
10/10/2006,165.5710754,166.602312,164.1797219,164.1797219,2769780
10/11/2006,171.0137482,176.6855649,168.5993401,168.5993401,6773716
10/12/2006,177.2011719,177.6022011,170.3998999,171.8730978,5052848
10/13/2006,180.6467133,183.33121,177.1274088,178.3223434,4874112
10/16/2006,184.9190521,188.2419396,182.5128371,184.1497235,9727060
10/17/2006,182.8238068,191.4747455,181.6943514,186.9323867,8749216
10/18/2006,181.0805969,182.8402502,180.2212314,181.7107943,4995084
10/19/2006,178.8135223,182.1445831,177.2175577,181.0396844,3103620
10/20/2006,178.3551788,180.3849224,177.7822685,180.0575451,2129404
10/23/2006,177.2883148,179.7176045,174.2188926,179.7176045,1327904
10/26/2006,177.1487732,179.2251561,176.4511755,177.4360193,5140212
10/27/2006,176.3937073,178.9132616,174.3829848,177.4606212,3126408
10/30/2006,177.1651306,178.5849506,174.0218345,176.6152637,4154172
10/31/2006,178.4372253,180.3576822,176.4675383,177.2718312,3430936
11/1/2006,177.7970123,181.5230143,177.3210208,180.0621596,1910904
11/2/2006,177.2800293,178.9132199,175.9586897,178.9132199,2204376
11/3/2006,175.1298065,178.5849742,173.6607562,178.0925524,3144440
11/6/2006,173.8905487,175.6140249,173.3324667,175.0559429,2536892
11/7/2006,174.8343811,178.0761583,174.021873,176.2870215,3219180
11/8/2006,174.5307617,175.7782267,172.5364488,174.8097928,2436760
11/9/2006,174.5799255,176.4511322,172.8974845,175.4662887,3365420
11/10/2006,175.4170532,179.6847089,174.8261511,175.630444,3313476
11/13/2006,176.5742493,177.2718468,174.9902885,175.7617613,2023316
11/14/2006,181.5804901,182.1960172,177.4359411,177.4359411,6003860
11/15/2006,180.0293884,184.1657229,179.0035098,183.0167388,2698040
11/16/2006,178.478241,181.5394665,177.8463038,180.5546231,2101688
11/17/2006,179.7584991,180.1442254,177.4687268,179.5697335,2221684
11/20/2006,183.4844666,184.0015132,174.8999298,178.1006698,5174936
11/21/2006,188.5236969,189.089974,182.8526311,183.2137324,4158152
11/22/2006,188.4497986,192.2086219,186.3570062,189.418232,5591464
11/23/2006,187.8014832,191.9460336,187.1202956,189.7465454,3870324
11/24/2006,188.7615967,189.8941703,186.4882545,188.7615967,3205304
11/27/2006,190.5344696,191.0597117,188.7617426,188.7617426,2933708
11/28/2006,188.73703,189.7464985,182.384798,188.7616551,2682960
11/29/2006,191.1499176,191.8475151,188.7616642,190.40307,2603156
11/30/2006,196.7717896,197.7894534,191.387969,192.5041333,6254552
12/1/2006,195.2205658,196.9686667,193.8910313,196.9686667,3762140
12/4/2006,195.721283,198.7742945,195.3273415,196.9687477,2234092
12/5/2006,195.6391907,198.5608814,194.5066165,198.5608814,2116476
12/6/2006,196.7389069,198.1176918,192.4055913,192.4055913,3180856
12/7/2006,196.0330353,202.6232613,194.8512115,197.7893309,2872872
12/8/2006,193.1771393,196.8046437,192.5944319,196.8046437,1887268
12/11/2006,192.6107941,195.1631886,186.1354549,192.86522,4279432
12/12/2006,183.9195404,193.685906,181.3753611,192.0445,5118300
12/13/2006,183.9769897,187.2844269,177.3292954,183.9195445,3617220
12/14/2006,188.6960297,190.4030959,181.383578,181.383578,2916024
12/15/2006,190.4359589,191.7819241,188.4334511,191.7819241,2305716
12/18/2006,193.8910828,195.0646921,184.4940335,189.582392,2351424
12/19/2006,187.4239044,194.3096133,184.6581398,193.8500117,3623628
12/20/2006,185.2736359,191.691527,183.0249185,188.7616224,3755660
12/21/2006,186.6196747,188.7617178,182.3602335,186.6278897,2255816
12/22/2006,189.4100189,190.4030775,185.1669888,186.2995629,1750016
12/26/2006,195.5570984,196.0495201,189.2540959,189.2540959,1797392
12/27/2006,196.3121338,197.9535396,193.8582401,196.1479932,2394400
12/28/2006,198.9220276,200.2515626,194.9990626,197.8551135,2418308
12/29/2006,200.5797882,201.7944325,197.3790469,199.1763782,1874468
1/2/2007,204.9295502,206.488886,199.5949804,201.7944685,1545060
1/3/2007,210.1246033,211.413103,203.3948383,205.6681818,4384972
1/4/2007,206.6611481,210.9205869,205.1920783,210.9205869,3970700
1/5/2007,207.3095093,208.2286923,205.6845139,207.6377904,2718740
1/8/2007,204.1580963,206.6530255,199.4308388,206.6530255,4951892
1/9/2007,206.2262268,207.1207849,201.1132438,204.8310319,4020568
1/10/2007,202.7792816,205.9964331,201.8929185,204.281172,2931428
1/11/2007,209.7142639,213.0545215,196.7881903,196.7881903,7400664
1/12/2007,217.3139038,218.1428217,211.7659645,211.7659645,6175748
1/15/2007,217.7078857,224.5443459,213.3909999,221.589815,12255832
1/16/2007,217.338562,227.9830758,216.501449,227.9830758,7625964
1/17/2007,214.1459656,219.1276271,213.382708,218.2905143,2633828
1/18/2007,215.9186859,217.6421617,214.2034251,214.2034251,2719816
1/19/2007,213.0791931,217.7325766,212.0943492,215.9188144,2882056
1/22/2007,216.0899048,217.5623785,212.2401329,213.8935554,3180956
1/23/2007,214.3211823,216.1720408,213.8769842,216.0322021,3124152
1/24/2007,215.053299,216.1802621,213.5726122,215.7689602,2355148
1/25/2007,216.4188538,225.2289496,214.35413,217.9900353,5553976
1/29/2007,213.5068817,216.3448657,212.3963662,216.3448657,2982324
1/31/2007,210.2411194,216.1638678,209.2704427,213.3999105,4865928
2/1/2007,212.5691528,213.0544813,209.7640646,212.223643,1859904
2/2/2007,213.959198,215.0285827,213.0625681,213.7124169,4274616
2/5/2007,214.8312683,216.1638828,212.8899148,214.6996436,3010736
2/6/2007,213.6137543,216.163826,212.24001,216.0157533,3411964
2/7/2007,214.9134979,215.9170706,213.0873012,213.877009,2599984
2/8/2007,214.6173248,216.3283447,213.4409974,215.7525221,2650024
2/9/2007,211.8040314,216.7478682,211.1048181,215.4234881,1993360
2/12/2007,206.6052246,213.6631507,205.650996,205.650996,1786388
2/13/2007,206.1281128,211.3927784,203.1831865,206.6381233,4130352
2/14/2007,207.4195099,208.4477644,204.0057047,206.1444742,3137876
2/15/2007,212.6019897,213.8770259,201.5544147,208.1187982,3673556
2/19/2007,215.4893036,216.9535223,213.0872844,214.1073252,4738696
2/20/2007,213.8029633,217.7925917,213.0543858,216.1638322,5400148
2/21/2007,211.2200775,215.810213,210.5866763,213.8770931,3938188
2/22/2007,212.9392242,215.9170459,211.5736939,213.8769845,6939112
2/23/2007,210.1505585,213.7946968,209.4348973,213.0543535,3167688
2/26/2007,211.59021,212.8652462,202.7718986,209.2704706,4677684
2/27/2007,207.9789276,212.9227645,206.3090378,206.3090378,4709968
2/28/2007,196.3390961,204.8201299,192.8183475,202.8541147,9347956
3/1/2007,206.4160309,208.6123796,195.8455692,197.4249649,7858564
3/2/2007,198.831604,207.2961904,197.589464,206.4406904,5311752
3/5/2007,190.1120453,197.260467,189.1989467,195.7797796,5120880
3/6/2007,196.9724884,219.6352241,191.0250587,199.0701282,3623920
3/7/2007,196.0758514,201.4885684,190.4163332,197.7539552,4440632
3/8/2007,200.452179,202.3112522,195.7797835,195.7797835,2274988
3/9/2007,199.4238892,202.8541438,197.0959159,202.0809041,3232148
3/12/2007,203.183197,206.2597281,199.2346976,201.4886247,3636936
3/13/2007,208.1845093,208.7603318,197.4412989,201.620129,2032088
3/14/2007,199.6541748,204.3183343,198.2475143,201.5379295,3824948
3/15/2007,203.0680542,205.8155438,202.031565,202.3606066,3823288
3/16/2007,203.6192322,206.9425453,199.9175131,204.2361854,4224284
3/19/2007,207.4443054,208.0777066,197.721129,200.1066809,1213696
3/20/2007,206.1445618,210.0108006,205.3219578,207.2962074,2775592
3/21/2007,208.4478455,208.8426994,204.005784,207.4607207,1970036
3/22/2007,214.37883,215.0286791,210.0930552,210.0930552,4125592
3/23/2007,211.93573,217.1675005,210.5866672,215.8513339,5265296
3/26/2007,207.5182648,213.6631114,206.5146921,211.4091849,6098736
3/28/2007,197.5894928,208.9249806,196.4460812,208.9249806,8818048
3/29/2007,205.3795776,206.7697907,195.6070362,195.6070362,10266624
3/30/2007,202.9940338,206.4407575,200.7565544,205.379586,2807056
4/2/2007,195.6480713,200.7153185,194.9570922,199.070111,3875896
4/3/2007,197.8609772,200.1889509,195.450743,196.6023888,3256852
4/4/2007,197.1617126,201.4885972,195.8455464,200.386316,2402496
4/5/2007,196.4707642,198.412118,195.1381495,197.3344985,2533992
4/9/2007,200.254776,201.8259582,197.5072858,197.5072858,2284524
4/10/2007,196.9890289,201.5380343,196.6599872,200.2547637,3480240
4/11/2007,195.8702087,198.9796352,195.286152,198.3133381,3826336
4/12/2007,197.5812073,198.9056075,192.8183391,195.4506714,3694956
4/13/2007,207.6253052,208.6782426,196.4378878,199.0702213,9778848
4/16/2007,210.6277008,214.8476623,208.9824932,211.2446536,9986220
4/17/2007,205.692276,216.3450054,203.6768948,211.5245345,10464964
4/18/2007,205.2397308,208.1188453,204.1703455,206.3091162,2853584
4/19/2007,204.4828644,205.3219163,198.2639714,202.3605425,3164652
4/20/2007,206.9095764,208.6041285,205.6674364,205.9800299,2870752
4/23/2007,205.2890625,208.9085201,204.8283962,206.4736042,2265224
4/24/2007,201.5132904,207.6252419,200.5508478,204.6638676,6922516
4/25/2007,200.9376221,201.8507212,198.7412718,201.5381274,21752404
4/26/2007,204.0716095,205.5851929,200.7153811,201.8670267,5941756
4/27/2007,203.1009369,203.4299785,200.262953,203.1831973,4805284
4/30/2007,208.2832642,208.9248991,198.2474987,204.1784796,3888052
5/3/2007,212.2646942,213.0215058,209.3609186,209.7310904,6643028
5/4/2007,209.4432373,218.7962419,208.77692,213.7125445,7101200
5/7/2007,209.4185181,211.3927676,208.1434819,210.9156532,5553328
5/8/2007,208.3738556,210.5866526,206.8438039,208.9414444,8191004
5/9/2007,203.9235077,213.8770149,201.5379564,213.8770149,4699828
5/10/2007,202.3111572,212.2153184,201.7024385,204.8283327,3044200
5/11/2007,206.0704803,207.1316312,199.0701142,205.6509444,3867656
5/14/2007,205.692276,210.3399919,205.0095102,210.3399919,1260376
5/15/2007,203.6850433,207.2962679,201.5380382,207.2962679,4203120
5/16/2007,201.4064026,208.1188608,199.1607092,208.1188608,6523616
5/17/2007,205.6510468,206.2597658,202.36063,202.8706406,2931260
5/18/2007,206.1199036,209.9285645,205.6510232,207.2879974,2921004
5/21/2007,203.5203705,208.9413203,202.3604913,208.9413203,2856844
5/22/2007,202.467514,204.6638626,200.8881185,203.5944774,6160224
5/23/2007,202.9199524,204.2525668,201.5544218,204.2525668,1271812
5/24/2007,201.4969025,205.6510538,200.8799493,205.6510538,4552804
5/25/2007,202.3523102,203.1831481,198.7410874,200.8716233,5244168
5/28/2007,201.6202545,205.6510144,201.299447,205.6510144,2585172
5/29/2007,202.5497589,203.1831599,200.7153482,201.5215041,2967280
5/30/2007,199.999649,205.6509327,199.1029989,205.6509327,2600056
5/31/2007,198.7987671,202.1961267,197.425022,202.1961267,5176492
6/1/2007,200.5015717,202.2125927,199.2594512,202.2125927,1728988
6/4/2007,198.7575684,205.6509937,197.7539955,202.0315362,1853384
6/5/2007,198.7493744,200.3534523,197.4249738,200.3534523,1751600
6/6/2007,197.4824982,200.2217729,193.8383592,199.8927314,3832020
6/7/2007,198.5765839,199.7940417,191.7160753,197.4249384,2008940
6/8/2007,200.7317657,202.4427856,195.7796951,198.4942875,6019076
6/11/2007,200.9376221,203.9072327,200.3947151,203.4383521,2648136
6/12/2007,200.2793579,202.3605497,197.4249265,199.0701343,1402072
6/13/2007,197.9595642,200.7152864,196.322591,200.5507657,1768488
6/14/2007,198.1734772,200.7153147,197.6387847,199.0701072,4176068
6/15/2007,195.5077209,201.3841731,194.7814133,201.3841731,4983152
6/18/2007,191.9091339,197.2573713,191.4799587,196.9272334,2874456
6/19/2007,191.4798584,192.387737,188.7232168,192.3217055,3495436
6/20/2007,189.3341522,193.6259464,188.3437382,191.6451183,4024968
6/21/2007,189.1029968,189.9613675,186.5279251,189.0039595,3043728
6/22/2007,188.1703033,190.6545986,187.2706858,189.0039094,2677304
6/25/2007,185.8263702,189.8292923,184.6708876,188.1703413,2803776
6/26/2007,185.1661987,188.1787088,184.5224254,186.6930874,2832744
6/27/2007,187.0478516,187.963972,185.5374669,186.5113776,2956696
6/28/2007,187.6586609,188.8306466,185.7025976,188.8306466,4342792
6/29/2007,189.7220154,190.8197281,188.1868861,188.3436935,3004456
7/2/2007,187.2624359,190.3244726,186.6929562,190.3244726,1477152
7/3/2007,186.1317596,189.8293085,185.5375154,189.8293085,1829368
7/4/2007,184.4892883,188.1785748,184.2169206,186.1977477,2415464
7/5/2007,183.4989777,186.2308578,181.7079828,186.2308578,3179204
7/6/2007,191.2570801,192.2887607,181.5922882,184.0518187,7605684
7/9/2007,194.2449036,195.1775472,192.3053432,192.8665817,5359768
7/10/2007,195.3013153,198.0827228,192.8005169,195.6066888,7492968
7/11/2007,189.647644,195.6066267,181.5757716,195.11142,6062124
7/12/2007,191.9009705,192.9656574,187.1882425,190.6546915,5763944
7/13/2007,187.5183868,208.2345467,186.5692401,204.04179,5784648
7/16/2007,186.2472534,187.8484137,183.88676,187.353207,3990240
7/17/2007,190.7784576,194.0880985,189.8293111,194.0880985,6164688
7/18/2007,192.5777588,193.1307359,189.3919189,190.9848389,4371180
7/19/2007,195.144455,195.606656,192.3878123,192.6354156,4075512
7/20/2007,194.104538,196.4237441,192.7014522,196.2669367,3744932
7/23/2007,196.5888824,197.2574198,191.8266467,193.0976898,4716456
7/24/2007,193.4442596,196.7621407,192.635418,196.4155,3127176
7/25/2007,189.5322113,193.2957924,189.0039986,192.8005855,2670172
7/26/2007,196.2835236,199.7334693,189.0204883,190.6546753,6002804
7/27/2007,190.8059082,194.4466107,186.3377733,191.9643135,3203236
7/30/2007,188.0670624,193.6191407,187.0410545,190.3094118,1835848
7/31/2007,191.3519745,192.2952391,186.9996731,190.4748883,3218540
8/1/2007,184.5421753,189.4819406,183.8554026,189.4819406,4382172
8/2/2007,181.2324677,186.0894903,180.3802085,185.3448014,1912008
8/3/2007,181.522049,184.3518625,179.304527,184.3518625,1993184
8/6/2007,181.944046,185.0138274,177.7324245,180.3802073,2737548
8/7/2007,183.5741577,184.9807928,181.0587511,184.2029942,2985212
8/8/2007,190.7397308,193.4537134,185.0139021,190.30947,4055164
8/9/2007,189.5978394,196.7385845,187.8602314,191.9643039,5074436
8/10/2007,189.399231,190.8886089,178.7915542,184.517381,6290560
8/13/2007,187.7444,190.3094403,186.1971056,190.3094403,1205524
8/14/2007,187.0410919,188.6545851,185.3448555,187.8271527,1222796
8/16/2007,180.0493164,185.2786859,179.5528569,182.0351545,6663120
8/17/2007,174.7785339,180.8767061,171.9735262,180.0492738,6901104
8/20/2007,174.679306,181.935886,173.9428789,179.3046462,4386844
8/21/2007,168.0101013,178.1461454,166.2311222,178.1461454,4363364
8/22/2007,169.7725372,170.8978329,164.8244888,168.7961632,3826620
8/23/2007,166.7937775,173.4297793,166.1483763,170.7819964,3113748
8/24/2007,168.5314026,169.8718388,165.4037047,167.9687446,1926972
8/27/2007,169.8719025,171.9073946,168.8045125,169.6153903,2666856
8/28/2007,170.2442169,171.9404533,167.3068319,171.4439939,2263504
8/29/2007,170.7158508,172.0728521,165.6519685,168.7962117,3196688
8/30/2007,173.0988312,175.2501551,169.6236156,172.4368854,7003172
8/31/2007,176.1355286,177.0208772,173.2643422,174.0917746,2377496
9/3/2007,175.622467,177.8979054,174.3234027,177.0704732,2496264
9/4/2007,176.4250793,179.9995822,175.5811026,176.2430483,2182756
9/5/2007,177.4593811,179.2135333,176.2596044,176.5740327,3516964
9/6/2007,178.3943634,178.8908227,175.5810942,176.2430399,1871860
9/7/2007,178.1048279,179.4700914,177.0705374,178.2289427,1691576
9/10/2007,173.3056793,178.1047862,172.7678484,178.1047862,2201060
9/11/2007,169.3505402,181.1166217,168.7961646,181.1166217,3386556
9/12/2007,168.0681305,171.7336615,167.7206128,170.4511408,2344104
9/13/2007,170.5834503,171.2784854,167.2075225,169.6070762,2153072
9/14/2007,169.2016144,173.7607638,168.4817423,173.7607638,1900228
9/17/2007,165.09758,170.7489469,164.7748793,169.6236308,5086176
9/18/2007,165.8918762,166.76068,164.3280274,164.9899731,4942808
9/19/2007,169.3008728,171.063297,168.3327813,169.6235733,4642668
9/20/2007,165.8256989,169.1437002,165.0230936,168.7961827,2355156
9/21/2007,168.4321289,169.6236335,161.8457694,163.9970935,7928660
9/24/2007,166.686264,170.4510816,165.5195863,168.7962167,3595068
9/25/2007,165.767807,167.8032887,164.8576314,167.1413428,5400496
9/26/2007,172.2300262,173.5622003,166.3138855,167.1413178,8340892
9/27/2007,175.8293457,176.6567779,173.2643058,173.7607652,8602140
9/28/2007,175.4404755,178.7253777,169.6236223,169.6236223,6249532
10/1/2007,172.3789673,175.5811261,169.2926409,175.5811261,2176580
10/3/2007,178.5929565,181.2076504,173.744216,173.7607606,5122872
10/4/2007,178.6095276,179.5527922,174.4227125,179.5527922,4359804
10/5/2007,177.533844,178.6095058,174.9688044,178.6095058,1744048
10/8/2007,178.452301,181.8365109,175.7796909,178.8991265,2662144
10/9/2007,181.1993866,182.8294443,177.9475939,178.7253722,3707640
10/10/2007,186.2549133,187.0409736,181.7702366,182.8127887,3983236
10/11/2007,177.401474,187.8933189,175.4156366,187.8271203,5598340
10/12/2007,175.9948425,177.8979367,170.5007004,174.0917483,4912920
10/15/2007,177.7572937,180.6533069,175.3742845,177.0705208,6871600
10/16/2007,176.8056946,184.5173577,175.581091,182.0350614,7060528
10/17/2007,181.1580048,184.5173877,165.4864464,175.4156332,6924440
10/18/2007,185.9819336,190.2928635,178.2785518,187.8271115,13645436
10/19/2007,183.4996033,190.3093731,179.1224958,189.9535733,8094132
10/22/2007,177.8745117,185.3499124,176.7378578,185.3499124,3836808
10/23/2007,176.4888916,182.5289444,175.7255928,177.2190114,5862364
10/24/2007,173.900238,182.5288758,173.12035,182.5288758,4100988
10/25/2007,174.165802,175.8915343,172.2658497,175.7255989,4925272
10/26/2007,177.766571,179.8739422,172.9378355,174.2321395,2960060
10/29/2007,177.2190552,180.869635,176.1238853,180.7036995,3536052
10/30/2007,173.9832916,178.3805804,172.6226293,177.8827741,3145804
10/31/2007,172.2409058,176.5054365,168.7562632,173.734324,47216528
11/1/2007,169.7601471,175.0617832,169.1710787,175.0617832,5518404
11/2/2007,169.4532166,170.9134459,166.4331905,167.5947382,3494680
11/5/2007,167.8104248,171.0461744,166.8065179,169.4199998,1876468
11/6/2007,166.6489258,169.2209246,165.9354056,168.4244366,2198988
11/7/2007,165.4458771,167.4537014,163.6288825,166.7816549,3504016
11/8/2007,164.2179413,165.9021792,162.6166609,164.2926041,2686964
11/12/2007,159.9368591,163.4878814,159.2980118,163.4878814,5280988
11/13/2007,157.1988525,161.4053198,153.7639988,159.9367859,4697988
11/14/2007,163.7284241,173.4190432,159.2979479,159.2979479,3588368
11/15/2007,162.649826,165.5868837,160.9572835,164.4419257,2295396
11/16/2007,163.0979004,165.6035208,160.484418,162.6166837,3666816
11/19/2007,164.856842,167.0969702,159.3145949,159.3145949,2943548
11/20/2007,159.5137024,164.1101151,158.9827071,164.1101151,4111392
11/21/2007,156.7758179,162.616748,155.3155879,159.5137529,3337028
11/22/2007,157.6718292,160.9075697,155.149609,160.9075697,2402356
11/23/2007,159.4556274,160.2935992,157.5971489,158.0534713,2273540
11/26/2007,163.4629517,164.9397807,160.9573313,162.6166852,2234300
11/27/2007,165.2633514,165.7528629,160.9739156,164.3590016,1503964
11/28/2007,162.0358734,166.5659066,160.9572936,165.9353542,2927688
11/29/2007,160.3019104,166.0183876,158.468326,165.9354199,5029688
11/30/2007,167.9597931,168.9222163,160.3018713,160.3018713,5334612
12/3/2007,174.2155762,176.887132,167.661128,168.5903622,6516348
12/4/2007,170.8636475,174.2321437,170.0920642,174.2155542,1783824
12/5/2007,171.4444427,173.4024885,169.3370713,170.9134576,2069240
12/6/2007,171.8343811,174.5142211,171.112546,172.5727854,4163452
12/7/2007,176.3229828,177.8910847,170.291234,172.5728461,4805808
12/10/2007,171.8426971,178.2146206,170.9134629,177.5674685,3864020
12/11/2007,172.7884979,174.0661921,170.1252273,174.0661921,2907456
12/12/2007,174.7963257,175.8914951,170.2662819,170.6147421,3718608
12/13/2007,170.8470612,176.2399609,170.5317799,174.1823582,4645736
12/14/2007,172.6392212,175.0618744,168.4742359,168.4742359,2720436
12/17/2007,167.992981,177.9491036,166.7650551,177.9491036,3203328
12/18/2007,166.7484741,172.5728021,166.4829714,167.5947405,3845860
12/19/2007,170.0008392,170.7143696,167.2629048,167.9266465,2671020
12/20/2007,173.4606018,174.8876425,169.7519489,170.8305292,3036020
12/24/2007,184.138504,185.8476467,174.2321688,179.2102308,4655664
12/26/2007,182.5787506,185.7978816,180.2307604,185.0179932,2905996
12/27/2007,184.3127441,185.8476466,180.2971156,183.3752051,4008568
12/28/2007,179.5669556,182.5288977,175.8914833,182.5288977,2196596
12/31/2007,178.7788086,181.8735079,174.5640453,179.7080428,2156168
1/1/2008,174.9871521,178.712393,174.5640088,178.712393,928388
1/2/2008,174.2322083,176.0574981,171.1624027,175.8915626,2864924
1/3/2008,167.7690277,173.402538,166.8231937,170.9300959,5168280
1/4/2008,166.7982788,169.7353376,166.3170621,167.7689969,2318868
1/7/2008,161.8864899,167.3955444,161.3720944,165.9353156,3647344
1/8/2008,163.919281,164.607917,160.8411814,162.6166922,3207732
1/9/2008,165.3214264,166.9310017,164.259446,165.0725233,2450128
1/10/2008,162.8905029,167.5118002,159.629868,165.6035429,3342376
1/11/2008,164.2345123,166.5990911,151.8889183,151.8889183,2149188
1/14/2008,159.4888153,165.9022125,158.5678657,165.9022125,4158864
1/15/2008,155.9792938,160.6254856,154.9836813,160.1276793,2935588
1/16/2008,156.800705,160.409801,153.4902907,155.9793225,3131956
1/17/2008,153.1085968,160.2935977,152.4946338,160.2604085,6302096
1/18/2008,149.8728485,155.9792689,148.8606365,154.2369473,4333816
1/21/2008,137.9006805,150.1218329,133.6195471,150.005676,4840032
1/22/2008,132.7898102,164.2760538,120.3031707,135.1875789,6376872
1/23/2008,145.231781,148.2381826,134.0806033,143.0748301,5359120
1/24/2008,140.4515839,147.9051366,137.5367867,144.9070595,2013336
1/25/2008,147.3387756,149.5207148,141.5924633,142.0754907,2243116
1/28/2008,142.292038,144.9070289,137.4118378,144.9070289,2485660
1/29/2008,144.5239105,147.3387645,142.4085995,142.5751592,3258712
1/30/2008,144.8820801,148.5713848,143.2414696,146.9057863,3032856
1/31/2008,145.5316772,148.238275,139.1357746,144.9070778,5966956
2/1/2008,154.8173676,156.7494576,145.4567027,147.4054549,4169520
2/4/2008,162.5041046,164.7276743,156.3996827,157.3990417,3730520
2/5/2008,159.0729218,162.3957915,155.841668,159.8973947,1722872
2/6/2008,150.9198303,154.9006136,148.9877407,154.9006136,4007952
2/7/2008,146.4143677,150.9198075,145.0818895,150.9198075,2574652
2/8/2008,149.6373901,154.0678786,146.5726845,147.238924,2576820
2/11/2008,150.9198303,155.2337332,143.2580795,149.637328,3200988
2/12/2008,144.0159454,154.067826,143.2414382,150.7366298,5161328
2/13/2008,144.7321777,149.4041793,141.7923924,145.7398628,2185376
2/14/2008,145.5399628,149.9038319,143.4079992,147.4054347,2246480
2/15/2008,145.3566895,147.7468177,143.2413787,143.2413787,2213044
2/18/2008,142.1088562,145.7398586,141.5758627,145.3567731,1723160
2/19/2008,145.8147736,147.2388578,142.4086237,142.5751835,1947288
2/20/2008,147.5886841,149.012779,145.448394,146.5560211,3060624
2/21/2008,152.3439026,155.0671508,146.9057219,149.5706783,3562052
2/22/2008,149.9954071,153.3849047,147.4054046,153.2349968,2401516
2/25/2008,150.0287476,154.7340622,148.2798696,154.5675023,3255460
2/26/2008,149.6373901,153.9013187,149.0710825,153.9013187,4999584
2/27/2008,146.164566,152.3772452,145.5816067,151.2363145,2364056
2/28/2008,146.7225342,148.2382243,145.2401479,147.4054253,5579004
2/29/2008,146.1396179,148.5214218,143.8244319,146.5726695,3416480
3/3/2008,141.3426361,144.690494,139.910226,144.2407806,3141328
3/4/2008,143.0415802,144.9070523,141.0928282,142.9083344,3010532
3/5/2008,145.7898102,147.0390088,140.7430496,140.7430496,2209348
3/7/2008,140.9345703,144.25743,140.2849831,143.6744707,1996828
3/10/2008,138.8525543,142.2420415,138.2446071,140.9345514,2494168
3/11/2008,137.1619873,139.9102238,136.579028,139.9102238,4043520
3/12/2008,137.1703186,141.5758273,134.9550753,139.7436695,1884412
3/13/2008,129.866684,135.7462431,126.7520135,135.7462431,3408600
3/14/2008,133.8891449,135.3965198,124.9199001,129.9166961,2216056
3/17/2008,131.8903503,132.8647311,128.0428237,129.0838223,1958904
3/18/2008,136.1959839,138.0447941,128.2510774,131.5822743,3596080
3/19/2008,135.1549377,139.9102175,134.172231,137.9115001,4361924
3/24/2008,137.1953583,139.4938823,135.155,135.155,3301984
3/25/2008,145.9896088,149.8787745,139.0773797,139.9101784,2928896
3/26/2008,146.297821,156.5662385,141.8340197,156.5662385,2171768
3/27/2008,141.9922333,145.9063887,140.0934474,145.2401495,6151152
3/28/2008,145.0818329,145.6897799,141.9088725,142.0754322,3633696
3/31/2008,134.9884186,145.0819404,132.7481868,145.0819404,4051860
4/1/2008,138.6359863,142.0587969,134.9133805,136.5789777,2086728
4/2/2008,141.7840271,144.7404635,141.4509075,141.5758274,1428844
4/3/2008,147.4720612,148.5713518,141.5758398,141.5758398,3287172
4/4/2008,145.3900757,148.2215927,143.2497758,147.5720053,2020844
4/7/2008,150.5867462,153.2517036,146.2728525,149.0710557,3659528
4/8/2008,147.7968597,151.0697644,145.7398499,150.7366448,4055352
4/9/2008,145.9480286,148.5713455,144.74047,146.5726278,1482600
4/10/2008,149.8288574,153.1767153,146.0729362,146.5726156,2925932
4/11/2008,151.2362823,154.0677986,148.7795256,150.4118094,2189264
4/15/2008,162.2542877,164.0614581,146.6393012,153.5681872,5703772
4/16/2008,161.8794861,166.8929324,160.2305399,164.0614156,6438768
4/17/2008,166.7096863,168.2253762,163.1536289,166.5098125,3999556
4/21/2008,165.460495,172.389378,164.3278803,168.0588236,3399296
4/22/2008,147.7718658,164.0530873,146.9057528,164.0530873,13785196
4/23/2008,148.0966339,150.8531963,146.5809338,147.7385263,6326156
4/24/2008,148.3631439,150.7199692,143.9076692,150.5700613,15290096
4/25/2008,148.1217041,151.9026155,147.4054986,151.9026155,6828568
4/28/2008,146.8558044,149.237608,119.9230778,134.7469027,6598136
4/29/2008,151.6610413,154.9006318,144.9320307,146.9140864,16209848
4/30/2008,153.4015656,155.8583224,150.9864486,152.5854185,9487980
5/2/2008,157.1908264,160.2305431,153.90127,154.0678299,5298780
5/5/2008,154.4759064,158.1485484,153.4265815,157.3990292,3613764
5/6/2008,156.0748901,158.231842,145.3401068,151.5694487,3982796
5/7/2008,161.0217133,163.2119791,158.2318361,158.2318361,12585540
5/8/2008,157.7321625,160.7302395,152.9019273,160.7135876,10845832
5/9/2008,152.735321,159.7308319,151.5694026,159.7308319,4492296
5/12/2008,154.3842773,155.7084196,151.6193787,152.7353313,3898508
5/13/2008,150.7450104,156.7994678,148.0717265,154.9006812,4462876
5/14/2008,161.7545624,163.0537269,148.4297777,150.736627,9373188
5/15/2008,164.0198212,166.8929787,159.9141166,162.0627428,7177896
5/16/2008,163.4035339,165.560486,161.3132099,165.560486,3838648
5/20/2008,159.2478943,164.8942782,157.7738434,162.39588,4946904
5/21/2008,160.7468719,161.2298995,152.4022294,154.5675069,3140184
5/22/2008,160.0889435,164.1446702,158.3983576,159.3144364,5445200
5/23/2008,155.3004303,163.1787103,154.251095,162.3792249,5401384
5/26/2008,159.1395416,160.380414,152.5687564,153.2349955,5457272
5/27/2008,161.3797607,165.5604068,157.565538,163.2285701,5682072
5/28/2008,168.1338348,169.0998799,161.5796989,161.5796989,5469588
5/29/2008,165.6687012,171.281758,163.8948353,168.0588301,8258940
5/30/2008,173.0805969,174.7212067,162.8954625,165.0607396,15485284
6/2/2008,163.8698273,176.1203066,160.7301796,169.0581682,7054764
6/3/2008,162.4208221,164.8942316,156.2581084,159.8974367,4900256
6/4/2008,159.3560333,164.8608308,157.6238079,164.8608308,3787856
6/5/2008,163.5366974,166.0267678,160.5636097,160.5802616,5905256
6/6/2008,160.930069,166.3349361,159.5309627,164.8941899,4137784
6/9/2008,152.2523651,160.7136142,148.2382765,150.2786348,6140140
6/10/2008,146.4060822,153.068475,144.4073643,151.5694366,6155372
6/11/2008,148.2965088,151.5694128,146.572619,148.2382169,4113368
6/12/2008,147.9467468,150.3035721,142.7417529,148.9044657,2464004
6/13/2008,151.5027771,153.5514706,146.5726115,146.5726115,6732432
6/16/2008,151.702652,154.5674823,150.4451276,153.0684443,6541784
6/17/2008,153.4515533,154.4009463,150.7366304,150.7366304,3504824
6/18/2008,150.872467,154.2385818,149.2145238,154.2050861,6431336
6/19/2008,148.712204,150.386891,147.3724544,147.4143216,3289068
6/20/2008,144.6678314,150.7050862,140.9332815,150.7050862,8157760
6/23/2008,143.7634735,147.2803154,141.1760807,144.6677981,3572312
6/24/2008,141.4105682,145.3125867,137.8937257,142.3483888,9287176
6/25/2008,146.8365173,148.2097624,139.2166934,140.6736728,5914196
6/26/2008,147.5984802,150.3868371,144.0900204,148.0422762,7028316
6/27/2008,144.9441833,147.5985586,142.5410112,147.5985586,6260948
6/30/2008,143.7215729,147.0374495,142.3483281,145.8651692,3258044
7/1/2008,141.9632263,146.0327139,139.8447431,144.8604329,5059616
7/2/2008,146.7862701,148.7121596,140.6736645,142.348351,8141112
7/3/2008,143.4620361,147.539894,137.4164112,147.539894,4172528
7/4/2008,141.4272919,145.7061143,139.9200738,145.6810002,3939584
7/7/2008,142.7252502,144.6930082,139.3340079,141.5111017,1794132
7/8/2008,139.0325012,141.5110357,136.9893813,139.0241298,3947624
7/9/2008,146.8282013,149.0387905,142.348413,142.348413,3578548
7/10/2008,145.4297943,148.8796448,142.741914,145.6977401,3504368
7/11/2008,133.7405243,157.9230131,131.5299452,153.5688261,5523784
7/14/2008,128.5908356,133.9749583,127.4436791,133.9749583,4559896
7/15/2008,125.7103195,131.7056939,123.4494932,128.5907715,4509844
7/16/2008,121.9339294,129.5621352,119.8908199,126.3802306,5739900
7/17/2008,131.1698456,131.7811104,122.2605096,123.0894816,10350716
7/18/2008,132.9450226,134.3098966,125.4340555,130.6255852,8339496
7/21/2008,136.118576,136.4870093,131.1280101,133.8075097,3582068
7/22/2008,139.3088531,141.3352308,134.9881621,136.654478,4241164
7/23/2008,144.1151581,145.697739,137.1400943,138.9989924,5971420
7/24/2008,134.4020233,146.4514001,132.6938403,146.4514001,11742336
7/25/2008,133.8409882,142.2646618,130.9605245,133.8409882,8842536
7/28/2008,135.021637,136.8135541,131.4629272,133.9749576,1969372
7/29/2008,135.4737854,136.2860044,132.6351893,135.0969809,2472192
7/30/2008,140.4978638,141.678516,133.9749561,141.678516,4420076
7/31/2008,140.128067,141.5146416,138.0692139,141.1785023,5195580
8/1/2008,141.2878113,144.0273456,136.3465575,138.6575161,4011724
8/4/2008,137.035675,141.1785987,136.3045757,136.9768547,5238928
8/5/2008,139.4474487,140.3382162,135.338142,137.0440538,4768200
8/6/2008,144.63237,146.2122292,140.5734931,141.161737,5009932
8/7/2008,143.422287,146.203849,142.018909,144.371885,3072320
8/8/2008,142.0357056,144.0357392,140.0692982,142.0105013,2086672
8/11/2008,140.1616974,144.1701547,138.573437,143.1953528,3405100
8/12/2008,137.69104,141.8003444,136.9767441,140.3381366,3323504
8/13/2008,139.2121124,140.7919715,134.4557426,134.4557426,3697968
8/14/2008,140.0356293,141.9600287,136.3044811,139.3297347,3741508
8/18/2008,141.4390717,143.2626343,140.338217,141.1785656,1956648
8/19/2008,141.3885651,143.0272438,140.3549328,141.9347913,1953300
8/20/2008,141.4474487,142.6911686,140.3381929,141.6323315,1127256
8/21/2008,137.4558258,141.5147139,137.0104472,140.5062955,1976516
8/22/2008,137.6490326,138.615433,135.0439532,137.6490326,2645284
8/25/2008,137.5146332,140.3382021,137.1448778,138.4894354,942244
8/26/2008,140.1785278,140.6659341,136.1280523,136.1280523,2205004
8/27/2008,137.5566406,140.5062616,136.6574616,137.8339495,2131788
8/28/2008,133.1699524,138.5313771,131.5396854,137.8170812,6580688
8/29/2008,136.5062103,137.8087505,134.455758,134.455758,1998500
9/1/2008,136.9683685,137.8171182,135.6322127,136.97677,1527432
9/2/2008,142.6575623,143.3634571,136.9684069,136.9684069,2647848
9/4/2008,141.8844452,143.6659799,139.8928131,142.0188989,2461676
9/5/2008,140.9096222,142.8592264,138.6574844,142.8592264,2445368
9/8/2008,143.98526,146.9600946,141.5146343,144.5398878,5170432
9/9/2008,145.3466339,146.5063186,141.1785086,143.6995534,2815328
9/10/2008,143.010498,146.2542409,142.5398947,144.7332123,3063456
9/11/2008,140.6239319,145.8845119,139.329793,143.0105239,1908976
9/12/2008,136.2288666,145.380262,134.6154019,145.380262,3573964
9/15/2008,127.8337708,134.2876494,125.2118883,131.094326,8550948
9/16/2008,125.858963,126.2203169,121.8505057,125.9682124,5072364
9/17/2008,122.7076874,128.5145039,122.3547451,125.7161392,4200868
9/18/2008,121.2034683,125.8842054,112.7747688,122.3547417,6357104
9/19/2008,128.8842316,131.0439331,122.7076708,131.0439331,9544368
9/22/2008,128.8758545,145.8845116,126.5564945,145.8845116,4472944
9/23/2008,121.1782455,129.0271021,120.2286477,120.2286477,2966120
9/24/2008,119.8421097,125.7161483,116.0185236,121.7749114,7380724
9/25/2008,115.6991882,120.9849722,112.7831727,119.8505017,15122632
9/26/2008,113.6487427,117.6487998,111.9680455,117.6487998,4217244
9/29/2008,104.2031631,114.0856546,102.8586062,114.0856546,5578636
9/30/2008,111.8671646,113.732744,99.16110208,99.49724141,8391372
10/1/2008,112.900795,115.1109151,108.4637518,112.5394411,6017916
10/3/2008,110.5057831,111.7579039,107.9595241,111.7579039,4172404
10/6/2008,104.0351486,109.4553967,100.8418242,109.4553967,5882984
10/7/2008,96.79131317,111.7663145,95.12741957,106.0771611,8884604
10/8/2008,91.86687469,94.61481987,85.37938974,93.27866398,8301380
10/10/2008,88.20295715,92.43831472,80.74066514,90.75761808,13742076
10/13/2008,96.27870941,101.3292114,88.20296356,88.73238714,13866024
10/14/2008,99.61489868,104.1023611,97.70730171,100.6737356,7424624
10/15/2008,91.27865601,98.93423955,89.96771431,98.32078101,5308752
10/16/2008,83.19447327,88.85842229,78.63978492,88.23656256,8031800
10/17/2008,76.27845764,88.90889842,74.79103932,84.03487564,9743540
10/20/2008,82.58103943,84.87518957,76.51372287,83.47180669,12413060
10/21/2008,93.96773529,95.44675639,82.91716116,90.48870181,11804900
10/22/2008,91.87529755,93.27867531,85.90041716,93.27867531,6020668
10/23/2008,91.98454285,98.82498155,84.24493537,88.17777038,10501016
10/24/2008,83.84155273,90.15257168,73.950652,84.65669163,8479936
10/27/2008,83.48864746,87.06012961,69.80777098,80.84154893,8972576
10/29/2008,91.4443512,97.2272617,89.66044437,95.02908013,10955572
10/31/2008,90.88630676,100.609028,89.57585304,96.21266707,10375980
11/3/2008,92.56032562,98.57995512,89.119321,94.6824135,7532020
11/4/2008,85.9826889,100.8795872,82.85450848,100.8795872,9422540
11/5/2008,85.62760925,92.81397586,84.5454288,87.08179166,9233164
11/6/2008,84.57923126,89.36449946,81.51868635,89.36449946,7861916
11/7/2008,88.79805756,90.46359818,82.13587442,84.54541886,5877720
11/10/2008,92.39968109,93.42267849,87.09022519,92.98304649,4099016
11/11/2008,89.4236908,92.61951195,87.92724092,91.64723957,6498776
11/12/2008,90.44670868,93.75243306,87.09024878,89.42370068,7742044
11/14/2008,89.76184845,92.74630524,88.51903518,92.15448744,6617464
11/17/2008,87.75814819,90.80178339,85.4754218,89.44905664,8090972
11/18/2008,81.69625854,87.92725857,81.1636233,87.92725857,9755152
11/19/2008,81.61170197,83.86906596,79.76016016,82.85452081,8175088
11/20/2008,79.9799881,81.16362429,77.78180661,81.16362429,5016448
11/21/2008,85.63607788,87.41998459,77.78180447,79.42198807,6845692
11/24/2008,87.91034698,89.8971647,82.89679859,85.22179804,8370556
11/25/2008,85.2217865,91.30060449,84.55387559,87.77505415,5774020
11/26/2008,89.18700409,89.61818385,84.06354633,85.09500193,6135556
11/27/2008,89.18700409,89.18700409,89.18700409,89.18700409,0
11/28/2008,94.58943176,96.04360904,87.58906599,87.58906599,12138064
12/1/2008,95.39261627,100.3977018,94.07369926,94.58943466,11958704
12/2/2008,90.10005188,96.38178085,88.44296368,96.38178085,6658808
12/3/2008,90.42978668,93.28742624,88.19778534,90.69187544,9997992
12/4/2008,92.89852142,93.62561005,85.11188432,90.46360894,8256508
12/5/2008,88.23163605,92.20527249,87.63136537,91.03855139,7105448
12/8/2008,88.30770874,92.36588971,86.64216776,90.46361738,7621404
12/10/2008,91.48661041,94.14979154,89.53361299,92.96615548,8088380
12/11/2008,85.83898163,92.94925602,84.88361922,92.94925602,7300252
12/12/2008,81.38343811,86.22789593,80.36044036,86.22789593,7121036
12/15/2008,79.41351318,84.88360297,79.00769619,84.88360297,5997716
12/16/2008,81.05368805,81.99214006,78.62723368,79.4726878,5847868
12/17/2008,80.70706177,83.19269936,79.81088231,82.06824623,6476068
12/18/2008,86.3208847,86.92960768,79.81088654,80.30124901,5723936
12/19/2008,86.83660889,90.29451903,83.54779476,85.05270238,4943988
12/22/2008,86.3293457,87.84271113,85.12034696,87.84271113,4106852
12/23/2008,84.6468811,86.50688047,83.23497146,83.73379154,3567120
12/24/2008,80.85081482,85.3486339,79.85317952,83.98745419,9148436
12/26/2008,79.75169373,83.69996588,78.6610609,78.6610609,3154564
12/29/2008,80.62251282,81.07906016,77.78178869,80.48724221,4875608
12/30/2008,81.59480286,83.44635007,79.47271436,82.00907758,3522528
12/31/2008,80.80854797,83.24345614,79.85318533,83.24345614,2543696
1/2/2009,84.25796509,86.01651399,83.55623912,84.04660153,5375740
1/5/2009,87.12409973,88.43455441,84.20728125,84.88364496,4829776
1/6/2009,85.62760925,88.26542766,84.2495198,87.08179166,5918992
1/7/2009,85.35705566,87.89341831,78.55960686,87.7581477,9013828
1/9/2009,90.79332733,92.96614047,82.00905625,84.5285087,14219980
1/12/2009,86.66751862,89.6181562,85.4077948,86.51533787,7595416
1/13/2009,88.88260651,90.80178346,82.55015232,84.47778691,13359808
1/14/2009,91.13152313,94.28506155,89.27997611,89.27997611,5958904
1/15/2009,86.31244659,88.43453519,84.2664458,87.92726252,7171524
1/16/2009,85.05268097,87.75813404,82.26268249,86.01650069,9790076
1/19/2009,84.67225647,87.57216913,82.39798212,87.57216913,6868376
1/20/2009,83.94514465,85.88123156,82.85450674,83.6492357,4635196
1/21/2009,83.24344635,84.71453921,82.00908487,83.02363025,3669860
1/22/2009,83.97052765,85.23025154,81.69625337,83.69998122,4848136
1/23/2009,82.20353699,84.35944588,81.72162691,82.87144808,3031220
1/27/2009,84.39328003,87.08182465,83.02364253,83.02364253,5243956
1/28/2009,86.32402802,86.75781501,80.83787207,80.83787207,4789396
1/29/2009,87.43827057,88.11872404,84.39324234,87.10654743,10017036
1/30/2009,87.03002167,87.60840622,84.7675102,85.90727212,8707524
2/2/2009,83.57672882,86.55371394,82.8707591,86.55371394,3234692
2/3/2009,85.03117371,86.72379872,83.86589602,83.86589602,3808560
2/4/2009,84.82705688,87.25117834,83.86591709,85.56705131,2484756
2/5/2009,82.14775848,85.49899449,81.35673223,85.05669861,4341548
2/6/2009,85.53299713,86.40057632,82.84520806,83.35554815,6840388
2/9/2009,87.6084137,89.07989897,84.48683132,85.05671233,4595224
2/10/2009,89.24147034,89.81985995,86.92793264,87.94861287,6790772
2/11/2009,87.56588745,88.96932324,87.09807552,88.11875609,4502732
2/12/2009,86.74080658,87.72746724,85.75415111,87.0980457,2844372
2/13/2009,86.96199799,88.45899427,86.24751942,86.75785977,3257208
2/16/2009,85.1842804,87.59989262,84.71646857,86.34955816,2501996
2/17/2009,82.54749298,85.02263984,81.654398,84.37621127,2950388
2/18/2009,81.7820282,83.50867841,81.14410286,81.88409729,2629412
2/19/2009,83.27051544,83.83188763,81.48432461,81.99466485,3477072
2/20/2009,80.64224243,82.93026938,78.98363704,82.760156,4771388
2/24/2009,79.76612854,80.92290214,78.3371778,79.95325422,4495532
2/25/2009,81.7820282,82.47098549,79.9533089,79.9533089,5517928
2/26/2009,82.02867889,83.45763033,81.14408719,81.82454075,8808288
2/27/2009,82.18178558,83.18545362,77.4441263,81.9946598,6750148
3/2/2009,78.22663879,81.99464912,77.36756311,80.65075446,3988944
3/3/2009,75.90460205,79.27284533,74.73932421,76.89125771,3560896
3/4/2009,78.34568787,79.00913397,75.90456586,76.21076777,3258300
3/5/2009,78.79652405,80.10639403,77.91193235,79.09422248,4284496
3/6/2009,81.94360352,82.47945953,77.8523743,78.25214171,5805604
3/9/2009,78.76251984,81.65444821,78.0820661,80.14043969,4535184
3/12/2009,81.21214294,82.50500593,78.53285667,78.53285667,8617456
3/13/2009,86.22201538,86.75787179,80.523214,80.523214,10199700
3/16/2009,88.42493439,88.93527454,85.46496256,86.75782531,4672896
3/17/2009,84.6399231,88.11874433,83.87441277,87.60840411,6946172
3/18/2009,85.93276215,87.52332309,85.05667939,85.05667939,6413800
3/19/2009,87.59990692,88.11875077,85.32889175,85.99233304,7382584
3/20/2009,86.72377777,89.97294876,85.99229249,89.97294876,4139380
3/23/2009,88.39944458,90.09206484,86.92795932,89.22449053,4587312
3/24/2009,88.73963165,90.58535732,87.13205845,88.83319192,6681544
3/25/2009,89.47963715,90.14308348,85.6776021,85.6776021,3831616
3/26/2009,94.99982452,98.31703562,87.20863335,87.20863335,15230328
3/27/2009,97.78964996,99.51630453,91.29132864,91.29132864,7079424
3/30/2009,89.01184082,96.96464265,88.11874543,90.79803161,5148188
3/31/2009,91.61454773,92.52466043,89.30951378,89.30951378,4777672
4/1/2009,92.62671661,94.20876865,88.54399632,91.18075318,6724568
4/2/2009,98.453125,99.85656048,92.82237591,92.82237591,8503764
4/6/2009,98.58921051,101.047351,97.93427813,99.48230578,5414580
4/8/2009,102.774025,104.398606,95.43362687,99.53335607,10193512
4/9/2009,102.5018082,105.4532813,101.0898693,104.1093816,6586724
4/13/2009,100.7496338,103.5990325,97.84920318,102.8335224,4121008
4/15/2009,98.27450562,98.97196635,93.57086632,93.8260364,9767236
4/16/2009,97.31336975,100.196794,96.4883239,98.66577338,8868964
4/17/2009,97.49195099,101.9829473,96.13104427,98.12137242,6664024
4/20/2009,95.50164795,98.97195439,94.03016318,94.03016318,5330200
4/21/2009,93.68995667,100.1117376,92.7118046,98.59772419,11488980
4/22/2009,92.36309052,96.04604011,91.37643468,95.26352247,6584924
4/23/2009,96.64141846,97.44945711,92.74582782,93.47731337,7373712
4/24/2009,99.32917786,99.85652503,95.25496151,95.25496151,5377524
4/27/2009,102.391304,103.5650808,97.38996373,99.32074751,8141124
4/28/2009,101.8128433,103.403399,98.04482834,101.9149072,8388692
4/29/2009,106.0827332,107.0013498,102.4082871,102.4082871,10531292
4/30/2009,105.8275146,105.8275146,105.8275146,105.8275146,0
5/4/2009,113.3635788,119.0113356,107.1969678,107.34156,11142936
5/5/2009,110.7437973,114.8180143,108.2091041,113.8058378,8822316
5/6/2009,108.0815582,110.5226921,104.6197543,108.5748913,52522096
5/7/2009,107.4606476,109.723154,105.3512371,108.1921332,7738864
5/8/2009,107.333046,109.2127969,105.2151322,106.8312094,9001752
5/11/2009,104.6623001,108.8130724,103.599091,108.6174378,5298612
5/12/2009,109.0596695,109.8592044,103.7691482,103.7691482,9487452
5/13/2009,105.7595062,109.7061393,104.6197443,109.2128063,7324800
5/14/2009,105.4362488,106.6610669,102.9696053,105.1300468,9443176
5/15/2009,109.5614929,111.3987149,106.1507226,106.1507226,10942472
5/18/2009,126.5388794,134.6617962,118.2288419,130.4089602,73380
5/19/2009,113.9334793,127.5850832,111.5263699,127.5850832,13015576
5/20/2009,115.1072006,119.4110662,112.7851493,113.9759427,8507664
5/21/2009,110.1399307,116.5276873,109.5530374,113.9759861,4459324
5/22/2009,107.8604126,109.7231566,107.1714553,107.1714553,5861456
5/25/2009,107.4010544,109.5529923,105.9210766,108.1920856,5673644
5/26/2009,106.2272949,108.8130202,105.555345,108.0134853,6058900
5/27/2009,110.3270645,110.9139579,107.3075511,107.3075511,9222868
5/28/2009,112.8191833,114.6393984,106.0486736,106.0486736,16863676
5/29/2009,119.8618469,120.780463,111.0244678,113.7632883,13871224
6/1/2009,118.6795959,120.7549707,114.5458328,114.5458328,7905804
6/2/2009,118.186264,120.7804929,117.3782255,119.0793592,4118172
6/3/2009,118.5434952,119.8873949,116.2044364,117.3782228,3914944
6/4/2009,120.3041916,120.6103936,116.7573212,116.867899,7020704
6/5/2009,122.7112732,123.9616127,118.458439,120.6103773,13220132
6/8/2009,126.2411575,127.5425293,122.4816553,123.2811904,9267824
6/9/2009,133.0541992,135.2401522,124.3699019,124.3699019,9690708
6/10/2009,132.9946594,136.9412925,130.5195114,133.5390244,9383796
6/11/2009,131.8549194,134.8063938,130.9873451,134.0493869,3883200
6/12/2009,130.0601807,135.2061103,129.490305,133.5390013,6358660
6/15/2009,132.3481903,133.5389838,128.4355831,130.0856848,6595868
6/16/2009,133.2555847,134.7451456,127.1090208,131.2523829,4344006
6/17/2009,129.6944427,135.2588908,128.4103394,134.2316081,3741568
6/18/2009,128.889679,134.5739762,127.4001176,129.4375649,4753108
6/19/2009,130.0539246,134.2315431,128.4102772,129.095132,7727732
6/22/2009,126.5783157,132.7933724,126.0133125,131.6291211,4106208
6/23/2009,125.5510712,129.3520194,122.5890747,123.2739298,5135694
6/24/2009,130.7216644,133.0330495,123.3423579,127.7083074,7303954
6/25/2009,130.2936249,134.23154,126.8008612,130.807266,9694662
6/26/2009,136.080658,138.47765,128.941044,130.9784914,6099700
6/29/2009,132.2455139,137.6558646,131.2695934,136.9196475,4745206
6/30/2009,133.4953766,136.2861589,131.2011079,132.6906698,5923948
7/1/2009,134.5569153,135.2588876,130.9614259,132.5537119,3684738
7/2/2009,133.5466766,135.3615375,130.5333199,133.5466766,3715428
7/3/2009,133.871994,134.3685075,131.8345468,131.8345468,2919844
7/6/2009,130.3621368,136.4402242,129.5574302,135.9437002,4488916
7/7/2009,133.2555847,134.6595388,130.1223769,131.4920862,3804568
7/8/2009,130.5162354,133.1700484,126.0989228,133.1015692,6694766
7/9/2009,132.9132385,133.9234039,127.0406087,130.8415562,3964808
7/10/2009,135.3102264,137.467526,133.5467269,133.8891544,7468748
7/13/2009,136.1149292,137.3134254,132.9474749,133.546723,5119832
7/14/2009,139.3508453,140.7719171,137.1079394,138.6831077,4464136
7/15/2009,144.8982391,146.3193116,140.3953182,140.703501,4470094
7/16/2009,143.7510376,148.8874493,141.4910248,146.5589468,7596876
7/17/2009,148.6477661,152.637044,144.1619642,144.2989331,9094956
7/20/2009,171.4020081,176.3158531,152.3801727,152.3801727,34539536
7/21/2009,163.5433197,175.7166194,162.3276962,172.2409731,13005820
7/22/2009,159.6739197,166.0773173,154.8799353,165.6321658,10674690
7/23/2009,162.8756256,165.3582248,160.9409125,161.2833399,7662678
7/24/2009,165.9232483,167.7894824,162.9954972,167.7894824,7909322
7/27/2009,165.1495514,168.1238335,164.0492483,165.7340949,4652338
7/28/2009,165.2699127,166.7484598,162.054944,166.5421497,6334984
7/29/2009,171.8546143,173.5394719,163.3272184,165.0464523,11072150
7/30/2009,183.3047028,187.3964877,168.5708772,173.7285787,15672482
7/31/2009,180.8461914,185.6772338,179.281693,185.333387,5634966
8/3/2009,182.806076,183.9063685,179.1784772,182.2387207,3520548
8/4/2009,182.2903595,186.0898618,178.97223,178.97223,5481292
8/5/2009,181.8948669,184.6284518,174.5193525,182.0667903,6424010
8/6/2009,177.906311,183.7517056,176.8059973,181.8949248,4178748
8/7/2009,175.0523682,179.4708006,174.020828,177.6312081,4552666
8/10/2009,185.3506165,189.7174751,176.7372582,177.1326904,10623976
8/11/2009,186.3305511,191.8664751,183.6485299,184.8176171,8843480
8/12/2009,178.6799316,184.3018163,175.7056495,183.9579697,11326536
8/13/2009,181.1212463,183.7516819,178.6627341,183.7516819,10033928
8/14/2009,179.3160553,182.2387523,178.1125918,182.2387523,5151814
8/17/2009,175.4133606,177.9406355,173.7285142,177.6999386,5962820
8/18/2009,174.9663391,177.0294082,171.7513714,173.6425276,8149844
8/19/2009,171.2528534,176.9779096,169.8602784,176.3245925,5603370
8/20/2009,172.2671814,174.8116447,171.2700282,173.6081813,3660960
8/21/2009,175.1039276,176.2214294,170.2041123,172.6110391,6929022
8/24/2009,179.333252,180.8117886,176.5824782,177.4077187,4207204
8/25/2009,181.6542206,182.5826109,176.7715929,178.1126035,5529298
8/26/2009,188.5999146,190.8349181,181.0524753,181.1040607,8852624
8/27/2009,188.3420563,194.6172594,186.0210907,189.1157115,10230928
8/28/2009,185.9522858,189.1156795,182.6169687,187.6543311,4563136
8/31/2009,181.2244568,183.5454228,179.2473376,182.5826559,7170352
9/1/2009,181.1728363,184.4221709,178.4908152,183.9579862,9862194
9/2/2009,183.8204346,186.6743789,179.1441279,179.1441279,8161418
9/3/2009,183.4937744,187.1901259,182.3934609,185.642816,7796744
9/4/2009,182.8921051,187.0526426,181.2760211,185.6772555,6263446
9/7/2009,189.4423828,190.336376,183.4766287,184.2330958,5925720
9/8/2009,190.7145081,196.1644678,188.9952752,189.76893,9892042
9/9/2009,192.7088623,194.2045869,186.7603194,191.1787405,7532186
9/10/2009,191.3678894,195.6487853,189.8205792,193.9295517,4898914
9/11/2009,192.674469,195.648751,191.0068211,192.8979777,9130296
9/14/2009,192.2447205,193.8952017,183.493837,183.493837,3200972
9/15/2009,196.6460114,197.9526251,193.2419193,193.929613,4308186
9/16/2009,196.1646118,199.4139685,194.3422279,199.0873098,5816522
9/17/2009,200.4454803,202.1819024,197.0242008,197.7118943,5283220
9/18/2009,200.8064117,202.8694913,199.0871788,201.1502583,3925348
9/22/2009,207.2191772,208.371055,200.2046977,202.8523209,3763280
9/23/2009,203.1790466,210.3138665,201.9239976,209.0588175,4522410
9/24/2009,207.1848602,209.5058259,200.1188135,202.1818941,6803348
9/25/2009,201.9754944,205.6202598,190.8348565,190.8348565,3068206
9/29/2009,209.884079,211.2766542,203.2134432,204.5716421,7146124
9/30/2009,213.5288696,214.1477897,210.5030219,211.4486006,4373424
10/1/2009,216.5718536,223.4659973,211.4829263,212.4972783,5686944
10/5/2009,211.5688782,219.7180495,210.0903415,212.7379654,6259596
10/6/2009,211.1907501,216.0733798,208.0273547,214.8871039,7448054
10/7/2009,203.454071,212.8067043,202.4053429,212.8067043,10075972
10/8/2009,196.4740753,205.8782772,195.4769112,204.5888516,10162172
10/9/2009,193.155899,203.0071162,191.4022891,197.7290563,10032478
10/12/2009,199.3795319,200.892466,193.774834,194.9611095,5174220
10/13/2009,199.7749023,199.7749023,199.7749023,199.7749023,0
10/14/2009,203.8839264,205.6203482,199.6718039,201.1331525,3979580
10/15/2009,200.0499878,205.5859318,197.7118346,204.2449214,4232380
10/16/2009,205.7235413,207.8210194,194.6172935,194.6172935,7189942
10/20/2009,213.5460052,215.1792772,210.4513847,211.12189,7840584
10/21/2009,217.5860596,219.855459,212.4971356,213.1848286,5731638
10/22/2009,215.1964722,221.4201107,211.5860814,217.311138,4292924
10/23/2009,219.9931488,222.0906266,216.4859077,216.6578311,7494460
10/26/2009,221.6264038,226.1308085,218.3426718,221.0934456,4071746
10/27/2009,221.0074768,226.216763,218.1879295,226.216763,3940880
10/28/2009,221.7318115,223.8185943,219.024198,221.5766144,3582314
10/29/2009,218.6964417,222.6457784,217.7134284,219.3690396,4882712
10/30/2009,216.7132263,223.7668444,213.8503946,221.4386344,2876124
11/3/2009,209.0387268,219.3690833,207.2968853,219.3690833,2768288
11/4/2009,215.8164825,216.6097945,210.4012335,210.7806371,4555798
11/5/2009,215.4024963,217.299556,208.8835012,217.299556,2731302
11/6/2009,214.5919495,219.0069205,211.66013,213.8503632,4179484
11/9/2009,214.7988892,216.6097188,212.1257597,215.574959,3432086
11/10/2009,216.1441803,216.9547341,213.8504533,215.9199738,4610406
11/11/2009,222.5596161,223.1632261,213.3330067,216.2820683,4049412
11/12/2009,226.0433502,228.164617,221.9732978,222.4734361,4727766
11/13/2009,231.1480865,232.7864561,223.3528839,225.9052997,4597896
11/16/2009,229.6304932,233.5108432,227.6472031,231.0964032,3523808
11/17/2009,238.1500244,238.9950826,227.4057577,230.406566,5344330
11/18/2009,236.9255219,243.4100127,235.7527856,238.3396852,5582914
11/19/2009,234.5111237,238.8226238,230.9239471,237.9603238,3464664
11/20/2009,239.0812836,240.0642971,231.1308615,233.8557376,2800774
11/23/2009,239.4089661,241.4440025,236.6151225,239.7194025,2543474
11/24/2009,241.1163025,242.8236606,235.2354212,242.8236606,2721872
11/25/2009,242.4097748,245.4623294,238.6846429,241.1163248,3893254
11/26/2009,237.270462,243.9791388,236.2701857,243.1513435,4409118
11/27/2009,231.2515869,236.7530644,225.9225694,233.3555902,3769058
11/30/2009,237.4429474,239.0123292,232.4760907,232.4760907,3882888
12/1/2009,236.5288086,242.6166529,234.6317492,242.6166529,3229964
12/2/2009,236.0287628,239.7021694,233.5280927,239.7021694,2161954
12/3/2009,238.0120697,240.0298646,234.2869375,237.2187578,2978706
12/4/2009,239.7883606,241.7888922,234.8904929,234.8904929,3933408
12/7/2009,241.2369995,243.478979,239.7193434,240.7541032,2207652
12/8/2009,240.8576965,241.7372386,238.081094,241.3923185,4226172
12/9/2009,243.7548676,245.2035352,239.0984495,240.7540606,4708848
12/10/2009,243.3927917,244.8931852,242.1165836,243.1685853,1659484
12/11/2009,243.5479736,246.4108261,241.4439703,243.9101564,2688312
12/14/2009,243.203125,245.56584,241.7372148,241.7889612,3008842
12/15/2009,241.771637,245.5829981,240.4781872,244.2033183,2087152
12/16/2009,245.9797211,247.5663447,239.7194143,242.0303826,3565378
12/17/2009,249.290863,251.1016926,246.6177338,247.6524935,3782302
12/18/2009,250.929306,252.3089861,248.1871878,249.290936,2795290
12/21/2009,253.1885223,258.3450806,250.5843805,251.8260841,9326994
12/22/2009,249.7394104,256.1031909,248.0665562,255.2408906,3189142
12/23/2009,257.4999695,258.5174875,250.256651,251.2569272,4470686
12/24/2009,258.4484558,261.104343,255.6028669,258.6899039,3057686
12/29/2009,255.7236786,259.3108337,254.0853087,258.689982,2256278
12/30/2009,256.1893311,258.2588511,246.704031,255.9306411,1472110
12/31/2009,258.7762451,260.4146152,256.5515068,257.396565,2853462
1/4/2010,259.2591553,261.7598256,258.3623505,260.3456408,1963682
1/5/2010,259.3281555,261.9840444,257.5000833,260.4146622,2014488
1/6/2010,253.4644165,259.4487903,252.826323,259.3280556,3349176
1/7/2010,246.4107819,255.0337793,245.2380458,253.6885832,6474892
1/8/2010,241.3750305,247.8250392,240.2367986,246.9627392,6048178
1/11/2010,246.3418732,248.3768886,241.5819813,242.8236849,4318408
1/12/2010,258.7072144,260.0696524,250.7568134,252.4814132,9027690
1/13/2010,271.9865723,274.694206,256.8446019,256.9653154,10910272
1/14/2010,268.9857788,275.4013017,265.3641198,275.4013017,10327614
1/15/2010,272.9696655,275.7979924,266.3644399,274.5562889,7945008
1/18/2010,276.6949158,285.9387705,273.5216466,275.9360873,7261084
1/19/2010,269.2790527,276.6948329,268.5719709,276.6948329,5154850
1/20/2010,268.8306274,273.2455988,265.8988078,273.2455988,4347054
1/21/2010,265.8126831,273.159477,264.8641528,266.3645468,5089504
1/22/2010,261.397644,263.8638308,256.8619581,262.4841506,7574990
1/25/2010,260.8283691,264.0361192,255.6373301,261.2767607,3008286
1/27/2010,257.0588989,262.7305958,255.9695324,259.3759954,4844398
1/28/2010,256.5229187,262.1254457,251.6639448,259.2031379,6537196
1/29/2010,254.6035156,255.8485121,246.2861951,253.842675,5473326
2/1/2010,258.0445251,263.8026592,249.0009409,253.9636595,3378012
2/2/2010,255.3643036,263.7507935,254.1884574,261.1051501,4739188
2/3/2010,260.3961182,261.7621688,254.3613013,257.3008948,2977676
2/4/2010,255.4679871,260.7246765,253.3238086,260.3961294,2716612
2/5/2010,250.2112732,254.1883701,247.8250066,254.1883701,4607118
2/8/2010,250.4360962,254.101934,244.9027434,252.1133853,4170344
2/9/2010,254.2403717,256.5920433,249.3640901,250.7301413,3005894
2/10/2010,253.2546844,257.1972075,251.8021748,255.8830402,2337374
2/11/2010,256.8513794,258.6670112,254.1884486,255.2086649,2413156
2/15/2010,258.0445251,259.3759801,255.4161692,259.3759801,1956482
2/16/2010,262.194458,264.5461286,256.678393,258.4248532,1660490
2/17/2010,262.3674622,265.5837201,260.2578582,264.5289287,2528290
2/18/2010,262.41922,265.2377796,261.2779703,262.8342256,1814806
2/19/2010,259.5662231,262.6614479,257.9235084,261.0706167,2215880
2/22/2010,261.8832092,264.1138463,260.6900758,261.7967506,2143460
2/23/2010,263.5605164,264.563445,259.8082197,262.4884376,1853052
2/24/2010,264.6845093,266.5347371,260.1022007,261.4509641,4076058
2/25/2010,264.995697,266.2234053,263.2665244,266.2234053,2672984
2/26/2010,263.4568481,269.2495789,258.0445482,265.2897677,3015934
3/2/2010,263.9410095,265.9468463,261.1051612,263.5260037,4053352
3/3/2010,265.860321,267.6759525,264.2694905,265.9467797,2754742
3/4/2010,264.1831055,266.2926885,261.7968379,265.6010191,2053606
3/5/2010,263.733551,265.2379447,262.8862728,264.5635628,1287312
3/8/2010,263.7681274,266.2927165,262.9381157,265.4627048,3015740
3/9/2010,265.8429871,269.232161,263.8717262,263.8717262,3457732
3/10/2010,269.7683105,271.2899914,262.8343301,264.1139225,4587874
3/11/2010,273.7625732,274.9038439,266.9669382,269.7681891,3214030
3/12/2010,275.6128235,276.6676145,273.9009384,276.6676145,2510976
3/15/2010,282.8926697,283.5843388,273.6070202,275.6128564,6054434
3/16/2010,286.6968994,287.7171158,282.1318782,284.1031398,3088856
3/17/2010,290.7432251,292.5415697,287.0427897,288.4261285,4174794
3/18/2010,285.6075134,292.2302549,283.7573066,292.2302549,3724554
3/19/2010,283.8956909,288.5817465,278.4833699,278.4833699,4716624
3/22/2010,286.2127075,288.3568863,278.7945722,281.820625,3310110
3/23/2010,286.5758667,288.0802389,284.310633,287.042735,1694964
3/25/2010,286.9737244,289.3945681,282.8928778,285.0024617,5517582
3/26/2010,285.3308716,289.1177652,284.3798263,287.0427573,1997806
3/29/2010,280.8003235,286.8005436,279.6244778,284.9676249,3443266
3/30/2010,276.6676636,282.2355919,275.6820435,279.6418325,3097160
3/31/2010,269.9759216,279.1751181,268.8173625,276.667816,7083046
4/1/2010,279.3652039,280.0568731,270.4772498,271.947047,5781432
4/5/2010,277.8262939,282.546946,276.4083801,282.546946,3001836
4/6/2010,275.3015442,279.7455301,273.9528023,279.7455301,3702366
4/7/2010,275.9933167,279.78021,270.1487242,273.2093522,3024558
4/8/2010,276.4775696,279.2615348,273.2094273,275.2844356,4494438
4/9/2010,273.7625732,279.3996923,272.6040361,277.3592604,3018012
4/12/2010,276.0105896,276.6676838,273.2439128,273.5551723,2869882
4/13/2010,283.8783569,284.8985733,272.2583214,276.6677131,8404916
4/15/2010,284.1723938,288.7374163,283.2559233,284.27614,4290952
4/16/2010,281.8898315,286.3511072,280.7658689,283.2385952,3810958
4/19/2010,280.8003235,285.3134594,276.9269729,280.125942,6947704
4/20/2010,273.0364685,287.9592428,272.1718818,285.3135991,12016986
4/21/2010,271.4802246,276.3219101,269.8375099,274.9385714,7107490
4/22/2010,271.8087463,274.4716774,270.0968606,272.8981128,4751116
4/23/2010,269.8200684,273.900911,268.886311,272.5348606,4306068
4/26/2010,271.51474,273.5551726,269.8201631,271.8259996,2512548
4/27/2010,272.2756042,273.174787,270.1141378,271.8087359,2621234
4/28/2010,266.3964233,271.1170747,264.5635039,269.7510236,2400382
4/29/2010,262.7478027,268.1082383,261.3125809,268.0563547,4622964
4/30/2010,264.7018433,267.2610069,263.7162019,264.563501,3690224
5/3/2010,265.1860657,266.7769181,260.7939604,263.2666872,2416560
5/4/2010,263.1801758,267.9699774,261.727666,267.9699774,2896028
5/5/2010,264.8229065,265.6010345,255.9695471,259.3760103,4371230
5/6/2010,265.2897644,266.603953,262.5576832,265.5837365,2580872
5/7/2010,256.401825,263.7335028,254.1884747,261.7968372,4267152
5/10/2010,266.3791809,291.5386556,257.6468546,262.8343752,2327814
5/11/2010,261.554718,269.4051681,260.7247276,268.0218296,1351288
5/12/2010,262.6441345,265.5837291,259.7564025,261.7968354,2740076
5/13/2010,264.7710571,267.3994137,263.3358557,264.5981398,1321452
5/14/2010,264.1656799,268.7134121,261.105053,264.9092326,2026996
5/17/2010,257.9062195,268.0045966,253.8772369,268.0045966,3722050
5/18/2010,254.2229614,257.9925663,251.1796217,257.9925663,3199180
5/19/2010,249.5196381,253.4967355,247.7212941,252.4592319,3929266
5/20/2010,252.4592896,253.254705,247.6694882,252.1134549,2398092
5/21/2010,248.5513,251.0413131,236.9831299,245.5425352,2675092
5/24/2010,248.1709442,252.4593025,246.476367,250.7301291,2885428
5/25/2010,241.9286346,246.9259498,239.1619573,244.8509418,2297366
5/26/2010,255.2259216,257.5775926,243.5021209,244.8508842,3689464
5/27/2010,256.5574036,259.3586766,251.4909391,254.1884449,6883872
5/28/2010,259.6526184,260.5863761,254.3613531,259.3067838,2479374
5/31/2010,256.9723816,260.3788649,255.2259212,258.8571843,3327660
6/1/2010,255.6410065,260.0503988,254.0847504,256.9724616,3136912
6/2/2010,260.8457947,262.6614267,254.6380583,255.1568102,2769330
6/3/2010,264.7191772,265.9468862,257.6814284,262.8343739,1684434
6/4/2010,264.6845093,266.1889025,261.1743007,264.7191054,1368210
6/7/2010,260.499939,262.0734823,254.5342915,259.3414014,1734922
6/8/2010,259.4451904,263.5260356,258.3385152,260.759358,2242222
6/9/2010,253.5141602,262.3329463,252.8052031,260.0677329,4867400
6/10/2010,259.5488586,260.4134451,252.4592496,252.4592496,1796036
6/11/2010,262.5230103,263.9755197,259.7217587,263.4567678,3237024
6/14/2010,270.0969849,272.2065687,262.1427843,263.9929921,3550492
6/15/2010,269.7799072,273.8648268,266.452134,266.452134,2642976
6/16/2010,272.8434448,274.6570102,270.2023428,273.6533785,2328816
6/17/2010,273.0196533,276.3650509,268.9347554,273.6183077,1528920
6/18/2010,275.8016357,277.8088787,271.9456204,273.0196648,2225672
6/21/2010,277.3862915,279.6048141,276.2946225,279.2174608,1907428
6/22/2010,274.1993103,276.9636561,272.3153107,276.4354355,1468324
6/23/2010,276.8933105,277.8265091,271.1004854,271.1533161,2959524
6/24/2010,272.3681335,277.6679422,270.3432881,276.8932144,3777510
6/25/2010,267.1036682,273.1958109,266.2585063,273.1958109,2037322
6/28/2010,269.3045044,270.1496661,266.7866439,267.0859819,1153124
6/29/2010,265.4484253,269.3924763,263.7581239,269.3924763,2614662
6/30/2010,264.4625244,267.5966428,261.0290895,265.8711131,3316516
7/1/2010,257.771637,264.1102838,255.5707179,264.1102838,3407744
7/2/2010,261.927063,262.7017911,257.3667528,258.7577384,2943550
7/5/2010,260.2367554,263.7230209,259.5676672,263.6877933,2165596
7/6/2010,267.332489,268.3008936,259.1274441,259.3563483,2760904
7/7/2010,269.2516479,270.237677,263.7405591,268.1247945,2152934
7/8/2010,273.547821,274.3225488,271.0299826,271.8575195,2187564
7/9/2010,272.7203369,276.0833376,271.4173883,274.6747491,1836666
7/12/2010,278.7948608,279.6047949,274.6043018,274.6043018,2725776
7/13/2010,272.7908325,278.9005777,270.9948689,278.9005777,5545886
7/14/2010,272.7908325,276.3299075,271.2413763,273.970517,2833842
7/15/2010,275.4141846,276.4002135,269.4805157,271.5053611,3795536
7/16/2010,293.5675049,295.2754101,279.9570078,279.9570078,19135452
7/19/2010,291.1200256,293.9372026,289.9051138,292.7927244,3027924
7/20/2010,291.3136597,293.8843289,290.5213288,291.1199831,2342062
7/21/2010,296.8600769,297.4939375,292.141296,292.9864579,2943720
7/22/2010,297.1065369,297.916471,293.1624847,296.8600296,1362882
7/23/2010,295.5571289,299.3251081,294.0781064,299.3251081,1894472
7/26/2010,299.0609131,299.8884501,295.94442,296.6487141,2766490
7/27/2010,299.0257568,302.776111,297.9869185,301.085809,2106602
7/28/2010,300.8921204,302.1246353,298.2686199,299.6772085,4359228
7/29/2010,300.0271912,301.792057,299.674218,301.792057,5331904
7/30/2010,296.4269409,300.0272725,294.7326736,299.6742992,1283426
8/2/2010,295.897583,299.4802715,295.4387219,297.5565622,2827762
8/3/2010,293.6914063,298.0859278,292.4559998,296.8505213,1281552
8/4/2010,306.6632996,307.7928188,295.0328212,295.0857758,5583934
8/5/2010,309.8576355,311.4636814,305.551378,307.7927501,2912950
8/6/2010,305.2160645,311.8519592,303.7865267,310.6165525,2437734
8/9/2010,310.5635376,311.9224977,298.6506892,303.9629544,4259986
8/10/2010,305.1454468,312.3814001,304.0512381,312.3814001,1545194
8/11/2010,302.9041443,308.1457909,301.7216704,304.2630833,4020248
8/12/2010,301.2451782,302.4629409,298.6861209,302.4629409,2278092
8/13/2010,301.5804138,304.580687,295.7916427,302.4981358,2589906
8/16/2010,301.4747009,304.4573317,299.6039454,302.4983328,1319098
8/17/2010,300.0979309,303.9100386,297.9094919,300.0626206,1733196
8/18/2010,307.4750366,309.1340155,300.0273085,301.0862284,2888916
8/19/2010,307.8103943,310.9342212,306.1337709,308.4986966,2148534
8/20/2010,306.716217,310.5812798,304.6160212,306.7338614,1746396
8/23/2010,307.2279968,309.0105078,302.5157899,303.5570656,1049830
8/24/2010,307.3338928,311.2871986,305.3219405,307.0868072,2650474
8/25/2010,307.510376,311.145997,305.780798,307.7927503,2379968
8/26/2010,309.3811035,310.2635368,303.6452873,308.4986702,4204428
8/27/2010,302.1628113,308.1457135,300.3803003,307.8280289,1276514
8/30/2010,298.4918823,304.5453615,296.5328633,304.5453615,1558570
8/31/2010,297.8214111,299.2156609,293.0386242,296.4977604,2447874
9/1/2010,302.9923706,303.9100928,296.4976515,297.2035983,2745484
9/2/2010,297.9448242,306.20441,297.027102,306.20441,2758800
9/3/2010,295.5445557,300.5567811,294.7680101,300.0273211,2777970
9/6/2010,301.9156494,302.6745505,295.7915724,295.7915724,2287978
9/7/2010,307.563385,308.8164579,302.1452516,302.8511984,2484236
9/8/2010,310.2811584,311.6401185,303.1687598,304.9689149,4189478
9/9/2010,308.7457275,311.4989148,307.5632541,311.3224281,2938158
9/13/2010,310.5281982,313.7932006,307.3337948,307.5632145,2349410
9/14/2010,316.0346375,317.3229986,310.7223936,311.6754258,3071038
9/15/2010,322.8999329,324.5236228,317.3229597,317.6759329,5560394
9/16/2010,316.0522461,322.4234087,305.1453644,320.4997003,2334264
9/17/2010,322.5469666,324.2941885,317.7112285,317.7112285,3007978
9/20/2010,321.9999084,325.4061096,320.0409108,323.6765317,2419108
9/21/2010,336.718811,338.1483483,321.3115212,321.91158,4997184
9/22/2010,330.1182556,338.8543442,328.2651459,337.4424511,4031066
9/23/2010,328.7416992,333.6656814,327.4886482,331.7949271,3327236
9/24/2010,328.9535522,331.0537482,326.5003829,329.3594587,2738784
9/27/2010,327.4179688,332.306661,325.4413272,330.0299793,3423290
9/28/2010,324.6119385,328.3710916,322.6529192,326.5885805,2521714
9/29/2010,324.8589783,330.8242358,322.935291,326.5003128,3370194
9/30/2010,327.1885376,328.2651016,323.0234578,326.5002355,7560924
10/1/2010,339.4191284,340.9722196,325.4413939,327.2062604,3326156
10/4/2010,337.3718262,344.1489168,336.3835054,341.2368875,2140956
10/5/2010,335.4128723,340.9545573,333.9656904,335.324629,2211664
10/6/2010,338.7308044,341.6428339,335.3246038,335.3246038,1838960
10/7/2010,334.9009705,340.9721139,331.2300621,338.8542746,1972940
10/8/2010,332.7125854,336.9835748,306.7337622,333.224401,2695996
10/11/2010,332.1127014,336.7190003,327.9299534,332.712739,3065370
10/12/2010,335.5717468,337.3719022,331.4772433,332.7303158,2608902
10/13/2010,350.4496155,352.1615493,335.0070299,337.4249105,5350604
10/14/2010,348.0493469,354.3852225,346.7433413,351.8791205,2949086
10/15/2010,335.4305725,356.8560593,333.5598181,352.6203791,5717798
10/18/2010,346.3551331,347.3258099,328.2652471,342.3841825,4480734
10/19/2010,341.5899353,348.5258698,340.301574,346.6198052,2200912
10/20/2010,340.0015259,346.0903152,337.5130685,340.4427425,2206638
10/21/2010,348.1022034,350.8024356,342.3840327,343.81357,3752354
10/22/2010,367.1628113,370.4101915,360.7387144,360.7387144,9610404
10/25/2010,376.605011,378.7228517,366.1040507,368.151314,5156316
10/26/2010,375.0692749,376.8870953,367.6392157,375.3869594,3507024
10/27/2010,369.9867249,376.552065,368.3454329,374.1518285,2141382
10/28/2010,371.6455688,376.8166359,367.092205,370.6219377,5255690
10/29/2010,371.6455688,374.1516705,363.9154455,374.1516705,2212398
11/1/2010,372.5297852,377.1271718,371.0090938,372.0523729,1147948
11/2/2010,371.1329346,374.8639087,369.0994747,373.0956827,1565778
11/3/2010,372.3175354,381.5830187,370.7614885,371.6456012,2217878
11/4/2010,378.0996094,381.4415378,375.3942161,375.5710387,1717440
11/8/2010,377.7459106,382.7853518,375.6063412,381.9365952,2248586
11/9/2010,385.8622742,388.5499691,377.8699012,379.7795939,3504086
11/10/2010,386.2865295,391.8387399,384.0939042,386.26883,1540224
11/11/2010,376.5434875,385.4730232,374.2447952,385.4730232,1926096
11/12/2010,373.4139099,378.3649418,370.6908164,374.8638463,1802330
11/15/2010,376.9857788,381.8837561,372.3883913,376.6321336,1389396
11/16/2010,370.9382935,377.1270817,368.5688458,376.985615,2178076
11/18/2010,368.7810364,379.1074535,367.7908131,379.1074535,2765160
11/19/2010,359.0912781,370.973746,355.7670052,369.5238095,2172652
11/22/2010,367.4725647,368.851789,357.7119699,359.3033726,2221236
11/23/2010,364.2721558,369.5591328,358.0303111,365.6690367,1684448
11/24/2010,355.3249512,365.845894,353.2738137,362.4862652,3008608
11/25/2010,361.3545532,368.4628326,356.155966,357.1992234,5855006
11/26/2010,370.3548584,372.741963,362.4862543,362.4862543,3617826
11/29/2010,378.8598938,381.4061205,371.4156495,373.0954632,4518892
11/30/2010,380.5220947,384.0762449,372.423614,375.0405962,4808408
12/1/2010,382.6085205,386.604683,376.2782666,376.2782666,3776032
12/2/2010,387.5242615,388.7266201,380.1861267,385.826748,4095716
12/3/2010,388.0724487,393.6070033,385.8798663,386.5518007,2030112
12/6/2010,389.6107788,392.5460503,387.3474848,389.0095994,1930954
12/7/2010,384.5889587,389.0095215,382.679267,389.0095215,2158324
12/8/2010,381.6362,386.5164775,378.8423944,385.8091871,1984132
12/9/2010,379.3197632,388.0548239,377.7283601,383.2452155,2579902
12/10/2010,380.1330261,383.2981317,373.8027719,377.3392219,2245624
12/13/2010,380.5574341,382.1841927,370.7614834,378.7538529,2115066
12/14/2010,382.272522,385.3315597,376.3313122,379.5317734,2615340
12/15/2010,390.300415,391.9802292,382.4671676,383.7402813,2572034
12/16/2010,403.4029236,404.5699696,390.4772219,392.1923919,4515704
12/20/2010,412.5978699,416.240433,394.2613735,401.3166216,4514046
12/21/2010,410.5113525,414.5605727,408.106548,413.4112258,2810642
12/22/2010,406.6033325,413.4109987,402.3595926,412.7037087,3186836
12/23/2010,403.1555481,410.0693294,400.3617422,406.6920003,2850924
12/24/2010,403.5444336,406.2675269,398.1159897,401.0335619,1624640
12/27/2010,403.5797424,410.0337651,402.5188072,404.923611,1664936
12/28/2010,405.4010315,407.0101339,403.1730934,403.5797507,1012876
12/29/2010,409.1496887,410.9356138,405.6486367,406.3382274,1042370
12/30/2010,413.8354797,415.4622817,407.5759787,407.5759787,3845552
12/31/2010,412.2265015,417.301301,410.8649762,414.6489622,1532980
1/3/2011,409.5387268,416.2225847,408.300969,412.7038332,1405042
1/4/2011,404.8353882,412.4034049,402.4836387,411.6077032,2502868
1/5/2011,409.8568726,412.3147313,403.7741956,405.0119531,3069674
1/6/2011,414.3658142,418.0083748,407.7880261,413.057345,2846720
1/7/2011,404.0924072,419.7234966,402.501005,415.8864576,2532724
1/10/2011,399.937439,406.3384096,396.4363422,405.8079417,3952426
1/11/2011,388.479248,401.5818198,384.6952617,397.1435554,3768730
1/12/2011,401.723053,407.2576063,391.8386917,392.5106259,3160874
1/13/2011,397.5855713,408.7961056,394.7387105,399.2476863,5589198
1/14/2011,396.1355896,406.6918878,396.0825342,399.5836295,3151692
1/17/2011,402.2359009,405.4717618,396.0824682,396.506825,3000212
1/18/2011,425.2759399,427.5215777,411.766671,415.1793549,8481370
1/19/2011,421.8985291,427.5568496,419.0693688,425.5941024,2952040
1/20/2011,428.6885986,431.0049914,417.301243,417.301243,4545208
1/21/2011,428.4940491,431.4469767,425.7886557,427.9105261,2597404
1/24/2011,427.6276245,431.4470087,423.7552281,424.374107,2016678
1/25/2011,420.3248901,431.1994767,417.3012073,429.6080738,2467094
1/27/2011,424.8769226,428.6141415,418.5714117,420.6791729,4714118
1/28/2011,418.482605,426.3644674,412.7793334,423.3180034,3014578
1/31/2011,410.7426147,414.1079057,399.7788684,414.1079057,5940816
2/1/2011,407.4305115,412.6909845,401.3552664,412.6909845,4212708
2/2/2011,418.872467,424.6997604,411.752228,414.4621816,3937618
2/3/2011,419.3151855,423.5660789,414.692365,419.6694267,1883412
2/4/2011,406.9522705,419.1027166,403.9234912,416.587613,3457600
2/7/2011,400.6998596,415.7019627,399.0526297,415.7019627,2578382
2/8/2011,398.5566711,407.3418681,396.2186884,401.0009435,5288638
2/9/2011,389.0630798,400.1508021,383.8911244,397.6356985,6012732
2/10/2011,386.3885498,394.8017775,379.746528,389.6652806,4551822
2/11/2011,385.9811401,391.1530522,374.0432309,384.0328139,2945056
2/14/2011,394.0224915,396.7501313,385.0601721,386.4771368,2462548
2/15/2011,388.8505859,396.3959415,381.3584184,396.3959415,3625426
2/16/2011,388.4255066,393.1014735,382.9347676,391.436557,2464592
2/17/2011,392.924408,394.7841747,386.9731804,391.4366119,1477760
2/18/2011,386.0166321,401.1427578,383.3244075,393.2963063,4076928
2/21/2011,403.3390808,406.6689572,374.8580755,386.1229646,5657800
2/22/2011,403.3921204,406.5625614,396.7500986,397.6888463,3305400
2/23/2011,398.7162476,405.5884931,397.8483306,399.6372661,1879344
2/24/2011,393.8452454,403.3920251,386.5833033,396.3957638,5378830
2/25/2011,393.2252808,395.6872387,385.5028089,391.5426358,3070474
2/28/2011,393.2962646,406.7574293,389.6652926,390.0903647,3229396
3/1/2011,398.3440857,401.0008937,388.8149922,394.2703134,3167804
3/3/2011,407.4482117,409.1485867,392.1450091,396.7147292,3452600
3/4/2011,402.2588196,412.1067041,401.1783661,412.1067041,2061198
3/7/2011,392.5877686,398.521308,387.6992232,398.1670669,4184588
3/8/2011,395.9354553,399.8675681,391.4897533,391.4897533,3947902
3/9/2011,399.1234131,403.1263546,396.2186535,397.6533472,2424486
3/10/2011,392.6940613,397.4585877,389.665282,397.4585877,1871324
3/11/2011,381.5354614,390.5154662,376.6646454,389.6652788,5012882
3/14/2011,388.7974548,390.3738109,374.9289029,379.3923335,3248618
3/15/2011,386.0519714,388.0533991,377.4970401,380.8091858,3411868
3/16/2011,394.9257202,397.9721853,386.5302226,386.8313189,2677874
3/17/2011,388.9567871,396.3604359,387.0616056,391.4364752,2056102
3/18/2011,383.554657,392.8534884,381.1989444,387.3627499,2211348
3/21/2011,379.3214417,386.6542162,377.7981874,386.6542162,2619090
3/22/2011,378.8609619,382.5804945,376.5583941,380.844704,2657774
3/23/2011,377.036499,379.3922109,374.5213959,379.3922109,4352248
3/24/2011,387.3274231,388.0890505,379.0381685,379.3924098,3094834
3/25/2011,396.6260986,399.7611241,390.9936559,395.6342061,4146434
3/28/2011,396.7146606,399.1234744,392.4991824,398.1138958,2248642
3/29/2011,403.3745117,408.0505224,396.4491209,396.7502174,3159588
3/30/2011,408.0681458,412.3367696,405.5707712,406.6689103,2294770
3/31/2011,419.3862915,424.3810853,408.0859852,408.0859852,7394126
4/1/2011,418.0577087,424.6465856,415.3654846,419.7757697,1799624
4/4/2011,429.7654114,430.757304,419.4215855,419.7758267,2311616
4/5/2011,439.2060547,440.6584353,426.4179528,430.4208966,2891014
4/6/2011,432.8296509,441.7210974,430.1020106,438.9048968,2422352
4/7/2011,424.8060303,432.1742645,423.3713794,432.1742645,2149016
4/8/2011,423.6724854,430.0488271,419.6872718,423.9913111,1983768
4/11/2011,417.4378357,423.3182309,416.3396966,418.0577578,2256232
4/13/2011,428.6673889,432.6703329,415.9855763,416.2335279,3757530
4/15/2011,422.0429688,432.1388428,418.0046105,431.0761192,7566770
4/18/2011,405.4642944,429.5172702,403.8525236,424.380775,7765454
4/19/2011,412.5847168,414.2496764,403.8349763,405.4644772,3120224
4/20/2011,431.7137146,433.5912102,417.8452068,417.9337671,5338548
4/21/2011,422.2910156,441.3137981,414.7633885,439.6134226,17333968
4/25/2011,424.3278503,426.5064426,415.4009886,424.0267539,4191552
4/26/2011,421.1927185,425.7978534,418.128524,425.0893711,3155246
4/27/2011,418.2170715,423.3004231,416.6053003,423.3004231,1774478
4/28/2011,410.4414368,419.244319,409.3609842,418.05762,2846194
4/29/2011,412.9212341,415.1706569,407.4659114,415.1706569,1866696
5/2/2011,410.3705444,417.118854,408.2628274,414.462046,1543070
5/3/2011,403.2858276,411.6282242,400.6467483,411.6282242,2120156
5/4/2011,402.7900696,405.9605118,395.0321768,405.9605118,2722934
5/5/2011,394.9788513,405.606085,392.5345789,405.606085,1885596
5/6/2011,407.005249,408.6170631,396.6614274,396.7499876,2405348
5/9/2011,402.2588196,408.0683437,398.344435,407.3775903,1012232
5/10/2011,403.799469,410.9019776,399.5839909,401.3551966,1529158
5/11/2011,403.923645,407.9796906,398.9111219,403.4808434,1460670
5/12/2011,393.8275146,401.6739631,392.6230863,401.6739631,2540458
5/13/2011,399.2652283,404.6497202,393.9161951,393.9161951,2365488
5/16/2011,400.6822205,406.4563694,396.7501517,397.1043929,2227368
5/17/2011,404.4370728,407.0938812,397.4762693,397.4762693,1391414
5/18/2011,409.1663818,411.4512207,404.6320764,404.6320764,2225180
5/19/2011,412.6377563,414.4621067,409.5027311,412.6909012,2050922
5/20/2011,416.2333374,419.2089716,412.071004,415.790536,2050600
5/23/2011,413.2400513,414.6392866,407.3773427,412.336719,2017284
5/24/2011,407.3420105,415.4541435,403.5339172,411.8585863,1681994
5/25/2011,399.7964783,407.3418306,396.7500136,407.0584205,1867470
5/26/2011,402.3294373,404.8976859,396.7501384,403.4807211,2060218
5/27/2011,405.4468384,407.3420204,402.5243481,406.8638034,1286704
5/30/2011,408.0681458,410.9020754,404.6497527,407.7316339,1140868
5/31/2011,409.9102478,417.1898791,407.4128298,409.1486205,2644154
6/1/2011,416.3752136,416.941991,409.8571654,409.8571654,982386
6/2/2011,413.6650391,415.1705637,409.7329716,410.530014,1697654
6/3/2011,408.1211853,416.2333156,407.3772876,413.0451455,1367808
6/6/2011,412.4605713,413.7535598,403.8348101,403.8348101,1357074
6/7/2011,417.7565918,419.1204115,410.2112383,411.9824439,1837442
6/8/2011,421.3588867,422.6428563,414.9746526,417.9706107,2127670
6/9/2011,423.1242371,425.7813843,419.0761485,419.0761485,2693966
6/10/2011,424.1408081,427.1011088,422.6785082,423.1956923,3774550
6/13/2011,419.1832886,424.6045132,418.2024718,424.1408369,3229400
6/14/2011,424.8005066,426.1736408,420.1460696,420.1460696,2125782
6/15/2011,422.3752136,429.7759193,421.3052321,422.9993695,2812382
6/16/2011,410.5698547,422.9638105,409.5355303,421.929486,2337520
6/17/2011,395.6079102,412.6563038,393.7532925,411.9429826,3788146
6/20/2011,381.3771973,399.1032117,377.3469151,397.6765693,5310408
6/21/2011,394.7341614,396.1429535,379.2015732,383.4101861,3425946
6/22/2011,386.4417419,398.3542141,385.1934299,398.0332109,3570834
6/23/2011,391.2566528,392.6832951,381.6624746,385.8354295,2428236
6/24/2011,405.7905273,406.860509,391.9699315,392.326592,4151588
6/27/2011,410.3735657,411.835865,400.173084,400.173084,3125218
6/28/2011,411.5865479,414.4398341,405.0418311,413.7265126,2133332
6/29/2011,417.2394409,420.4672371,411.8360235,411.8360235,2958704
6/30/2011,422.3573608,425.1393302,416.2228174,417.2214843,5172916
7/1/2011,425.1037292,427.27935,420.7524443,427.27935,1920840
7/4/2011,422.8926392,427.9929054,420.8596903,425.4962801,1603734
7/5/2011,420.6631165,424.7825617,418.505347,424.3545866,2061136
7/6/2011,421.8579712,425.4602328,417.8990056,420.2351488,1490178
7/7/2011,426.5303345,427.9926339,421.9650623,421.9650623,2602634
7/8/2011,417.8815002,429.7761254,417.0255059,426.5661792,3412060
7/11/2011,412.5315857,420.0749678,408.9471284,417.2929971,1822504
7/12/2011,408.5013428,409.7318484,396.642374,405.0595582,4079404
7/13/2011,409.8209534,416.5796555,403.383211,410.1597636,3952600
7/14/2011,400.779541,413.227006,399.1389108,410.1597332,6937844
7/15/2011,408.7508545,420.1104847,406.9853586,416.5795364,7279700
7/18/2011,401.2611084,410.8730961,400.2802915,409.4464534,3125208
7/19/2011,406.6109924,409.499935,399.5490941,400.0305773,2195292
7/20/2011,403.9003601,410.8017789,401.2432555,410.1597723,2807746
7/21/2011,400.3694153,403.9181712,399.4777637,403.7398409,1850624
7/22/2011,404.2391052,407.0567325,401.7781385,401.8673037,2090442
7/25/2011,406.5574951,408.0197951,400.5834291,404.8098492,4740714
7/26/2011,408.2515564,410.8551526,402.0456534,406.5217612,3968722
7/27/2011,409.1433105,411.8182657,405.9333644,409.7852737,2024290
7/28/2011,403.9222107,409.4112956,400.6144507,407.659068,4093814
7/29/2011,406.5864258,408.3744048,401.097339,405.1560426,1719138
8/1/2011,405.9606934,411.1994814,402.3310867,408.5175124,1982346
8/2/2011,404.3157654,405.5137028,401.3119514,404.2621173,2025292
8/3/2011,397.0565491,402.5456367,391.6926112,400.5073578,3064246
8/4/2011,391.8713379,400.3284871,390.1727579,396.9492243,3049294
8/5/2011,378.3185425,384.0579738,367.6085634,383.754026,5269388
8/8/2011,359.5090027,369.5216871,356.3800388,361.6009516,6549306
8/9/2011,345.0084229,352.3033859,338.8935434,345.0799464,8159270
8/10/2011,351.8921204,361.8869267,348.2267636,357.2381816,5949080
8/11/2011,349.8538818,351.6597583,344.3647944,350.4439237,2900464
8/12/2011,338.6968994,354.6993128,335.2460909,354.2165454,4169084
8/16/2011,348.1552124,349.8537922,341.8794114,345.7950892,2983568
8/17/2011,357.5600891,360.9572496,346.8679648,348.477146,4557892
8/18/2011,344.1323853,360.9215161,342.5768519,359.7057032,3619896
8/19/2011,332.1886597,338.6253848,323.6242349,337.2128769,5443614
8/22/2011,328.2907104,332.5639832,322.5513041,332.2063875,3528922
8/23/2011,351.0159912,353.3046128,329.1132508,329.2920487,4874670
8/24/2011,344.2216492,349.7286323,341.5039303,349.7286323,3194790
8/25/2011,339.8591309,347.940789,335.4249332,346.7607269,4445488
8/26/2011,339.1618042,346.6891928,336.1401148,340.1094202,3584910
8/29/2011,364.6047363,366.1781669,344.7581658,344.7581658,5590444
8/30/2011,372.7578735,375.5828891,366.2317501,368.3236769,5966682
9/2/2011,365.4985962,384.3260206,361.886888,383.700228,4413506
9/5/2011,367.5011902,369.4679671,357.0415347,363.2458132,3789658
9/6/2011,369.7183228,372.6148401,359.3837949,364.0325406,4763292
9/7/2011,368.6812744,375.4755947,366.5356996,369.7898127,4432156
9/8/2011,370.4871521,377.2456779,367.9660842,369.3964674,4892662
9/9/2011,363.3352051,376.0477313,361.4042009,371.8996288,5062650
9/12/2011,352.4822083,358.9725594,349.9611621,357.5958242,3297170
9/13/2011,355.3608398,366.1781132,353.5728608,356.8090985,3798204
9/14/2011,362.9954529,367.9660428,355.360792,357.9533613,4745632
9/15/2011,372.5254517,373.9737322,361.1717842,367.6085091,3852238
9/16/2011,367.519043,383.4857024,365.2125459,374.7603571,4656504
9/19/2011,364.0505066,369.2177718,362.0658537,365.2842168,2240234
9/20/2011,378.3185425,380.482015,365.498739,365.498739,3487986
9/21/2011,373.1512146,381.8944144,370.7910911,381.8944144,2740760
9/22/2011,355.5931396,369.7539193,352.6608508,365.820367,3141570
9/23/2011,354.1271362,362.9597574,351.2484942,353.3046702,4564232
9/26/2011,356.5051575,360.4565869,346.5103499,356.1654371,3388478
9/27/2011,372.0963745,373.6876586,359.7414206,362.5306638,3964578
9/28/2011,374.7245789,380.732161,370.8267766,374.9391276,4425190
9/29/2011,379.5700073,381.912277,370.3619164,373.0617819,5380350
9/30/2011,370.9340515,380.4818396,369.4321233,375.4397488,2691018
10/3/2011,373.0797424,375.4398662,363.0670375,364.7477422,3949264
10/4/2011,374.0273743,378.6940177,368.0018927,371.3275517,4718224
10/5/2011,373.1691589,380.1243806,372.2572721,377.084816,3415262
10/7/2011,374.9570923,385.4167694,371.0056412,384.4512346,5085808
10/10/2011,380.7322998,384.0579588,374.7604663,374.7604663,3854814
10/11/2011,372.2034912,385.4881808,369.9327672,384.4153936,4476374
10/12/2011,385.863739,389.5648466,379.7667136,381.1970967,5871662
10/13/2011,390.7626648,395.1253145,386.2390709,392.1036485,5408918
10/14/2011,405.6031189,407.9274921,389.3861548,389.5649527,6710132
10/17/2011,400.5966492,412.665506,397.3961846,411.7715166,4358690
10/18/2011,369.5932007,380.5713756,364.9265575,379.7667849,12006778
10/19/2011,375.1000977,377.049021,370.1831554,372.9724201,3827420
10/20/2011,373.651886,374.4028285,368.4309957,370.4692744,2245412
10/21/2011,375.421936,379.0515421,372.9724136,377.2278123,2461130
10/24/2011,386.1140137,390.6018578,378.8726997,379.0514976,3271720
10/25/2011,393.9671631,396.9613979,384.2134331,390.5067411,4158746
10/28/2011,402.1610413,408.4722535,398.3958242,404.850482,3259116
10/31/2011,400.1170959,405.9262707,398.7544284,401.6231653,1778740
11/1/2011,397.4815063,402.6990404,393.106699,397.3201574,1458210
11/2/2011,396.9076843,402.2865662,394.451337,394.8995772,1550844
11/3/2011,396.2443848,397.8221992,389.7897251,393.6625384,1891268
11/4/2011,394.3795776,403.4160803,389.8612825,401.981712,2716008
11/8/2011,396.3339844,399.758557,393.0170069,393.0170069,1692104
11/9/2011,402.6809082,410.9464721,396.7103858,398.0371589,3921980
11/11/2011,405.567688,409.1536092,397.0511251,398.0372535,3629590
11/14/2011,404.6354065,414.5325415,403.2368883,408.7950668,2329150
11/15/2011,403.2010498,408.4185397,401.6232355,403.4341435,1468478
11/16/2011,400.6369324,406.2130558,396.315881,403.7746125,1871602
11/17/2011,399.8838501,402.8780843,397.1764632,399.8300525,1391988
11/18/2011,389.6462708,397.9656359,385.9527974,396.51332,2789442
11/21/2011,382.6894226,390.25575,380.1434278,389.0723787,2871704
11/22/2011,387.9428406,392.6583353,379.031836,383.2990906,3723582
11/23/2011,380.932373,387.9786722,373.2943445,387.9786722,2355750
11/24/2011,391.5109863,393.1605017,374.7288537,380.8249211,3766844
11/25/2011,381.506134,390.1123442,379.0676903,389.0724184,2140604
11/28/2011,390.3275757,393.0170169,385.1279892,386.5444108,1504486
11/29/2011,392.0487061,396.5669571,389.5026675,391.9411109,2554696
11/30/2011,400.0274658,402.6810125,387.6918879,387.6918879,3481698
12/1/2011,406.9302979,411.8609388,403.846371,408.7949591,2481448
12/2/2011,422.4215393,424.9316843,405.065671,406.9482798,3968866
12/5/2011,423.4794922,424.5373656,416.8814299,420.4494052,1530476
12/7/2011,422.9772339,427.7644286,420.8435851,423.1385828,2637422
12/8/2011,422.2780457,426.3660043,418.5307757,419.5527545,3326444
12/9/2011,420.4133606,424.142727,416.3254022,416.3254022,2763230
12/12/2011,423.2640686,426.7244902,414.2096204,421.7042021,3172170
12/13/2011,422.6724243,429.1988258,418.3514165,421.3456513,3274558
12/14/2011,424.0171204,426.3659156,419.5526672,423.3178834,3346176
12/15/2011,424.0350952,426.6886851,414.0303684,423.03102,3669372
12/16/2011,411.0540466,424.0530072,406.0337584,421.9014551,3550896
12/19/2011,410.1039429,415.0345852,399.6151219,408.4364805,3667724
12/20/2011,406.4104919,412.775504,404.5816803,410.7135987,1809396
12/21/2011,415.5007629,418.1185035,402.5017957,412.3810283,3116976
12/22/2011,412.990448,417.3473502,406.7330342,413.0980431,2086268
12/23/2011,414.9448853,416.6840483,408.4722799,412.7395349,1578590
12/26/2011,426.1509399,426.7963796,413.6360646,414.9449347,2229352
12/27/2011,422.9413757,426.7245394,419.5526984,425.0750247,983902
12/28/2011,419.2658997,424.4117317,418.0825719,422.6725249,1197910
12/29/2011,418.0108032,422.4573541,415.7875497,417.2219181,1585728
12/30/2011,416.2000732,424.0353046,414.7119068,422.4216396,1545410
1/2/2012,422.6365662,425.2722089,413.4566188,416.3253551,2248542
1/3/2012,429.4497681,433.8604672,423.1385577,424.3039816,2708884
1/4/2012,420.6286316,432.1035815,419.301858,432.067731,2386770
1/5/2012,420.2700806,424.9317794,418.602618,420.5569719,2547312
1/6/2012,419.337616,426.1329188,414.8193642,418.1183941,2119728
1/9/2012,420.0367737,423.0310084,417.849371,419.9112752,1509028
1/10/2012,417.9032593,425.110952,415.4289649,421.3457348,3591790
1/11/2012,407.7191162,421.3456126,406.3385457,420.0546901,5675380
1/12/2012,390.6860962,399.8301948,383.2094596,394.8099054,9528684
1/13/2012,389.3414307,395.6526438,384.7693807,393.42939,4019828
1/16/2012,397.8221436,399.4716587,386.8850829,388.7138941,3047202
1/17/2012,395.8677979,403.3085852,392.2998234,401.5873691,3704218
1/18/2012,385.8988647,393.1245037,374.8363081,387.2794355,11665532
1/19/2012,385.6838684,390.4710656,382.0441487,389.7897317,4163292
1/20/2012,387.1002197,391.2060823,384.7693708,387.2615687,2572694
1/23/2012,386.4545288,391.3851681,385.1815536,389.4308595,2130496
1/24/2012,390.3990784,392.6582254,386.5621616,390.1480815,2641310
1/25/2012,394.8221436,399.119143,392.3230592,393.707445,5845238
1/27/2012,398.6876221,402.9307187,395.5772206,397.3391859,5209718
1/30/2012,399.7663574,402.3553372,395.8109448,396.440215,2595558
1/31/2012,407.191864,408.4504047,400.2159439,400.2159439,3538120
2/1/2012,405.8612366,408.1266266,398.5077832,406.112971,2288804
2/2/2012,412.8014221,414.4734924,406.4368184,408.4864247,3386140
2/3/2012,421.2695923,422.8697195,410.2843112,411.7226436,2777558
2/6/2012,429.288147,431.5175879,421.9166956,425.6383708,3427196
2/7/2012,430.7804565,434.9875603,428.5870089,434.9875603,3407656
2/8/2012,438.5654297,441.1544098,435.4550279,437.3967849,3627184
2/9/2012,441.7835693,443.0061601,427.1845115,435.4908682,3038062
2/10/2012,443.509552,445.1636245,435.8144693,441.5677956,2324302
2/13/2012,440.7408142,445.1457054,436.5337112,439.4822739,1631770
2/14/2012,438.69104,442.1250735,436.8931259,440.4889541,1826646
2/15/2012,446.458252,449.0472759,438.5114763,441.2622951,2167166
2/16/2012,440.6149597,446.6020246,437.9720338,445.1636928,1886660
2/17/2012,441.8375549,450.9170245,439.050787,444.0310022,4096568
2/21/2012,444.8222351,445.8829876,433.2076849,439.9678639,2489504
2/22/2012,450.3239441,455.5378997,441.9276864,444.0851853,3141826
2/23/2012,453.002655,458.4323492,447.3212264,449.137138,4086880
2/24/2012,456.6703491,460.5718154,452.0856665,452.7149366,2346400
2/27/2012,450.2158508,460.24818,447.8965145,459.9065938,1861370
2/28/2012,441.0467529,453.2186344,438.367832,451.3667723,3973490
2/29/2012,439.3923645,445.8828543,435.9044275,445.8828543,3060216
3/1/2012,438.5473022,441.1902278,435.1133118,439.7698929,1568594
3/2/2012,437.7022705,441.2082037,434.0165459,440.8486208,2309232
3/5/2012,434.1245422,439.5721892,431.8591519,436.5337306,1540878
3/6/2012,432.2188416,439.1588122,427.5442617,432.5784246,1717722
3/7/2012,428.9286499,433.657176,426.6633029,429.7017623,1945666
3/9/2012,434.5739441,441.2082312,432.5602447,441.2082312,2225758
3/12/2012,427.5622864,438.277836,425.4586902,437.2170835,2240278
3/13/2012,430.4207153,436.8752106,427.9036351,427.9036351,2492464
3/14/2012,415.1564941,436.533682,413.8799572,435.1312998,8065314
3/15/2012,418.4467163,421.053693,411.7225318,416.7566938,4284236
3/16/2012,420.5502319,424.307856,416.3970315,420.69403,2054724
3/19/2012,403.452179,420.5503704,399.7844494,420.5503704,5132864
3/20/2012,408.0727539,411.7225301,402.7329552,405.9692022,3683204
3/21/2012,422.7795715,424.2358998,408.6839402,408.8277382,4553242
3/22/2012,419.9029541,427.7957816,417.1161865,422.4020378,3421694
3/23/2012,425.980011,428.5869877,418.8422972,422.5100262,3158436
3/26/2012,417.6916504,426.1059023,414.9588281,423.229238,3053384
3/27/2012,422.4202271,424.1821929,414.2217152,421.7909567,1588246
3/28/2012,418.9501038,422.3841386,415.1205364,422.1504009,2051096
3/29/2012,410.3560181,418.5545263,407.1917147,413.8799483,2681214
3/30/2012,420.2805786,422.7796626,411.9022781,411.9022781,2543342
4/2/2012,429.4318542,431.1398729,420.7119694,420.7119694,2326988
4/3/2012,423.5887146,434.1424654,422.6178582,431.5714385,2269154
4/4/2012,423.7504272,427.831728,419.6332208,420.3523866,2165054
4/9/2012,418.5905762,427.184619,416.4870243,420.7121247,1576628
4/10/2012,415.7497864,422.743701,414.3294513,419.3816093,1532992
4/11/2012,409.241272,415.3182315,408.1984728,413.4124247,1781586
4/12/2012,406.9220886,412.8012616,406.0051345,410.0144935,2114686
4/13/2012,384.160614,397.2314515,381.6075827,392.4310257,8994680
4/16/2012,384.6640015,386.300122,378.7488773,383.0458776,5016110
4/17/2012,392.2509766,393.7252576,386.1201148,390.1474255,2473664
4/18/2012,394.6601563,400.8269667,393.3296734,395.5411166,2882264
4/19/2012,396.6021423,397.9865723,392.3410916,395.8650234,1767416
4/20/2012,391.3881531,398.4000225,387.4147867,393.1141693,2450024
4/23/2012,382.6862488,396.4043505,376.7171791,393.3658475,2843868
4/24/2012,429.4138184,433.2973307,401.7619325,403.4519544,18113782
4/25/2012,421.0896606,427.9037405,419.8131235,427.5441575,5417898
4/26/2012,429.5760193,432.1829971,418.7345785,420.7122859,5476292
4/27/2012,432.9378662,435.8145298,427.903705,427.903705,3711146
4/30/2012,448.2559814,449.4785719,432.9377605,432.9377605,4604822
5/2/2012,455.681488,458.2525149,446.6379682,446.6379682,3981448
5/3/2012,460.0864868,461.74056,452.5532399,454.0454744,3358922
5/4/2012,459.1156311,465.7499205,454.1713644,460.2662792,3571718
5/7/2012,457.8390503,459.726861,448.9034216,453.0745756,2627762
5/8/2012,431.7512817,443.9771035,429.935414,440.489166,9631578
5/9/2012,440.6869812,443.9411811,429.3780691,429.7017025,9271544
5/10/2012,443.20401,446.5301525,440.489141,440.6869292,2992620
5/11/2012,442.5566711,444.7681148,439.1226368,440.1294865,2745190
5/14/2012,440.8308105,443.7254716,438.691309,441.3162828,2573752
5/15/2012,440.9565735,443.3657616,438.6192844,440.1295152,1875510
5/16/2012,439.9137573,446.5660414,433.9266929,438.6911666,4567936
5/17/2012,439.4105225,444.0851025,431.1581084,439.4105225,4137524
5/18/2012,435.3291016,440.4531585,432.452438,433.2255501,2656670
5/21/2012,434.8077393,440.4891681,432.955922,435.4550062,2227088
5/22/2012,440.147522,445.8828524,436.1741129,439.0507764,2360916
5/23/2012,440.5429077,444.2825779,436.5694999,443.3656241,2162806
5/24/2012,439.2125549,441.9094269,434.0525486,440.4890919,1205674
5/25/2012,438.9788208,440.4890514,434.7716745,435.8504232,915046
5/28/2012,440.3814087,442.2872167,436.9114669,440.1297181,790194
5/29/2012,446.0089111,448.7597308,438.1160793,441.5680684,1575032
5/30/2012,446.080719,451.9958419,442.7365795,442.7365795,1581514
5/31/2012,447.8068848,451.6005047,439.0510435,439.0510435,4411602
6/1/2012,440.3452454,447.6807459,438.1517983,445.8828312,1479528
6/4/2012,436.2640076,437.2528607,430.1331008,435.095363,1204430
6/5/2012,441.0285034,442.6106772,436.5337164,436.5337164,2063398
6/6/2012,449.8922119,454.4229483,441.9633904,442.2870238,3291908
6/7/2012,451.7315674,455.264731,448.580919,454.2084234,2149728
6/8/2012,448.3442078,452.6058092,445.8855813,448.4534534,2400244
6/11/2012,449.3094177,453.8624294,446.960037,449.1090674,1545048
6/12/2012,454.6092224,456.3940124,444.7747146,444.7747146,1092142
6/13/2012,455.4469604,458.9436652,452.6058628,454.9370142,1450858
6/14/2012,456.7582397,459.4900474,453.4800706,454.9370346,1471124
6/15/2012,463.4784851,466.2285227,454.9370507,456.7764857,1986040
6/18/2012,457.9057007,468.5415229,455.301368,464.7716364,1495388
6/19/2012,464.0246887,465.9551833,457.1587565,457.8144079,1769058
6/20/2012,456.3210144,464.0429037,452.8607259,464.0429037,1753740
6/21/2012,445.8491516,456.0296684,440.3673075,453.4982115,4155980
6/22/2012,449.2730103,451.6223912,442.2796014,442.2796014,1919560
6/25/2012,443.1902771,451.1125196,441.0958912,450.566158,1588758
6/26/2012,449.8739624,450.5660291,443.2994403,443.4633309,1109714
6/27/2012,454.0991516,458.5065025,450.2928517,450.2928517,2305862
6/28/2012,458.5245667,460.3640007,450.2927327,454.1900918,1894228
6/29/2012,465.2996521,468.7781715,459.9999722,460.1638628,1990150
7/2/2012,458.7431335,465.8640601,457.650411,465.8640601,2111100
7/3/2012,451.4402161,462.5131492,448.1256325,460.7647749,2227292
7/4/2012,454.5179749,455.1189812,448.5808752,452.9335359,1301806
7/5/2012,451.8773499,454.518097,449.9104397,454.518097,1520876
7/6/2012,454.4816284,456.3210629,446.923629,451.6587612,1929928
7/9/2012,458.7251587,460.6010089,452.8790724,453.480079,1912768
7/10/2012,459.5628357,462.6771139,455.1373433,460.7648487,2517598
7/11/2012,458.3245239,464.2252111,456.4850889,456.4850889,2034538
7/12/2012,450.2017822,455.3011552,444.1189766,446.1951321,7859080
7/13/2012,455.0826416,467.6853693,452.7514907,463.9701295,7217154
7/16/2012,439.766449,458.6705695,438.145594,454.9370985,3620626
7/17/2012,431.9533691,445.830941,428.0559641,443.6454952,6383816
7/18/2012,435.3771362,438.6917193,429.2578717,435.2678462,2975286
7/19/2012,437.4533997,440.7315683,435.3590141,438.1818816,1335352
7/20/2012,445.4850769,447.2880525,437.1985922,437.4535432,3378226
7/23/2012,443.3673706,448.0958745,438.5293079,441.0852655,2903198
7/24/2012,441.5050354,444.9738339,437.1051205,441.121624,1648092
7/25/2012,442.9654541,444.371221,437.0319846,439.6244455,1666030
7/26/2012,437.5979004,445.8317478,434.5855237,442.9106553,2945746
7/27/2012,447.4019775,449.1911116,439.3506962,443.641052,1842976
7/30/2012,449.4831848,453.8100449,443.4767052,450.9072266,2625712
7/31/2012,454.1023865,456.1471436,447.7489973,450.9439443,1979964
8/1/2012,447.1644592,454.5219692,446.2333433,452.0755277,1295750
8/2/2012,450.1403809,451.5643778,446.1968881,449.099706,951058
8/3/2012,451.6374207,452.8606192,444.7728355,448.3876964,977736
8/6/2012,448.7163086,455.6904077,447.3652766,454.594998,1015540
8/7/2012,461.5509033,462.3359113,450.8158792,452.4042143,2099154
8/8/2012,456.1286316,462.5002921,455.1062758,461.8978078,1643000
8/9/2012,459.3965759,462.9383828,456.5119882,456.5119882,1129474
8/10/2012,467.39328,469.200689,458.5204398,458.611724,3082356
8/13/2012,462.3725586,467.046281,459.0680541,467.046281,1428038
8/14/2012,463.1393127,464.9102165,459.7983036,460.0721561,1136930
8/16/2012,461.3683472,464.2894398,457.1875066,463.7782397,1788292
8/17/2012,466.8636475,469.0179623,461.532662,461.9160733,1287576
8/21/2012,474.1846619,476.5032704,466.3159502,467.3383505,2051576
8/22/2012,471.6288147,477.9639274,470.3325616,473.1806456,1134096
8/23/2012,483.2403259,484.1714427,471.6655061,471.6655061,2337314
8/24/2012,483.0209656,485.0474916,479.4243788,481.9803351,1578938
8/27/2012,482.1446228,485.9603272,480.1546461,480.5927922,967200
8/28/2012,493.2632446,494.6325074,480.1548264,484.5181927,2266204
8/29/2012,490.4880371,495.8555276,487.4573853,492.9344346,2139290
8/30/2012,499.1967163,507.1019359,483.2219835,489.2467399,3333432
8/31/2012,490.6524048,496.2207391,487.32967,495.4904657,1773848
9/3/2012,488.4981689,494.7237681,486.7272647,492.9345892,1223826
9/4/2012,489.5933838,491.8389827,482.7288427,486.6905658,1508018
9/5/2012,498.2290344,500.602423,486.3620915,489.1006168,2028960
9/6/2012,502.2822266,503.8523328,494.2674908,498.0831529,2291684
9/7/2012,506.3347778,510.0226922,503.4867398,507.5397461,2636656
9/10/2012,500.7664185,505.3123945,498.7581678,505.0567722,1476024
9/11/2012,508.5077209,509.5848566,498.0648185,499.8722276,1274180
9/12/2012,516.6318359,518.8591605,507.50342,510.0776066,2114466
9/13/2012,517.6539307,519.9360335,514.6781042,515.9378072,1881210
9/14/2012,515.9744263,525.7235985,511.9761991,521.4149695,2814840
9/17/2012,490.0499573,519.0600949,487.640064,517.855126,5094390
9/18/2012,474.6046448,491.1088038,471.957404,491.1088038,7220206
9/20/2012,482.7105408,488.1510845,471.6103802,472.8518535,4042506
9/21/2012,476.1564941,486.4716051,474.0569583,483.7695848,4247758
9/24/2012,470.8252869,479.4242701,466.2793548,478.3288605,4937020
9/25/2012,472.1948547,478.2378861,468.2148996,471.0629397,3823694
9/26/2012,469.4196777,476.5033378,468.1051947,472.9249807,3292812
9/27/2012,464.2894592,474.4950093,460.473755,467.4113504,5605398
9/28/2012,473.1806641,476.5033992,466.0970031,466.9368353,2912996
10/1/2012,475.7546387,478.2558596,472.1398226,472.851821,1795618
10/3/2012,482.9476929,483.8057545,475.0424805,475.0424805,2318230
10/4/2012,480.9396057,482.5827202,477.8359451,481.9802359,1319284
10/5/2012,476.1381531,481.7429913,385.2191346,478.420257,3836110
10/8/2012,472.0122681,480.2461198,469.3650266,478.3291518,1685408
10/9/2012,472.7971497,474.2394661,469.2005628,473.9108342,1291154
10/10/2012,470.7887878,475.3164898,469.2004528,469.5655894,1163978
10/11/2012,470.8252869,475.2434746,469.5838583,471.1174139,1635526
10/12/2012,474.1115723,479.661675,464.8918737,466.9366742,2469542
10/15/2012,472.7239685,475.5537763,470.1132337,472.4866209,814528
10/16/2012,473.1806641,478.4020922,470.2230657,473.5823055,1282744
10/17/2012,468.5250854,476.4668073,464.453803,475.1523243,1597480
10/18/2012,477.3612061,478.6939632,467.4477409,469.6568346,1447128
10/19/2012,470.9166565,478.8401475,468.1051225,477.9638107,2825616
10/22/2012,481.5787354,487.4209217,475.7730537,483.8425647,5397342
10/23/2012,480.008728,483.4410221,479.0228767,483.4410221,1136696
10/25/2012,480.2823181,483.4042532,476.2293116,480.1545292,2254470
10/29/2012,477.744873,481.9074404,474.969843,478.6942196,815628
10/30/2012,478.87677,482.7107053,476.2843084,476.2843084,805268
10/31/2012,481.438446,481.9142298,477.2297481,479.0962052,999536
11/1/2012,481.3470154,483.2134727,479.4988299,481.2189335,1579768
11/2/2012,487.1841431,489.672782,482.4997068,484.8785357,1673974
11/5/2012,486.5986938,491.630833,485.0250335,488.9043464,1223826
11/6/2012,483.2865601,489.4532076,482.8839533,484.9151251,1297466
11/7/2012,487.2941589,487.9712016,483.6344206,484.915329,1058390
11/8/2012,487.1841431,488.4650509,481.8409363,484.5491505,1239044
11/9/2012,484.8969727,487.9345731,483.4148056,486.7451582,711382
11/12/2012,488.3920898,493.3327367,483.0854692,483.0854692,1466782
11/15/2012,473.6248779,483.8172367,472.4720518,483.1218777,1735402
11/16/2012,470.9351501,478.2546269,468.4830986,475.69281,1598890
11/19/2012,461.9869385,473.9359899,460.5779485,472.1427097,1676286
11/20/2012,465.8114014,469.5077273,459.6813411,466.6165257,1256040
11/21/2012,469.2516174,473.8262902,467.0740911,467.0740911,941744
11/22/2012,467.1471252,469.9468331,465.1525864,469.2148856,611624
11/23/2012,471.5935974,472.6183414,465.243964,469.1781805,749676
11/26/2012,473.4603577,474.1923054,470.276403,471.3743246,456334
11/27/2012,474.0093079,475.7294117,471.4841241,475.7294117,1338160
11/29/2012,475.0706787,480.1577245,472.9663289,479.4257768,3470578
11/30/2012,480.8895874,484.9152993,472.5087782,473.936085,3579294
12/3/2012,481.9142456,483.8172912,477.6689144,481.255475,1319512
12/4/2012,475.5644531,483.7440001,473.1673525,481.2919498,1595120
12/5/2012,474.997345,478.5290006,471.5937712,475.7658809,1790058
12/6/2012,468.7026367,473.93608,464.420761,473.93608,2370092
12/7/2012,462.6457214,468.7025601,460.0473168,467.2203933,1957214
12/10/2012,452.7826538,463.6155113,450.5868116,461.8954081,3029430
12/11/2012,446.3781433,454.9053491,442.9562978,451.9775593,4926914
12/12/2012,448.6106567,454.1734401,446.8905532,448.2812714,2487948
12/13/2012,447.4211426,451.8310986,445.4265592,450.1842171,2297162
12/14/2012,454.8690186,455.6375549,445.0792157,445.3902846,2196814
12/17/2012,441.181488,457.0647625,439.937168,453.4965174,4482898
12/18/2012,443.0661316,448.317846,438.0705809,444.5482985,4688482
12/19/2012,451.1176453,452.5449521,445.0607606,445.0607606,6642060
12/20/2012,458.2176514,459.2972565,449.1048921,449.1048921,2314030
12/21/2012,460.6512146,462.7372921,452.9657646,457.4672603,2457968
12/24/2012,463.3960571,465.1893379,461.1636256,461.8589849,1254818
12/26/2012,461.9321899,464.4757351,459.407006,463.6888823,1435258
12/27/2012,457.8149414,462.9203031,456.6072546,462.9203031,1994158
12/28/2012,463.8717651,465.5186471,457.7417043,458.9311191,1501622
12/31/2012,459.6081848,463.1764293,458.1991946,461.4929588,704170
1/1/2013,462.6457214,464.018123,461.1269214,463.6704211,509580
1/2/2013,462.3348389,465.6651924,459.4985412,463.6889244,1880246
1/3/2013,468.6661682,469.9104884,461.1087982,462.9569843,2635130
1/4/2013,475.473114,476.1318847,468.7758207,470.2763042,5228760
1/7/2013,473.881134,477.229803,472.1976636,475.7659079,1820752
1/8/2013,475.8573303,477.3395418,473.6798046,473.9359683,2341870
1/9/2013,467.202179,478.4741907,465.9395871,476.1319493,3135898
1/10/2013,460.5414734,469.2150352,459.4069635,468.4099107,4522838
1/11/2013,478.0899048,484.0003911,472.1062416,472.1062416,7805006
1/14/2013,488.3920898,493.497407,478.4558911,482.7194953,5790224
1/15/2013,489.4717407,512.3634244,485.6473316,508.7036857,8262978
1/16/2013,493.2410583,495.8943677,479.0595774,489.2702526,4109492
1/17/2013,498.4562378,502.0427983,491.5027367,493.9547429,3028544
1/18/2013,494.4305115,499.938434,489.6911695,498.6392094,1440470
1/21/2013,486.7451477,495.8579041,485.6838148,494.9795581,1260038
1/22/2013,482.1704407,487.3672503,478.7302783,485.2812177,1386630
1/23/2013,481.2350159,485.5633797,476.2647811,482.6289079,1877654
1/24/2013,487.3241882,490.3870349,478.6858171,478.6858171,3498470
1/25/2013,491.707428,493.3580684,485.5633777,485.5633777,1521100
1/28/2013,493.3764954,495.1738238,490.7721155,491.6341525,2428154
1/29/2013,493.3396301,497.5946493,491.6340045,491.9640967,1731804
1/30/2013,493.7802429,495.1374191,489.9837764,491.8911665,2279144
1/31/2013,493.0463867,496.0908749,486.5355262,494.7703713,4313168
2/1/2013,494.4951477,495.9257116,492.3126523,492.9912399,1484540
2/4/2013,497.5214844,501.7214752,493.4132406,494.8254466,2487304
2/5/2013,498.8785706,500.6942571,493.3947494,493.3947494,2161994
2/6/2013,502.730011,504.6924299,499.5937766,499.7771811,3573706
2/7/2013,508.8191528,509.8645496,499.2270878,499.2270878,2612782
2/8/2013,521.8225098,527.1045687,508.0671713,508.3973084,6973618
2/11/2013,518.9246216,524.1333357,518.0259575,522.3359628,2312126
2/12/2013,517.2191772,519.0348643,514.2113158,516.8523682,2225502
2/13/2013,526.5175781,528.8101341,515.403249,517.1272779,3822666
2/14/2013,531.0291748,534.0003624,524.169867,524.5733477,2946958
2/15/2013,528.9935913,532.533307,524.7752879,529.672179,1820790
2/18/2013,522.8312988,528.9020068,520.8688793,528.2417326,952086
2/19/2013,529.506958,531.4693765,518.1908686,521.4554765,744294
2/20/2013,532.9002686,534.4408488,528.7553079,528.7553079,2261518
2/21/2013,532.2583008,534.3857664,528.4617912,528.4617912,3849146
2/22/2013,533.7437744,537.0267419,529.048646,531.8730574,1310694
2/25/2013,540.5665894,541.0434591,532.4234447,532.9736584,1730030
2/26/2013,548.8930664,550.1952117,537.7420624,538.1088715,2853670
2/27/2013,544.0510254,551.332219,541.8868884,548.4710912,2556682
2/28/2013,556.4492188,559.3836906,544.8030337,545.1698427,4599424
3/1/2013,550.8922119,556.0825694,549.4800059,555.7524323,2537326
3/4/2013,555.0552979,557.5129447,546.9121569,546.9121569,3136076
3/5/2013,564.9411011,565.9864982,553.3682549,556.4494606,3440054
3/6/2013,572.6622925,574.2395894,563.4737523,563.4737523,2299510
3/7/2013,583.1895752,586.0139863,571.9835435,572.5887873,3908702
3/8/2013,580.7136841,585.2987966,577.6875098,583.2263168,4341502
3/11/2013,574.4962769,583.0613034,570.9932775,577.7242142,2221330
3/12/2013,572.4053345,575.1380431,567.8202229,571.4883121,1809452
3/13/2013,569.1774292,571.7450918,567.820254,570.773084,1794496
3/14/2013,575.0465698,578.4579121,566.2798687,571.1217306,3051218
3/15/2013,575.9819336,579.7050546,572.4422172,576.6238495,4212398
3/18/2013,574.7712402,577.228887,570.167815,572.1669058,1694988
3/19/2013,567.3617554,573.8726144,565.050841,573.8726144,3739910
3/20/2013,571.3602295,576.8623662,564.8676813,564.8860396,4168136
3/21/2013,572.2036743,577.5040912,569.9111181,573.3224597,1664604
3/22/2013,565.6745605,572.9923829,561.9514399,572.7356344,2714456
3/25/2013,566.1147461,569.2876534,560.6309686,568.0038217,1857316
3/26/2013,570.8832397,575.8901921,563.4737151,564.9225929,1781536
3/28/2013,577.9992676,580.8053653,565.4910899,570.75479,3065662
4/1/2013,571.0666504,577.2473738,569.0125287,574.0561531,968812
4/2/2013,574.9180298,576.3302354,565.3443246,570.7547569,1130332
4/3/2013,566.1328735,577.724026,561.5844342,575.8899815,959932
4/4/2013,553.074585,564.9224879,550.580266,564.9224879,1126338
4/5/2013,549.6082764,553.6431755,544.3812479,552.0475653,1865248
4/8/2013,543.1523438,549.809935,541.0431923,549.809935,896416
4/9/2013,549.2597656,554.9819767,541.99693,542.8772805,1672354
4/10/2013,561.3826904,564.4822527,550.5801857,553.844794,2046284
4/11/2013,563.7487793,568.5906403,557.8064464,564.8858783,2244658
4/12/2013,554.5233154,559.2001286,542.2718901,543.5740795,5032060
4/15/2013,540.1077881,555.348717,531.2677019,555.1653125,5391496
4/16/2013,544.0327759,547.8108817,534.7891622,539.2092286,3071582
4/17/2013,534.3123169,549.8466685,524.9036575,548.3794325,5279004
4/18/2013,532.881897,548.3429088,523.6016092,545.7935588,8554458
4/22/2013,522.8130493,535.4679638,522.7029887,530.4059801,2962484
4/23/2013,524.7387085,531.1395086,522.3360913,522.5011375,3384170
4/25/2013,514.3762817,524.7386361,513.0374199,524.7386361,7929194
4/26/2013,502.2898254,511.1299122,500.7308874,510.964866,4754076
4/29/2013,502.8034058,507.9203731,500.6942541,500.6942541,3968916
4/30/2013,505.6094666,506.9299698,500.6942177,501.7946445,4020570
5/2/2013,525.9672852,527.7646577,503.8120189,503.8120189,5630326
5/3/2013,520.3187866,530.8645498,516.4306185,523.0698553,3641790
5/6/2013,538.1821289,540.0895625,520.8687626,520.8687626,3727118
5/7/2013,539.7960205,542.4553853,534.5873515,538.1453803,2260180
5/8/2013,542.9141846,545.7386417,539.2094213,539.9430396,1768130
5/9/2013,549.6450195,551.4790648,543.9778374,544.0511814,1949700
5/10/2013,548.7096558,554.2117914,546.9489544,549.644992,1139714
5/13/2013,532.4599609,543.244155,530.2957788,542.877346,1862498
5/14/2013,534.7891846,539.411014,529.5805145,533.7437878,2250100
5/15/2013,539.7776489,541.8500834,531.8728993,534.8440424,3565926
5/16/2013,533.3587036,538.8424809,530.9377281,538.8424809,2415652
5/17/2013,540.6032715,542.3272564,533.3771053,533.7072425,2900200
5/20/2013,540.0897217,542.1438437,535.908089,539.6678823,1385504
5/21/2013,547.5905762,550.9468861,537.3749588,537.3749588,1898432
5/22/2013,549.6265259,553.569722,547.3890003,549.4797933,1846944
5/23/2013,547.5357666,560.0256307,542.2720665,548.3794452,3063962
5/24/2013,539.0441895,551.2955744,536.861649,550.2135057,1586612
5/27/2013,549.4799194,550.2135375,535.5411765,539.0258622,2023864
5/28/2013,555.3856201,556.2659709,546.6555909,549.4800029,1400254
5/29/2013,549.241394,560.3006933,544.7479842,556.0823902,1452038
5/30/2013,549.9933472,554.615131,545.4449072,550.2134236,2408346
5/31/2013,549.6450195,553.6065753,541.6852808,546.9123099,1929868
6/3/2013,538.9891968,552.7812073,534.4774278,551.6807802,3097612
6/4/2013,537.5037231,540.639959,531.9282426,535.5413034,1305320
6/5/2013,538.4022217,540.1812362,532.8633704,535.9445747,1728676
6/6/2013,544.3051758,547.1733486,537.3845705,537.9951776,2540452
6/7/2013,562.1433716,569.5636306,543.2874657,544.064639,3550844
6/10/2013,564.4006958,571.6728627,562.198653,564.4006958,3360430
6/11/2013,555.7037964,570.6737879,552.1694497,566.306746,2205468
6/12/2013,543.3242188,553.3165586,541.0852216,552.9464719,4805954
6/13/2013,535.0158691,541.8069513,531.1114362,540.3266045,3151342
6/14/2013,536.8848267,539.3089129,529.5941358,535.8856105,3105996
6/17/2013,537.5324097,542.1770158,528.4838079,537.7359754,2584162
6/18/2013,534.3311768,540.326563,532.9803513,538.4761296,2291528
6/19/2013,528.3731079,538.4394998,526.8372832,538.4394998,2139788
6/20/2013,519.7866821,530.3896733,517.7882053,525.8931116,4172878
6/21/2013,526.3557129,529.9085355,521.0819784,521.3780658,2848224
6/24/2013,522.0812378,530.7412747,518.1583282,523.6726285,1889164
6/25/2013,515.2717896,528.1507811,510.9787472,523.1176104,1860548
6/26/2013,532.0737915,535.793182,511.1084097,516.9742767,2326488
6/27/2013,552.1325073,554.019941,533.6651669,535.8116884,3820678
6/28/2013,561.847168,564.1232104,539.6604418,553.2796513,4817096
7/1/2013,552.2987061,561.3103054,548.9864492,559.5709165,1354652
7/2/2013,555.3336182,558.2757894,550.189404,552.5764451,1657242
7/3/2013,551.3554077,562.1619257,542.1772358,554.2790577,1530906
7/4/2013,569.3046875,570.303904,551.4294724,551.7440373,1917060
7/5/2013,566.3067017,576.5951309,563.2720085,570.6737432,1293012
7/8/2013,557.5911865,568.0831364,555.1301007,565.4925293,1658796
7/9/2013,556.9435425,563.179495,553.3907188,553.3907188,1097326
7/10/2013,559.5527344,565.0485596,554.3900414,558.8310832,1322624
7/11/2013,579.0194092,581.0363645,562.5320217,562.5320217,2335274
7/12/2013,595.7840576,601.3168808,584.4779362,590.2882792,3251536
7/15/2013,607.5899048,609.6439043,591.8797408,592.5458698,2060570
7/16/2013,610.4026489,616.6941245,598.6523931,601.3910445,2224986
7/17/2013,621.1907349,623.5777768,608.8113487,608.8113487,2999250
7/18/2013,614.4920044,626.2977799,608.4225731,621.7456951,3445532
7/19/2013,644.9871216,650.9825081,629.1473927,636.17904,8550804
7/22/2013,646.3563843,650.9084685,639.6208248,644.3209075,2974772
7/23/2013,647.5777588,658.9208806,645.283194,646.9115846,1646502
7/24/2013,659.7907715,663.195552,645.8014722,647.0967761,2181644
7/25/2013,664.5834351,669.8571725,653.8323944,658.7545674,4088808
7/26/2013,656.7189941,665.7675979,647.6888676,664.3057732,2379064
7/29/2013,659.9458618,665.6580823,651.804124,652.0823162,1774262
7/30/2013,664.8051147,669.4972531,658.5550278,660.2427451,2617484
7/31/2013,673.4106445,679.345412,663.7480832,663.9521089,2826750
8/1/2013,673.3734131,680.5693261,663.9519628,671.3889847,2141178
8/2/2013,684.6680908,686.1703468,673.8556782,674.968447,1846854
8/5/2013,692.5870361,696.3704759,682.4979541,682.4979541,2355184
8/6/2013,693.6629028,698.0583301,691.6413911,694.7385883,2305290
8/7/2013,676.0811768,701.3781466,672.6501398,695.1095403,2694980
8/8/2013,684.5010376,688.4884582,661.6150705,669.5528286,2158628
8/12/2013,672.854248,682.8691679,670.6843578,682.8691679,2077574
8/13/2013,675.0055542,684.2971463,671.3519272,675.1538871,2168296
8/14/2013,680.0871582,689.1747695,668.4030865,676.748852,3302068
8/16/2013,660.5766602,678.7889671,651.1737729,676.637596,2779930
8/19/2013,659.2969971,670.2577886,651.1738205,666.919482,2121352
8/20/2013,644.0705566,663.8778493,641.6966409,663.8778493,2724844
8/21/2013,637.1712646,646.7781299,630.9953904,645.4428167,3623994
8/22/2013,659.8533325,666.6041571,628.7885369,632.4235998,4260988
8/23/2013,678.5848389,681.7562476,661.8377072,665.435641,4032884
8/26/2013,683.2399902,696.8157595,672.8541489,676.2295383,2663238
8/27/2013,682.0534058,696.9088486,678.7892644,682.1275723,1945284
8/28/2013,707.6837158,721.8529506,678.046971,678.046971,4444684
8/29/2013,722.2240601,730.7182046,696.7045885,705.1245213,5905182
8/30/2013,754.1603394,760.3918615,715.8811184,719.2194241,5282942
9/2/2013,762.9328003,767.4394773,748.336948,749.2642553,2154034
9/3/2013,742.2536621,766.6974855,736.7083839,760.428926,2355064
9/4/2013,767.4764404,771.0743737,739.6015363,741.8456374,2626516
9/5/2013,738.4147949,767.4395131,734.8168607,767.4395131,3927492
9/6/2013,737.6912842,751.1186715,732.5725314,745.1839066,2759596
9/10/2013,737.3577271,748.0402806,734.7983497,736.6529644,4300972
9/11/2013,739.5463257,748.5226445,735.7258005,744.8134144,3008494
9/12/2013,729.9390869,741.3078813,721.741701,739.9910871,1905568
9/13/2013,724.6906128,738.1365679,722.019986,728.8634954,2096320
9/16/2013,705.6993408,736.2819141,702.5464964,723.2996133,2460506
9/17/2013,722.3538208,724.2455639,703.6778609,704.7535464,3327816
9/18/2013,724.96875,728.7892737,718.8114394,720.3507784,2109818
9/19/2013,729.34552,738.1363723,714.5827745,722.5576147,3907240
9/20/2013,723.4108887,738.0994252,719.9612879,723.2995937,3591858
9/23/2013,725.1914673,733.3888556,719.5905397,723.2997693,2988758
9/24/2013,719.4050293,733.648479,714.3975697,725.1543348,4940300
9/25/2013,726.6564941,731.0704402,712.2461039,720.1467794,4333858
9/26/2013,720.6661377,732.2389145,717.7729209,725.0801294,4919704
9/27/2013,722.5949097,727.7321829,718.6445716,720.7402951,1784666
9/30/2013,715.0653076,727.6952074,712.1720904,724.7834712,1987350
10/1/2013,722.9471436,725.0984688,710.9477541,716.6228913,1591994
10/3/2013,750.9703979,755.5327671,727.1571689,731.3856985,4672354
10/4/2013,754.3087769,767.4394562,751.8421306,753.7153093,1934032
10/7/2013,775.1359253,778.0847435,751.2299688,754.8279019,1993878
10/8/2013,764.6390991,778.1963511,762.8216129,772.6325068,1828106
10/9/2013,775.5444336,778.0666377,758.5746601,762.4322686,1775858
10/10/2013,771.5195923,778.1962041,766.7903256,774.4869753,1164320
10/11/2013,787.1168823,793.0330839,772.4097364,780.0507836,2284448
10/14/2013,820.7597656,825.3035718,788.2112764,789.1385838,4374460
10/15/2013,821.7425537,837.8592261,816.4013002,829.0126787,4665092
10/17/2013,782.0723267,827.1580207,777.3430599,827.1580207,6687214
10/18/2013,786.5975952,791.4752856,764.6761066,780.7185217,5346166
10/21/2013,768.4223022,789.3052773,760.3918586,788.2110729,3685372
10/22/2013,774.9876709,781.7754864,770.3511354,774.4868888,2044614
10/23/2013,764.5275879,780.0507452,758.9637905,774.672364,2455496
10/24/2013,745.072876,772.3914043,742.5320629,757.4246277,3617758
10/25/2013,768.5061646,770.0857323,741.4676814,741.4676814,2527402
10/28/2013,767.093689,776.701212,762.8567678,768.598942,1803942
10/29/2013,769.2679443,775.2145512,761.1285172,767.4839441,1829076
10/30/2013,777.5003052,780.4922101,769.4352372,769.4352372,2114874
10/31/2013,784.9710083,791.2706792,772.8361546,776.4041564,3523076
11/1/2013,779.6001587,796.0833544,777.1843498,784.2087425,1346480
11/5/2013,758.9359131,782.3506842,755.1077657,780.492369,2261286
11/6/2013,777.1846313,781.8118181,765.2728126,766.7408635,1667750
11/7/2013,788.6502686,798.3878208,773.1705412,780.492284,1956948
11/8/2013,777.0916748,792.2926563,769.7884419,791.642246,1609346
11/11/2013,778.5037231,795.3586734,761.9090095,776.7755268,1961138
11/12/2013,775.7161255,788.5570958,772.6871094,779.3213279,1000682
11/13/2013,761.5374756,782.7965807,759.5490876,780.102024,1208338
11/14/2013,753.0637207,770.0859081,751.4469954,770.0859081,2129704
11/18/2013,759.6791992,765.5886048,755.3121588,760.4225252,2831602
11/19/2013,754.4387817,763.7675146,751.2052862,761.8905982,2077864
11/20/2013,752.09729,761.8720004,749.6443231,760.7384554,1658696
11/21/2013,738.3457642,756.2227468,735.8927972,751.9486219,2302882
11/22/2013,743.6419067,747.4142953,737.7882145,739.9810353,1494494
11/25/2013,748.2504272,753.3050342,740.7614098,746.2991968,1950998
11/26/2013,740.984436,749.4397685,738.4943123,744.478077,2047412
11/27/2013,738.289917,748.4177333,734.034394,746.6709354,2120978
11/28/2013,737.6022339,742.0436331,732.1759642,740.7613688,2805722
11/29/2013,744.9425659,748.7892681,736.5615943,740.3525379,1924812
12/2/2013,748.4920044,751.1308022,741.4675658,741.4675658,1253260
12/3/2013,751.0566406,758.9358784,748.9195783,749.2912413,1449184
12/4/2013,743.3445435,755.070483,740.9658914,750.7220444,1519036
12/5/2013,738.5501709,755.7953439,737.0263616,749.2726398,1397190
12/6/2013,743.4373779,747.0424902,739.9808945,739.9808945,1446962
12/9/2013,745.128479,754.4572103,743.3259227,754.1041486,1826340
12/10/2013,774.0811157,776.4040095,743.3260024,743.3260024,3653334
12/11/2013,764.9008179,775.6047271,759.3072733,772.6871372,1556062
12/12/2013,754.0670776,767.11244,752.6547401,760.0508429,1655964
12/13/2013,743.9949951,760.0508182,741.4676686,757.430576,3463350
12/16/2013,750.4434204,758.1182711,745.240138,748.4178297,2858500
12/17/2013,760.1809692,767.8001067,754.4759508,755.0706026,2995474
12/18/2013,764.0648804,769.7141403,757.4492602,758.1925863,1587990
12/19/2013,773.6165161,784.2089114,766.6106324,771.5537684,2161986
12/20/2013,788.1298218,791.6420182,775.2331366,776.0693782,1965812
12/23/2013,783.855835,796.6410053,779.7303395,791.623555,1321224
12/24/2013,784.4690552,791.270506,782.071847,787.8512247,870156
12/26/2013,780.6038208,786.8105748,777.3145669,786.0672488,2297194
12/27/2013,803.0334473,806.4713293,782.3504422,783.093768,2479946
12/30/2013,801.3239746,808.4598856,797.8488895,806.508655,1668776
12/31/2013,807.2705078,812.0649234,799.4097822,802.8291538,1245776
1/1/2014,800.3018188,811.8976843,799.4841785,810.2624037,529952
1/2/2014,805.3937378,813.570324,801.3611579,805.0220748,1726948
1/3/2014,825.9093018,828.4738303,798.0531848,804.5386844,2618174
1/6/2014,832.3765259,834.0118069,816.5436451,828.4368616,2311810
1/7/2014,819.9443359,838.639004,817.2869816,832.5251655,2897486
1/8/2014,829.793396,834.0118075,821.375265,822.118591,2550020
1/9/2014,833.2497559,838.2858071,825.8723005,828.3438229,2582206
1/10/2014,847.7261963,858.4673126,830.666899,839.958475,3369334
1/13/2014,880.3768921,886.0447539,849.2501102,849.2501102,3814316
1/14/2014,864.7664185,886.3414621,862.2576946,881.5841601,2974964
1/15/2014,874.7460327,883.8888876,864.8597611,870.601936,3048854
1/16/2014,873.5195313,884.5951063,864.1164396,884.5579038,2997962
1/17/2014,822.5087891,854.0815416,819.9071482,854.0815416,7564756
1/20/2014,869.0224609,873.4081027,823.4194262,824.7016455,6010558
1/21/2014,847.5029907,869.4125021,845.5703616,867.4612718,3132282
1/22/2014,845.1802979,853.6542327,841.482269,850.0305183,2384030
1/23/2014,837.1524048,846.1652336,831.521746,842.9689859,2290762
1/24/2014,835.7585449,848.5995193,830.6667801,834.011747,1850266
1/27/2014,830.1363525,841.2688403,826.5992629,828.7959454,2532948
1/28/2014,823.7139893,836.9315386,817.6637026,831.0301457,2852166
1/29/2014,822.7644653,834.0086712,820.9772857,834.0086712,1698076
1/30/2014,825.668457,829.1682778,815.3922444,818.3894807,2225250
1/31/2014,834.399353,845.1037018,826.9342151,828.4607847,2174246
2/3/2014,817.0489502,835.5907618,815.6899997,827.3065268,1362480
2/4/2014,801.00177,809.8072237,786.369373,809.4348985,2694166
2/5/2014,817.0303345,819.1153918,796.7758811,805.6372386,1853650
2/6/2014,809.9006348,815.3551642,798.6377941,811.66918,1922652
2/7/2014,798.4141846,817.2538775,793.4250629,815.3922514,1990912
2/10/2014,779.4816284,798.2654211,776.3354979,798.2654211,4019270
2/11/2014,782.5159912,791.749676,780.3937554,781.8830564,3568786
2/12/2014,783.9123535,790.6701128,780.021572,788.5850546,3074348
2/13/2014,794.4489746,796.1802506,780.5798595,784.4892745,2094350
2/14/2014,807.1638184,813.4375348,792.3453471,795.9940616,1910062
2/17/2014,806.2330322,813.9029685,799.4567311,804.2225123,1670394
2/18/2014,806.456665,815.7647983,802.6775993,806.0843397,1526916
2/19/2014,818.352417,824.7005819,805.0604213,807.9459425,1072918
2/20/2014,815.1501465,827.3065269,812.7113984,821.3493242,1587924
2/21/2014,821.237793,823.9557855,815.6715486,818.3709067,1717860
2/24/2014,810.8867798,821.0699074,807.9827168,820.604501,2450424
2/25/2014,814.9829102,818.9295952,811.669251,815.0201791,3305374
2/26/2014,812.4694824,817.2538981,810.6078562,816.8815729,3859712
2/28/2014,847.3196411,848.9020243,804.2787828,804.5952958,3988192
3/3/2014,834.0271606,855.9757151,829.5406234,845.8484869,1606078
3/4/2014,834.2503052,839.2208823,828.0511278,831.476501,2030332
3/5/2014,838.4393311,851.2287418,834.9581439,839.5377634,2302006
3/6/2014,834.2875977,841.4548569,831.0855649,838.7927684,1314562
3/7/2014,829.7266235,837.750249,801.541627,836.0561513,4698472
3/10/2014,797.7629395,829.7271097,794.9146867,829.5782159,3829768
3/11/2014,801.1134033,810.7938576,790.0739986,802.360729,2550254
3/12/2014,811.4642944,815.2992629,801.6163092,801.6163092,1669788
3/13/2014,800.3319702,819.8604165,795.6034565,799.7734822,2019884
3/14/2014,796.6085205,804.4087164,790.9305603,797.1483739,2161246
3/18/2014,790.0742188,801.1695299,783.4654452,795.1006099,2565842
3/19/2014,759.3202515,772.5750235,749.5094886,772.5750235,8652662
3/20/2014,784.9361572,790.4093208,748.8950965,758.7989401,5728956
3/21/2014,791.9359131,798.6377685,776.2982505,791.1912625,4680776
3/24/2014,801.4676514,803.4595376,791.6195723,795.6407046,2183014
3/25/2014,799.2520752,808.690558,793.0528953,798.2654495,2249968
3/26/2014,779.4630737,803.66422,777.2477562,799.7734385,3192350
3/27/2014,779.7423096,787.46806,768.8704283,782.2368711,5012476
3/28/2014,782.6651611,790.3909122,774.4553689,780.7662655,2971162
3/31/2014,794.2255249,798.6189808,775.1811258,783.3722809,2683268
4/1/2014,810.4404297,813.5307477,798.6004674,798.6377363,2755932
4/2/2014,808.7837524,819.8604318,804.6137266,815.3925275,3763016
4/3/2014,806.6427612,812.4138034,799.6058494,809.0070632,1581194
4/4/2014,796.3480225,814.2754497,793.0529071,808.6905701,1694656
4/7/2014,801.9139404,806.4376547,789.5899414,793.0898524,2594986
4/9/2014,796.9250488,804.9673118,783.7447694,801.2440587,3350500
4/10/2014,791.6195068,799.9968272,787.5425624,796.9251431,2152886
4/11/2014,805.7494507,809.7704924,781.8833557,788.585213,2340742
4/15/2014,838.7555542,840.7102614,809.4535805,812.0412224,3597244
4/16/2014,817.7381592,842.9445664,813.2329862,842.9445664,3475910
4/17/2014,827.6419678,829.168538,797.7814935,826.5622606,7681438
4/21/2014,827.2136841,835.0883273,823.3229031,826.5621148,1842594
4/22/2014,826.9532471,837.694779,826.5250184,831.7562078,1486274
4/23/2014,824.2351074,835.4606785,819.5252289,830.8066124,1938992
4/24/2014,824.2351074,824.2351074,824.2351074,824.2351074,0
4/25/2014,821.0704956,832.147175,816.5839569,829.1685721,3160448
4/28/2014,815.8947754,827.5671146,811.7061173,821.0700588,2550766
4/29/2014,816.9746704,821.4798422,810.514791,813.9029871,1846180
4/30/2014,815.0946045,821.2007945,812.0415549,813.5681252,2397378
5/2/2014,822.2617188,826.5248249,812.1344897,812.1344897,1917778
5/5/2014,824.2165527,829.9131484,820.6608277,823.1368457,1314478
5/6/2014,818.7059326,827.1577883,815.3922743,824.2163643,961232
5/7/2014,806.2888794,820.2324404,796.8132209,815.7831723,4716182
5/8/2014,804.986084,812.33951,799.6245441,806.1216945,2606900
5/9/2014,804.1851196,813.4188023,801.2437871,801.2437871,1799440
5/12/2014,803.9805298,806.7170657,790.5022836,801.6162282,2886064
5/13/2014,823.192749,833.6364937,806.3822951,806.3822951,2547484
5/14/2014,825.1100464,833.1522175,819.5251675,824.4770207,1389228
5/15/2014,816.5648193,828.423411,808.3736665,825.1097538,2520196
5/16/2014,804.5018311,838.9977311,781.9761521,819.1342324,5241798
5/19/2014,758.3148193,804.2225409,744.4643382,800.4992884,6516606
5/20/2014,770.0430908,804.2225681,755.0756334,755.0756334,4702114
5/21/2014,775.4976196,777.7873834,765.4262043,767.4367241,4116946
5/22/2014,786.3323364,790.8188741,772.6122048,780.6730105,4216842
5/23/2014,792.270752,800.12685,780.3936145,788.9570941,3094780
5/26/2014,801.9887085,807.7970196,794.3933086,800.127082,2650850
5/27/2014,793.5927734,813.3819184,788.5850161,804.2784918,1795094
5/28/2014,800.7042847,803.7573343,790.2419062,796.7762341,1887488
5/29/2014,804.2039185,811.669058,794.9888684,798.6376741,2820710
5/30/2014,797.2787476,806.8288543,793.1086318,803.7758053,2585648
6/2/2014,792.9971313,803.3849716,787.8590237,798.2654983,1095158
6/3/2014,792.5317383,796.03156,783.819271,792.9971449,2484628
6/4/2014,777.8805542,794.8771661,773.3195697,793.0528086,2141062
6/5/2014,783.4281616,787.9891461,769.9686398,775.5907876,4348470
6/6/2014,783.4656982,792.3181178,772.8465758,789.442442,3361586
6/9/2014,794.5732422,796.1519955,781.8678709,784.499157,2666196
6/10/2014,811.244812,812.2973455,795.0248384,795.0248384,2628068
6/11/2014,829.5884399,832.2385404,803.745441,813.8195302,3544562
6/12/2014,841.0159912,847.2746604,820.8866215,845.3951691,2734338
6/13/2014,832.0692749,841.6358634,821.3561788,841.2599653,1904022
6/16/2014,853.1948853,855.9013338,830.7349692,830.7349692,2439906
6/17/2014,856.9914551,863.4380718,853.6647197,858.8896674,1918144
6/18/2014,837.144104,861.9345719,834.9826894,861.9345719,1948824
6/19/2014,855.5630493,860.4309123,830.7725833,838.2529202,1896354
6/20/2014,861.7087402,864.1897043,850.2814751,858.8895046,1155674
6/23/2014,852.8566895,864.5282554,847.2933776,861.9345945,1262734
6/24/2014,867.9676514,871.8957687,847.6503378,852.9129119,1479100
6/25/2014,868.5317993,872.0840197,861.9347661,868.3250369,1028422
6/26/2014,867.4417114,881.1619999,861.2393892,863.0625328,2036182
6/27/2014,901.9864502,904.7492466,870.2042423,870.9560387,3058836
6/30/2014,911.7033691,915.3120282,893.3596122,902.3623548,2146470
7/1/2014,898.6786499,909.2977744,895.5023284,909.2601479,1092790
7/2/2014,902.7568359,906.5721646,895.9530442,902.1553623,907740
7/3/2014,908.8840332,919.070909,899.1483085,901.7795954,1526762
7/4/2014,906.102478,911.7409502,902.5314457,906.8166478,536136
7/7/2014,935.4417114,938.9939319,906.0652049,909.6926785,2204902
7/8/2014,920.7437134,934.5391573,914.6541816,934.0880978,2500588
7/9/2014,901.460144,929.4645572,895.2391029,928.4684638,1554242
7/10/2014,884.0372314,909.5231428,877.7221246,901.986367,1990562
7/11/2014,900.069397,905.9146321,887.5332475,891.2546028,1329446
7/14/2014,912.0227051,916.8154055,896.610884,909.2222828,1587924
7/15/2014,901.892395,913.4324492,899.8061421,912.0040179,1389656
7/16/2014,902.8509521,911.1770589,897.2124802,905.7828841,1407240
7/17/2014,895.3706665,913.3574314,892.7581925,905.914629,1790220
7/18/2014,917.6428833,934.1072467,915.3123323,921.7026032,3507488
7/21/2014,926.1190796,928.412095,918.3380061,927.7166467,981072
7/22/2014,951.9244995,954.7813623,925.4236782,926.5889993,2399016
7/23/2014,972.1293945,975.9448175,951.8873253,954.7817239,2065858
7/24/2014,975.5308228,978.0869484,964.9305137,975.418035,1481418
7/25/2014,979.4968872,982.7296489,964.9308297,975.0800827,1806914
7/28/2014,990.4169922,994.37585,977.2970947,985.7695155,1314922
7/30/2014,992.6166992,998.3351135,984.0295059,988.6960345,1899252
7/31/2014,986.8790283,993.7449534,982.7479683,984.985653,2407210
8/1/2014,962.5327148,989.9008858,960.0847274,984.9474793,2381882
8/4/2014,966.2236938,972.2863227,951.6694063,968.4995727,1828636
8/5/2014,965.3248291,973.4721788,952.4727573,973.433891,1404656
8/6/2014,958.8030396,969.5897206,952.5300151,962.4368254,1837562
8/7/2014,944.7081299,954.3472093,940.596213,952.4346898,1672656
8/8/2014,948.1123657,959.2049784,942.8720811,942.8720811,1464790
8/11/2014,944.1724243,954.5574594,939.0469103,952.7787606,1290896
8/12/2014,945.4537354,952.3961417,933.3857222,952.3961417,984552
8/13/2014,956.2788086,967.7347807,944.7845487,944.7845487,2768378
8/14/2014,956.1637573,968.4995034,952.4534896,961.6144358,1578056
8/18/2014,951.5166626,958.1721926,944.7845571,952.8362823,1373260
8/19/2014,932.7355347,958.1337501,931.3967713,956.2595188,3234156
8/20/2014,931.855835,939.0660697,929.5034737,935.0306355,2056758
8/21/2014,930.4215698,940.9595707,929.484454,935.9870201,2265450
8/22/2014,942.5658569,944.0958722,931.7027862,934.8392988,3096238
8/25/2014,964.6936646,967.1607952,943.5985253,944.7843244,3143512
8/26/2014,969.1881104,975.384653,956.2594637,967.3520735,1815490
8/27/2014,975.3657837,982.040458,961.6339313,969.2648653,1435460
8/28/2014,964.8087158,975.1171769,961.2322671,974.2373993,1766288
9/1/2014,970.4691162,979.2093621,965.0758707,965.9746982,810148
9/2/2014,970.7562256,977.220595,961.6527111,973.7780612,1407940
9/3/2014,996.9578857,1000.62996,971.1771665,971.1771665,3061690
9/4/2014,988.6769409,1005.009839,985.8846438,1002.925211,1701598
9/5/2014,993.9747925,1002.848865,988.0268374,994.4719729,1467060
9/8/2014,1010.842834,1013.635131,994.14658,999.0999858,1697342
9/9/2014,1006.46344,1020.137955,1004.111078,1014.400396,1418098
9/10/2014,994.5675659,1010.862271,991.1441744,1009.045377,1258768
9/11/2014,993.8791504,1003.843303,991.258961,998.3352839,1075622
9/12/2014,997.4168701,1003.823808,991.9087598,998.3348418,1196210
9/15/2014,978.5595093,1001.624508,976.9147242,999.8649527,1151544
9/16/2014,975.7102051,984.9476378,973.0900158,981.5051024,1535608
9/17/2014,991.1437378,996.3266825,979.5921428,979.5921428,1657700
9/18/2014,1010.689941,1014.323728,987.2424367,991.3352092,1483078
9/19/2014,1038.191895,1048.060512,1010.575136,1010.95764,3587864
9/22/2014,1041.098755,1045.765282,1023.67569,1038.115207,999584
9/23/2014,1028.246338,1064.297308,1026.372107,1041.939988,2055990
9/24/2014,1010.957703,1035.418806,1007.037038,1030.082896,2442132
9/25/2014,1036.049927,1042.322952,1017.460203,1017.823563,2473158
9/26/2014,1026.640259,1042.284628,1021.323493,1036.585358,1612712
9/29/2014,1058.751587,1061.620366,1023.31264,1031.000912,2089534
9/30/2014,1046.760132,1062.079337,1035.877822,1060.664092,2788954
10/1/2014,1061.677246,1071.775306,1046.912567,1052.650122,2142022
10/7/2014,1044.751831,1086.196063,1042.552434,1047.907488,3457674
10/8/2014,1026.334595,1048.041694,1013.348604,1047.29583,1962442
10/9/2014,1035.074463,1041.672654,1027.596495,1035.820327,1685176
10/10/2014,1024.536255,1043.259794,1020.711218,1035.055108,2344362
10/13/2014,1039.09082,1042.246477,1021.285248,1025.110286,2209532
10/14/2014,1032.454102,1046.415488,1024.651062,1044.235236,2369406
10/15/2014,1032.454102,1032.454102,1032.454102,1032.454102,0
10/16/2014,1024.383545,1055.175103,1019.08583,1044.235456,3848014
10/17/2014,933.7489624,960.6007995,929.4840831,946.6967513,9892812
10/20/2014,926.9217529,953.8117967,924.8753196,952.4347453,3399242
10/21/2014,930.784668,934.7436195,923.7466357,927.8968391,1950732
10/22/2014,937.8417358,952.051711,935.2598359,950.5216962,2067664
10/27/2014,939.8690186,963.7946459,935.2024916,963.526912,2797208
10/28/2014,948.0744019,950.4841022,938.4543707,950.4841022,2289958
10/29/2014,960.5112915,963.5583248,947.8439686,948.6105226,2425016
10/30/2014,980.4992676,986.8999752,961.6420566,966.5480213,4111292
10/31/2014,999.5289917,1004.18577,981.5724263,981.5724263,3170070
11/3/2014,992.8215942,1015.300752,989.0462784,1015.300752,2541632
11/5/2014,996.3287964,1011.084964,992.687664,1011.084964,2310642
11/7/2014,986.114502,1002.537869,980.0395226,998.3601863,2126740
11/10/2014,984.8875122,989.6210197,977.739435,986.9764463,1541964
11/11/2014,989.1224365,994.2200368,979.4255146,988.0876079,1249940
11/12/2014,993.3580322,1000.736113,986.9381433,988.8545281,1320582
11/13/2014,992.0932007,998.3980878,983.1628291,994.6036834,1645540
11/14/2014,998.9923706,1000.793754,986.938327,990.8477339,1457174
11/17/2014,1003.534058,1006.101994,993.5496743,994.6420511,1570552
11/18/2014,991.0968018,1006.734427,988.7587748,1004.185673,1467026
11/19/2014,986.4589844,995.7534498,980.2115518,995.7534498,1865746
11/20/2014,998.6091309,1000.448879,981.4000294,991.9209653,1795386
11/21/2014,1005.009644,1011.851175,991.4033115,999.586312,2001594
11/24/2014,1018.634949,1021.432889,1004.951983,1004.951983,1942766
11/25/2014,1010.318054,1026.952237,1002.652515,1019.516701,2371684
11/26/2014,1006.983398,1018.117611,1002.269074,1008.03741,1584800
11/27/2014,1016.948792,1022.582944,1006.217036,1006.98359,1732418
11/28/2014,1013.001221,1031.743431,1010.069189,1018.884561,1989768
12/1/2014,1032.146118,1034.848241,1013.863818,1015.876023,1896354
12/2/2014,1018.481995,1039.044768,1015.434961,1032.164965,1436572
12/3/2014,1010.069031,1024.652645,1003.610776,1024.07773,3094670
12/4/2014,1011.065552,1022.199767,1007.980153,1021.049936,1285308
12/5/2014,988.4521484,1015.60736,985.8458463,1012.196139,2359676
12/8/2014,963.0983887,994.6037369,958.8247943,994.6037369,3232574
12/9/2014,963.8840332,980.8056724,961.6801908,964.3247642,2487940
12/10/2014,961.2206421,970.4192929,956.7363185,963.941947,2087970
12/11/2014,955.1835327,966.9692979,953.209694,958.4222975,1938822
12/12/2014,939.2971802,965.8583022,928.5462387,958.1927601,2380786
12/15/2014,904.0163574,914.1157449,901.5634218,914.0773798,3487788
12/16/2014,936.3649292,942.5739981,898.7845992,900.7009843,3339140
12/17/2014,936.7675171,946.6943557,921.8771656,940.331919,2287076
12/18/2014,943.1298218,946.1194015,933.2029836,940.9835264,1481444
12/19/2014,962.2359619,967.2951989,945.927509,947.1923417,1903130
12/22/2014,963.3282471,969.3074049,948.380446,968.1575741,1643954
12/23/2014,964.5928345,972.239189,956.1224722,958.1921298,1266476
12/24/2014,950.4886475,966.1839163,945.0269499,963.9417083,3288972
12/26/2014,960.1090088,962.025394,944.7779268,952.8267449,626206
12/29/2014,966.9696045,972.3546656,960.875537,961.258814,778920
12/30/2014,969.7097778,974.4623742,964.3247185,967.7742107,701342
12/31/2014,980.5184937,983.6421641,967.774532,970.7257465,1573792
1/1/2015,975.6506958,983.871968,973.9067669,983.871968,366830
1/2/2015,988.6437378,993.0514228,977.5862536,977.739527,925740
1/5/2015,973.6193848,996.48182,967.6402262,989.2379223,1754242
1/6/2015,937.725708,969.346066,935.1960419,969.346066,2423784
1/7/2015,926.6487427,950.2010946,922.7201536,946.6941476,2636332
1/8/2015,936.6522217,938.6452431,927.7410327,936.1155778,1565408
1/9/2015,962.9065552,965.8194034,939.0283861,940.9447705,3197642
1/12/2015,961.9099731,968.9239588,950.6224877,964.7079131,1596006
1/13/2015,957.3873291,969.8438283,950.5650752,965.857786,1468432
1/14/2015,966.6054077,970.3807236,958.3841348,964.3249283,1787096
1/15/2015,973.1790161,989.5257486,967.1040361,970.8409881,5009920
1/16/2015,970.5147705,975.4399171,952.1750231,974.9416384,5293830
1/19/2015,962.4086914,977.7397737,959.3424749,971.9906178,1135074
1/20/2015,958.3648682,969.6907212,951.7725231,965.8579515,2058566
1/21/2015,963.4818726,966.6247257,953.6891252,966.6247257,2310480
1/22/2015,963.3859863,966.3372007,956.4678173,964.5166348,2113214
1/23/2015,959.5722046,970.476415,956.6976275,963.5582474,3150380
1/27/2015,960.8973389,965.8706901,956.0967887,964.8530109,2738736
1/28/2015,975.3181763,977.3535345,961.2236865,961.2621284,3121980
1/29/2015,977.2572632,986.4935376,965.0638695,974.7034088,3734392
1/30/2015,953.2160034,988.9128585,948.5882565,983.421013,5817402
2/2/2015,965.5634155,968.3477346,945.5355582,953.1972174,3181802
2/3/2015,982.4801636,985.0724595,962.8363585,964.5836829,2345054
2/4/2015,965.6019897,987.6460811,960.916671,986.2251368,2245418
2/5/2015,980.2339478,995.3268969,967.4069146,967.7909586,4530168
2/6/2015,989.2011719,996.5172276,979.6385153,980.4641723,2136416
2/9/2015,965.0637207,986.6470594,960.1095927,983.7282887,2076432
2/10/2015,937.5090942,970.1912804,934.3791727,963.9505646,3799054
2/11/2015,944.7098389,955.2134802,939.8517196,942.8472816,2937522
2/12/2015,945.5740356,952.3524695,939.7558057,952.3524695,3107980
2/13/2015,974.9916992,978.4480952,944.8442454,948.5886744,4158326
2/16/2015,992.6769409,996.5941709,981.2324111,983.1526311,2364392
2/18/2015,1012.205444,1015.028205,985.1687866,992.7728759,2660014
2/19/2015,1029.640869,1032.041143,1011.95563,1012.339673,2618002
2/20/2015,1027.528931,1036.457954,1014.740247,1036.457954,1801588
2/23/2015,1035.631836,1045.367385,1025.781148,1025.781148,1614892
2/24/2015,1038.743042,1048.440153,1028.853909,1034.614569,2199922
2/25/2015,1026.24231,1045.367719,1024.571775,1040.759191,1767994
2/26/2015,1020.193665,1034.13448,1008.249952,1028.853875,1991994
2/27/2015,1022.459412,1027.605563,1004.77417,1021.345628,2877376
3/2/2015,1025.16748,1040.356446,1018.696392,1029.123154,2176038
3/3/2015,1066.106079,1071.482695,1027.759251,1030.005945,3424308
3/4/2015,1054.584961,1079.97031,1042.929187,1070.714811,3862994
3/5/2015,1035.555542,1064.070812,1029.641301,1056.121119,2173514
3/9/2015,1016.487427,1029.160876,1002.354592,1013.875909,2883174
3/10/2015,1014.912964,1028.565746,996.6900965,1017.294018,3037052
3/11/2015,1001.029663,1021.53757,997.6692789,1014.644001,2240200
3/12/2015,1005.829712,1008.076311,994.7116651,1007.692268,1827636
3/13/2015,991.7364502,1013.857337,988.9136882,1013.10847,1586838
3/16/2015,984.0360107,1002.354892,980.0803386,992.8305813,1556296
3/17/2015,992.2546387,1001.087652,982.2887139,991.7938045,1267318
3/18/2015,982.9030151,998.3031228,979.9650224,995.0387489,1255170
3/19/2015,997.0742798,1000.76114,986.2634782,989.2973884,2448964
3/20/2015,1002.719727,1005.427256,990.3919696,996.9782872,1963908
3/23/2015,1005.10083,1010.419878,1000.818777,1004.659217,1566608
3/24/2015,995.1733398,1012.724134,991.6401534,1010.035825,2394878
3/25/2015,988.4333496,1003.891122,977.4688735,995.2116894,2224858
3/26/2015,965.1408691,993.406447,960.4938999,980.5794169,3091642
3/27/2015,965.7941284,987.7229904,961.6848753,972.0156241,2751776
3/30/2015,984.7461548,986.9544073,967.7906537,969.7108732,1339006
3/31/2015,980.8289795,986.7816604,968.1747507,986.7816604,2427028
4/1/2015,976.4893799,984.5351762,968.6549203,982.3844924,2075758
4/6/2015,978.2752075,984.2662371,960.1483512,982.3844592,1568542
4/7/2015,992.7537231,998.1303391,977.0079194,984.0935123,1886922
4/8/2015,1014.413818,1020.21292,995.0004685,996.2101696,1652134
4/9/2015,1023.304443,1032.099013,1012.013494,1021.17298,2544450
4/10/2015,1019.156921,1025.704891,1009.267787,1017.14069,1815544
4/13/2015,1019.828735,1023.477153,1009.267526,1023.093109,1308642
4/15/2015,1009.171631,1042.256984,1002.124386,1019.521598,2913934
4/16/2015,991.9088135,1008.883539,987.5115286,1008.864318,3217570
4/17/2015,950.4511719,983.1524755,948.5885213,982.0387856,9668742
4/20/2015,932.7661743,953.9269445,931.2492191,952.4484312,2890722
4/21/2015,932.0940552,941.6759347,922.0896897,932.7661322,2546032
4/22/2015,939.0258789,949.7406674,924.6050102,933.8028438,4186812
4/23/2015,943.6919556,952.352165,933.8796143,949.3566036,4342990
4/24/2015,957.4406738,965.4863749,939.9666762,942.9430164,3625158
4/27/2015,960.1867676,967.7908574,954.7333617,959.9179555,2733052
4/28/2015,958.1898193,963.9504796,942.8665006,963.9504796,3088298
4/29/2015,955.232605,958.1897249,941.3110108,953.9652411,2019620
4/30/2015,946.1690063,956.2693804,932.1130548,952.4289411,3738054
5/4/2015,953.0246582,961.9536836,943.6731468,956.6538562,1890630
5/5/2015,966.965332,974.108495,960.1101084,960.4941524,3255070
5/6/2015,945.9194946,965.8705596,943.1351759,965.8705596,3394406
5/7/2015,977.487915,980.7522888,942.3286708,946.6299445,3205028
5/8/2015,970.5750122,993.9056807,966.36975,983.1524508,3003664
5/11/2015,981.6160278,984.3235556,969.7106691,973.5511074,2573082
5/12/2015,968.904541,985.0728304,965.102543,983.1526105,2467386
5/13/2015,966.024353,978.1601824,952.6020324,978.1601824,1863774
5/14/2015,959.8220825,967.7909965,954.3494549,967.7909965,1309050
5/15/2015,964.3920898,972.5530252,960.4940806,965.8706968,1461454
5/18/2015,967.9442139,969.8068643,958.996066,965.5248123,4507752
5/19/2015,964.9873657,971.6313459,958.8618825,967.5604418,1957722
5/20/2015,982.0198364,986.9547461,966.6004119,967.7909859,1897814
5/21/2015,981.4244995,990.8335781,978.6017384,982.0005655,1579578
5/22/2015,1005.388733,1009.555648,975.1837103,979.3121833,2691632
5/25/2015,998.8980713,1012.685208,993.0221815,1006.194905,982978
5/26/2015,1001.912842,1007.443036,994.2510919,1000.434235,1961740
5/27/2015,1004.371521,1011.245874,995.442494,1001.587201,1620690
5/28/2015,1002.162842,1007.347436,991.6976425,1000.012158,2763608
5/29/2015,1002.469604,1017.178502,997.4578139,1005.042679,4423532
6/1/2015,1005.331055,1016.602782,1001.721079,1002.143471,882264
6/2/2015,998.475769,1010.035529,994.8657936,1004.658914,3935820
6/3/2015,1002.699707,1008.345225,994.8652527,1000.049843,1804684
6/4/2015,1000.684204,1007.270615,994.0978871,1005.081583,4131468
6/5/2015,998.4362793,1011.285655,996.1686979,1004.696212,2308534
6/8/2015,999.0563965,1003.920975,992.932072,1003.920975,1570320
6/9/2015,992.9317627,1003.920662,988.8037098,1001.982591,2578914
6/10/2015,1008.087585,1011.673017,993.7652603,994.6179926,2763350
6/11/2015,996.6722412,1012.835732,991.0324366,1009.928626,1847336
6/12/2015,971.2840576,1003.514153,960.0432415,996.9053094,2571456
6/15/2015,970.8959961,976.96212,961.6707599,971.0898032,2525176
6/16/2015,973.6869507,976.5165535,966.884302,969.0355799,1267396
6/17/2015,974.3845215,980.3343422,969.7331514,977.1753246,1975720
6/18/2015,980.6835327,986.9822648,972.1366189,974.8499188,2165046
6/19/2015,988.2415161,990.353994,979.5395988,982.6017122,1999610
6/22/2015,1004.50238,1007.797102,987.2535454,987.2535454,1102002
6/23/2015,997.9517212,1010.898,995.0833189,1007.797086,898318
6/24/2015,996.2850952,1003.10705,991.8469302,1000.044935,1170246
6/25/2015,988.4163818,997.33151,986.1488005,993.067753,1930992
6/26/2015,1005.006348,1006.382397,988.4939411,988.4939411,1290102
6/29/2015,1005.044739,1009.347294,985.8578374,996.9436405,1372756
6/30/2015,988.7845459,1003.436383,984.5401888,1001.98283,1549952
7/1/2015,1005.122681,1010.898096,991.032863,993.8042674,1279708
7/2/2015,999.1729736,1008.940837,996.5759762,1007.797394,1445880
7/3/2015,1009.308838,1011.673323,996.168751,997.3509935,963470
7/6/2015,1020.704529,1025.239596,1000.160975,1000.160975,1182338
7/7/2015,1014.095642,1025.975979,1008.959754,1020.491276,1642836
7/8/2015,1005.897766,1016.208248,1000.23856,1007.00241,2667850
7/9/2015,977.7567139,1007.118486,971.6129916,1005.85874,3934122
7/10/2015,959.0933228,991.90483,951.5929494,991.90483,8263654
7/13/2015,972.7374878,976.2454161,959.5004026,959.5004026,2280308
7/14/2015,968.8415527,974.849572,965.1592184,973.2991154,1703274
7/15/2015,986.7688599,988.3968206,969.03551,969.4231242,2003660
7/16/2015,984.6175537,991.8466152,979.3460575,985.9742034,1456608
7/17/2015,993.9976196,996.2070958,985.8190184,987.1756678,1070526
7/20/2015,1001.864014,1003.709139,991.2788227,995.9790738,853786
7/21/2015,994.968689,1010.098784,992.5215473,1000.640056,1274500
7/22/2015,982.0142822,997.9211813,979.2951509,994.8136027,1320628
7/23/2015,966.6902466,985.8212812,964.5149032,977.9163386,1496780
7/24/2015,973.1188354,977.5277508,968.0496734,970.1472512,1574972
7/27/2015,969.9729004,973.0610392,963.7965279,966.4574314,2003738
7/28/2015,971.9146729,978.4988362,968.0689873,970.9241132,1891188
7/29/2015,973.7406006,976.9647332,964.7091978,975.3915022,2413318
7/30/2015,963.6016235,977.6440484,960.5523696,977.352713,2770574
7/31/2015,975.2939453,978.4986352,966.068323,967.1947821,1963776
8/3/2015,974.847229,980.8292786,971.4676622,972.4387803,1179324
8/4/2015,974.5755615,980.0527073,965.6801547,975.1582326,2342692
8/5/2015,989.4335938,990.5407066,975.3912605,978.8872865,988994
8/6/2015,999.5916748,1003.359595,990.5797144,996.3675425,2211366
8/7/2015,991.3370361,999.4749888,989.3753581,999.4749888,1188506
8/10/2015,999.1259155,1005.690641,993.1049789,999.0870328,1431182
8/11/2015,1011.594421,1013.847435,987.4719014,1001.417121,2200306
8/12/2015,1037.814575,1045.466968,1010.739819,1011.167149,3479784
8/13/2015,1023.791748,1042.59256,992.8713048,1037.154297,1406426
8/14/2015,1050.050659,1056.32414,1024.374351,1024.723916,2293964
8/17/2015,1042.884033,1047.564843,1031.327724,1044.962264,773644
8/18/2015,1064.695313,1068.191339,1044.92338,1051.488102,1916926
8/19/2015,1061.859863,1069.337476,1057.314953,1068.230363,1690070
8/20/2015,1043.699829,1066.288005,1037.931348,1066.288005,2349298
8/21/2015,1039.543579,1060.422629,1031.366836,1053.469458,3536080
8/24/2015,1001.66925,1027.442758,997.9596559,1025.112075,4692344
8/25/2015,997.2028198,1018.5092,984.9084961,1005.263104,3925800
8/26/2015,1000.931946,1025.112799,975.7605326,993.6679976,3216158
8/27/2015,1000.115784,1015.750787,988.9091362,1015.750787,5264798
8/28/2015,998.6400757,1013.459307,993.5319353,1013.459307,2744152
8/31/2015,995.9984131,1006.078603,983.179651,1006.078603,3692044
9/1/2015,985.6464844,1014.313924,982.7720113,992.8716446,2987602
9/2/2015,1006.777832,1017.90681,989.7638196,994.3086345,3765950
9/3/2015,1012.13855,1015.789917,1000.737581,1008.4483,2265074
9/4/2015,989.5502319,1015.750988,986.3260998,1014.391422,2426396
9/7/2015,986.559082,994.4056989,983.8205095,991.706009,1759184
9/8/2015,986.7728271,996.0178931,980.2468927,988.5985107,1787746
9/9/2015,990.4436035,999.8634515,988.2100313,995.5710894,2045076
9/10/2015,988.7536621,1001.611305,981.6062701,987.4329793,2665818
9/11/2015,991.3174438,997.6879412,986.8891829,989.1809838,1592672
9/14/2015,991.1814575,996.3672666,987.8214265,996.3672666,1589318
9/15/2015,985.5879517,993.9977981,985.1023925,991.1815551,1379900
9/16/2015,990.6765137,996.3672281,987.0639352,992.4827555,1756816
9/18/2015,991.026123,1004.524666,986.2676439,996.3672731,2455294
9/21/2015,990.9483032,993.2984279,984.0144824,990.5404147,1108840
9/22/2015,981.5286865,999.241827,967.2338065,993.454,2081246
9/23/2015,983.8012085,993.5512756,976.0129145,984.4422036,1228352
9/24/2015,1002.349487,1006.07862,982.7328965,984.9082395,2354254
9/28/2015,1007.515564,1017.343298,1001.999632,1007.632117,2366812
9/29/2015,1005.398682,1023.170145,998.2512896,1003.495328,3325952
9/30/2015,1005.321411,1026.938473,998.678922,1026.938473,3368336
10/1/2015,1027.28833,1029.366467,1006.933624,1009.575086,2834408
10/5/2015,1053.333252,1075.999193,1030.434299,1030.434299,4807306
10/6/2015,1048.807861,1058.907493,1042.592704,1058.519045,3979590
10/7/2015,1030.919678,1055.411299,1028.200547,1046.45757,2065530
10/8/2015,1023.09259,1040.397938,1017.731998,1037.154365,2357550
10/9/2015,1021.480591,1029.618639,1013.070743,1029.579756,2249724
10/12/2015,1007.088623,1033.405931,1004.91328,1031.327699,2455912
10/13/2015,1009.399963,1014.624562,997.3775359,1011.050865,6179712
10/14/2015,964.7867432,989.7639288,963.3495068,989.7639288,8337128
10/15/2015,958.5908203,972.4778112,957.5225902,967.2337727,3215710
10/16/2015,960.2416992,968.010645,959.4648046,963.6988422,2333828
10/19/2015,966.7484131,969.1567679,953.9685323,967.2339723,3130642
10/20/2015,981.5092773,982.7717311,969.4091811,969.6616339,2695084
10/21/2015,982.7718506,987.433219,979.7613835,984.7140874,1929688
10/23/2015,987.6963501,991.9202242,983.8618647,991.9202242,2335398
10/26/2015,987.4625854,992.3092712,979.1122577,992.3092712,1414630
10/27/2015,985.3410645,990.7132401,981.1561583,984.9322872,1530420
10/28/2015,984.562439,986.2947764,977.1463772,977.1463772,1255342
10/29/2015,971.4240112,987.0151469,969.3607357,986.2950106,3130316
10/30/2015,971.3656006,977.8667862,967.3948239,973.2342293,1516696
11/2/2015,979.9883423,982.1099735,968.3873733,973.2340599,1319294
11/3/2015,990.1489868,991.8424523,980.4361286,984.1344185,1364906
11/4/2015,986.3920288,991.6085244,981.0197587,990.7520976,991434
11/5/2015,966.4796143,986.8396864,965.4480243,985.2241561,1596098
11/6/2015,975.4723511,980.3385206,966.7910856,970.1195646,908024
11/9/2015,962.0808716,974.3046538,961.0103141,971.2876281,2021556
11/10/2015,956.9420166,964.2802389,953.7693118,962.7035808,1361920
11/13/2015,933.2925415,949.1173851,929.0687625,949.1173851,2743232
11/16/2015,924.4165649,930.411648,917.1756664,930.411648,2043528
11/17/2015,930.6258545,933.701236,924.5723199,926.7134347,1985028
11/18/2015,915.4048462,929.9838793,913.2832141,929.9838793,1520352
11/19/2015,919.725647,927.1417093,915.6185803,920.8156881,1866906
11/20/2015,933.6621704,943.4723483,919.491829,921.2631335,2012126
11/23/2015,930.8204956,939.5211507,927.3946929,936.3679295,1088082
11/24/2015,921.8278198,931.3655136,920.8740695,926.5383107,998640
11/26/2015,913.1077271,927.4531408,910.110185,925.7013194,2915292
11/27/2015,916.1443481,918.5189826,908.0275366,914.0615889,1737206
11/30/2015,924.0077515,930.8982285,914.8982251,920.6792725,4100048
12/1/2015,919.4727173,925.7598673,917.5846999,919.862011,1721994
12/2/2015,920.7572632,925.779208,913.4774914,925.7402406,1640296
12/3/2015,915.1318359,923.7936176,913.6719851,918.7328014,2283358
12/4/2015,906.4309692,913.7886736,903.5892027,910.946812,1246092
12/7/2015,903.0830688,912.4649851,901.3117644,907.9102702,1382604
12/8/2015,906.664978,914.4508516,902.110261,902.9277207,1139964
12/9/2015,921.7108765,923.7157954,903.161076,910.1293928,5282806
12/10/2015,928.2900391,930.8788034,915.6185138,922.2365048,1723988
12/11/2015,928.8547974,931.1710759,919.9983654,927.6869162,1652378
12/14/2015,925.9151611,929.2436398,907.2875231,909.0782163,2718532
12/15/2015,924.9034424,928.4654416,919.9204642,925.9155489,1135868
12/16/2015,937.574646,939.9493749,928.0759204,928.0759204,1435934
12/17/2015,949.7791748,951.8229665,931.7159876,940.144157,1618844
12/18/2015,940.8449707,947.6186426,934.5578208,942.0906915,3024970
12/21/2015,952.3677979,953.7692928,936.9713124,942.0710014,1610104
12/22/2015,936.2704468,949.876237,934.3044954,949.876237,1560858
12/23/2015,944.3485107,947.9299931,938.4117829,940.1441205,849834
12/24/2015,947.6376953,949.1753856,935.861567,942.4795565,843160
12/28/2015,958.713501,960.1538685,942.16852,945.2050297,3704198
12/29/2015,956.027771,959.7260622,952.1153491,957.0204892,1708524
12/30/2015,941.428894,957.2731273,939.093132,954.956849,1605762
12/31/2015,948.6506348,953.1858695,937.2248237,940.4364976,1240318
1/1/2016,940.6890259,949.4870993,939.0734954,949.4870993,712262
1/4/2016,922.4702148,939.7548138,921.0882035,938.2559954,1870184
1/5/2016,914.4315796,929.088547,911.3367131,928.465639,2678020
1/6/2016,927.1419678,928.9131782,914.9180879,914.9180879,2653228
1/7/2016,923.1124268,927.6476591,918.7328739,922.6258098,3199580
1/8/2016,933.3702393,937.1658513,923.5989333,928.4651026,1907544
1/11/2016,919.6478271,928.0759961,914.3923632,927.4920556,2930228
1/12/2016,905.9058228,920.679498,895.9983182,919.7841036,3482594
1/13/2016,887.2780762,905.8863318,877.8961561,901.9933953,4746092
1/14/2016,887.1221313,894.9468744,875.9104585,884.8642098,2742052
1/15/2016,880.2319946,892.1443244,877.8572651,891.0348945,3269408
1/18/2016,886.6743774,892.2218103,879.8033846,880.5819717,2213922
1/19/2016,887.3171997,895.3755607,883.0349688,886.4218051,967910
1/20/2016,887.6282959,889.5357964,873.1854666,885.1757274,1615954
1/21/2016,879.7849731,893.5992566,876.3704163,891.6871429,2675536
1/22/2016,895.8820801,898.3405798,881.9311776,887.004233,1343178
1/25/2016,899.3551025,912.7597136,894.2235501,898.2819562,1397560
1/27/2016,905.2474365,909.2278136,890.477007,898.3207668,1626986
1/28/2016,909.7157593,916.6228993,900.6818577,903.5890892,3106660
1/29/2016,933.1687012,936.5637256,911.2179889,920.4470058,2235744
2/1/2016,937.6176758,941.6175848,920.5644242,933.0910067,1495274
2/2/2016,935.8227539,949.4419197,928.6423715,940.076278,1475588
2/3/2016,942.9246826,948.2318205,921.0715265,931.6858976,1308692
2/4/2016,944.3880615,952.1732293,937.344302,945.109939,1250046
2/5/2016,945.1295166,952.1537457,939.7248197,939.7248197,1402996
2/8/2016,922.1056519,941.2662259,915.8814235,936.5638757,1063658
2/9/2016,890.2816162,910.6519486,880.2136348,910.6519486,2489610
2/10/2016,885.3649292,893.5988281,881.189435,887.7843664,1890732
2/11/2016,857.7168579,893.2477679,847.45366,889.7356534,1962408
2/12/2016,868.8970947,875.452965,844.4683511,858.5168079,2172568
2/15/2016,885.50177,900.2137067,874.1264571,878.0288074,2479712
2/16/2016,884.0969849,890.516332,875.2971659,884.2725716,1588702
2/17/2016,887.9992676,889.5991739,876.6238602,883.8822693,1585178
2/18/2016,903.725769,905.2476474,888.9553361,891.6869811,1529140
2/19/2016,905.2086792,908.0769449,899.6673606,900.4088644,879012
2/22/2016,903.7451782,914.3205846,899.4916549,905.4427385,1324884
2/23/2016,883.4918213,905.3059143,880.6626182,901.5401856,1306852
2/24/2016,862.789978,882.8870788,858.9851871,882.8870788,1659328
2/25/2016,863.5314331,869.4434544,852.9169664,866.2435469,1830556
2/26/2016,862.614502,880.7213686,858.3609784,870.1069952,1537536
2/29/2016,849.463562,872.9556898,825.3470201,872.9556898,2191718
3/1/2016,888.4286499,891.7262125,843.6882364,855.7855238,1999760
3/2/2016,904.8964844,909.2475666,880.4677348,899.4916914,1527486
3/3/2016,926.0858154,933.0515458,897.9304085,911.5886286,2648284
3/4/2016,919.99823,928.7589837,916.876351,928.7589837,1512966
3/8/2016,918.7303467,923.6863125,899.1795336,913.9694984,1268152
3/9/2016,919.8814697,924.622787,895.6478377,913.5401509,2017784
3/10/2016,916.3883667,920.8955975,903.3739985,919.4126863,1661666
3/11/2016,923.0031128,932.9931645,911.1985069,913.1496814,1530528
3/14/2016,919.0032349,935.7833364,913.1497111,921.7348793,1636742
3/15/2016,909.2085571,922.3204922,905.3843301,916.6816151,1623356
3/16/2016,908.0962524,910.0278964,900.2329611,903.3939023,1918246
3/17/2016,917.8521729,921.6569638,910.0279427,910.8084126,2221088
3/18/2016,946.6513672,948.2708039,920.954361,920.954361,3204070
3/21/2016,954.6123657,958.0073912,944.368697,946.710107,2336982
3/22/2016,965.0903931,969.7341523,950.8077513,952.9540442,1951984
3/23/2016,965.362793,970.8650461,958.9239193,970.8650461,2278434
3/28/2016,965.2072754,982.2800578,960.5830475,972.07545,3320882
3/29/2016,963.6461182,970.4947604,958.0267732,967.0021767,1838796
3/30/2016,971.4898071,977.5384482,959.9778773,964.2313997,2136504
3/31/2016,983.5092773,995.0992376,964.7194052,967.1194075,4363964
4/1/2016,957.5974731,983.7237784,949.8708976,977.5385165,3041400
4/4/2016,964.367981,970.9044154,954.9047848,958.4168988,1752352
4/5/2016,961.0509644,969.694629,952.9731213,964.1923742,1491794
4/6/2016,968.5241089,971.2948152,959.7243868,963.880351,1763150
4/7/2016,964.1928711,969.6171007,958.8076078,967.7830148,2390942
4/8/2016,949.0710449,965.3242945,947.1003391,962.319504,1399500
4/11/2016,978.1824951,982.2214654,941.6370266,949.4417263,2400648
4/12/2016,982.6702881,985.3434361,970.9438018,974.8070905,1303628
4/13/2016,985.8116455,993.1480826,980.465445,987.2945576,1601468
4/18/2016,983.2947998,996.4652332,952.1735535,957.2466094,7121504
4/20/2016,956.2122192,989.2065071,952.1732495,989.2065071,6405024
4/21/2016,946.0853882,962.8654877,941.3245418,956.4656739,2525724
4/22/2016,943.2175293,950.3782844,938.2029714,943.9784685,1964126
4/25/2016,956.5637817,958.8271644,937.4617928,937.4617928,2267654
4/26/2016,971.6069946,973.0508449,952.953745,955.6853897,2554368
4/27/2016,979.9190674,981.2848898,966.1827203,967.7827218,1848670
4/28/2016,986.416626,991.1970052,974.8461951,976.0949282,4992744
4/29/2016,989.440979,991.9775069,979.4899851,982.2216305,2372178
5/2/2016,986.0065308,987.294325,975.5872777,986.9040901,1116692
5/3/2016,967.0412598,987.2944154,964.6607885,985.3432407,2153118
5/4/2016,967.0018921,973.2651801,958.8069608,965.4018912,1364892
5/5/2016,963.9973755,971.6654538,961.3632897,967.0021654,1246566
5/6/2016,965.2072754,969.4608943,948.6613484,961.9293393,885598
5/9/2016,980.4846802,982.6114412,958.5729342,965.2069273,1821276
5/10/2016,984.5232544,988.8353676,974.0259773,981.4404378,1158534
5/11/2016,982.7285767,985.5773105,971.6849098,975.5872589,1598716
5/12/2016,1001.421204,1002.865054,983.607011,983.607011,1513082
5/13/2016,984.718811,1001.342858,979.5481981,1000.952623,1621730
5/16/2016,995.5479126,1000.874677,984.3677187,990.4163608,1111526
5/17/2016,1002.982056,1011.196522,995.8797972,1000.640645,1756698
5/18/2016,995.5283203,1001.284285,985.7529167,1001.284285,1500740
5/19/2016,997.8112793,999.001515,985.7725877,997.0503402,1038792
5/20/2016,987.0212402,1001.264815,984.4847132,992.0942944,1230918
5/23/2016,972.2510376,993.4993157,967.8608936,992.7579073,1533016
5/24/2016,962.9827271,971.002074,959.8218813,969.3435755,1339158
5/25/2016,985.9094849,988.4460131,968.173318,968.173318,1548678
5/26/2016,994.5919189,1000.913707,977.5777302,987.2945435,1943248
5/27/2016,1003.937805,1006.747573,995.3332016,996.3282244,1104676
5/30/2016,1028.815063,1030.980886,1007.586327,1007.976562,1349464
5/31/2016,1002.669495,1032.95176,999.7817945,1030.220116,3722608
6/1/2016,1027.703491,1032.171663,1003.294271,1003.372299,1911942
6/2/2016,1034.181152,1035.800685,1014.610907,1014.610907,1408756
6/3/2016,1026.142334,1037.244499,1022.610689,1034.66891,1554922
6/6/2016,1030.065552,1040.514064,1026.398696,1033.219819,1322026
6/7/2016,1037.419067,1040.514232,1030.26286,1030.657143,1202194
6/8/2016,1030.301758,1036.393416,1027.305166,1031.937995,938266
6/9/2016,1016.166931,1033.968789,1007.472963,1033.968789,1562138
6/10/2016,1007.689819,1026.418281,1006.684377,1011.731224,1396832
6/13/2016,1004.240051,1006.74379,992.80583,1001.480067,1029978
6/14/2016,999.4491577,1008.951328,992.9040158,1008.951328,977570
6/15/2016,1008.123474,1011.297378,994.3826602,997.5369271,1270844
6/16/2016,1008.695435,1011.21881,992.1946326,1003.66832,1145070
6/17/2016,1026.162231,1029.079891,1008.971433,1008.971433,1878988
6/20/2016,1048.5177,1051.947946,1021.903575,1026.161854,1872838
6/21/2016,1045.324585,1050.765717,1041.460587,1050.174292,1027690
6/22/2016,1051.809937,1055.772503,1037.655203,1044.850874,1761712
6/23/2016,1043.017334,1048.596404,1035.111935,1046.822129,1397014
6/24/2016,1014.86615,1022.456108,991.2879738,1011.396435,3766586
6/27/2016,984.0721436,1004.239699,978.8675263,1004.239699,4272566
6/28/2016,971.4945679,986.8518871,969.3062757,984.0722661,4499524
6/29/2016,986.8521118,990.6372718,972.0271103,975.8516409,2531264
6/30/2016,1006.644958,1010.508859,985.8465097,994.3827066,5121812
7/1/2016,986.0436401,1011.179206,983.4807981,1010.154031,2197296
7/4/2016,983.4217529,995.9008818,978.6115141,992.0171513,1883484
7/5/2016,979.9123535,984.5451825,976.6988867,983.4214366,1559748
7/7/2016,958.0299072,982.4952136,956.1373275,980.8588796,3316800
7/8/2016,956.7678223,962.8594795,947.6598402,960.0797632,2456356
7/11/2016,971.5734863,974.5898124,956.9258952,958.1087455,1543632
7/12/2016,971.8887329,975.8512999,960.4151451,974.5501455,1465536
7/13/2016,982.987793,985.4125969,966.4869974,977.0340763,2102300
7/14/2016,994.3432007,997.1426511,974.2742155,980.1884661,2699988
7/15/2016,964.161377,996.6700384,956.7488265,992.4117565,8336366
7/18/2016,959.4688721,973.4856655,958.3452222,964.8114311,2598850
7/19/2016,972.381897,974.9842064,957.1231456,957.1231456,2362896
7/20/2016,983.7172852,986.6941439,965.264804,965.9942667,2815252
7/21/2016,988.0939331,993.3970256,971.6917052,981.5685236,2527148
7/22/2016,991.6624146,995.171499,982.5544277,985.2749452,1517216
7/25/2016,1011.565857,1013.245903,990.5554317,993.0063038,1688796
7/26/2016,1009.055908,1015.143569,1001.307889,1011.566038,2311290
7/27/2016,1018.918396,1020.044957,1006.051199,1010.004249,1750510
7/28/2016,1035.402588,1039.474249,1018.720737,1020.08452,4632080
7/29/2016,1035.422607,1041.589309,1027.397895,1033.327471,2488084
8/1/2016,1070.584839,1077.206198,1040.442831,1040.442831,3961704
8/2/2016,1067.007324,1073.529857,1063.291496,1068.469934,2578162
8/3/2016,1050.048462,1066.927962,1047.182501,1061.788999,2294702
8/4/2016,1048.348999,1060.583671,1042.122944,1055.46449,1415416
8/5/2016,1047.202759,1061.117479,1040.443003,1057.006248,1868484
8/8/2016,1047.361084,1054.67423,1039.277112,1043.605685,2058244
8/9/2016,1047.637451,1051.432418,1019.432493,1050.72085,2261914
8/10/2016,1057.599121,1060.208173,1046.767801,1047.953716,2062078
8/11/2016,1071.237183,1073.253277,1053.70546,1053.70546,2233138
8/12/2016,1082.52356,1085.033786,1068.134488,1069.300619,2327358
8/16/2016,1064.04248,1083.135732,1056.986344,1082.345122,3183754
8/17/2016,1037.497925,1066.928368,1034.908657,1066.928368,1848566
8/18/2016,1043.032104,1050.5429,1039.691796,1041.628752,1292064
8/19/2016,1029.176636,1046.154967,1027.793068,1043.605269,2416244
8/22/2016,1007.514038,1025.599245,1002.612294,1023.049547,2265274
8/23/2016,1028.20813,1029.749781,1004.153781,1006.03148,1503374
8/24/2016,1016.744446,1028.583814,1015.558531,1023.761111,1116878
8/25/2016,1008.44281,1023.721309,998.5404008,1019.88687,1939690
8/26/2016,998.1253052,1016.941861,995.0616915,1011.901723,1250314
8/29/2016,988.4800415,1002.078496,975.1187118,1002.078496,1488728
8/30/2016,1005.715271,1007.948802,988.7567235,992.2156426,1444026
8/31/2016,992.729187,1008.027467,988.5982702,1008.027467,3231668
9/1/2016,991.227478,1002.078583,983.1435085,998.1057477,1345736
9/2/2016,994.1132202,995.9315657,986.7012501,993.0063467,1742330
9/6/2016,981.9576416,996.2280976,980.3566367,996.1292714,2239066
9/7/2016,964.7615356,988.1437853,957.8239143,988.1437853,3854040
9/8/2016,917.9380493,932.9200746,903.1733646,932.9200746,7021516
9/9/2016,929.9354858,935.5487991,917.1276389,920.9422946,2742438
9/12/2016,932.5443115,934.4812675,918.6888515,923.8278167,2024454
9/14/2016,920.4481812,939.8774856,913.154821,933.7106871,2069858
9/15/2016,919.8549194,925.8438479,915.8228279,924.9938843,2818964
9/16/2016,933.5916748,939.2445549,917.1074778,923.7090511,4358004
9/19/2016,953.2581787,959.4051905,928.9667069,934.8962816,2802546
9/20/2016,951.3015137,955.4126472,942.9605393,953.0803862,1184552
9/21/2016,954.0291748,958.219447,949.0088199,951.7759553,1678020
9/22/2016,940.0350952,959.8003411,937.3075299,958.7132526,2857574
9/23/2016,947.9813232,950.2543279,937.3277722,941.6168717,1800726
9/26/2016,949.1669922,956.2824831,946.7555928,949.1669922,1753476
9/27/2016,963.0026855,967.7067771,949.1670086,949.1670086,2038792
9/28/2016,957.8439941,963.5561332,954.7408107,960.9866502,1731328
9/29/2016,963.6749268,971.0671139,956.4803922,962.568053,3603958
9/30/2016,960.9076538,968.4184507,957.8638238,963.3783107,2175364
10/3/2016,953.3570557,971.5213012,949.1668805,968.4972566,1818880
10/4/2016,950.7678223,958.63445,947.94143,956.6381404,1780718
10/5/2016,943.3361206,954.8196536,939.2842444,951.8944352,1176354
10/6/2016,944.2848511,949.6807259,937.9599709,946.7555074,2267572
10/7/2016,936.0031738,943.9883153,932.2082073,943.9883153,1816512
10/10/2016,940.9445801,943.5535354,930.9631281,936.8333499,1202142
10/13/2016,920.6256104,936.8331124,917.4631709,934.2241578,5173334
10/14/2016,935.3708496,943.5932145,905.6439273,915.1312491,7741214
10/17/2016,933.8883667,939.1657276,926.7530915,936.4380649,2728346
10/18/2016,948.8112793,954.9385083,930.8644664,939.2449152,2128632
10/19/2016,946.7950439,952.6850498,936.9914606,949.1273048,1985058
10/20/2016,949.1867676,952.4283465,943.1979341,947.506721,1265854
10/21/2016,960.0576782,961.3424198,948.040442,948.7322259,1259660
10/24/2016,962.2575073,965.1113225,952.2889433,962.4556903,1253190
10/25/2016,950.6639404,957.0653089,943.7473736,953.2601569,1772466
10/26/2016,949.7918091,952.3681875,940.3781187,950.7233077,1437130
10/27/2016,958.4520874,962.9706184,937.6032096,943.2315841,2941602
10/28/2016,950.7626953,957.263153,946.5216003,955.2416485,1752102
11/1/2016,931.4597778,951.1591419,925.1773402,951.1591419,2934776
11/2/2016,913.2468262,929.0816237,909.6596956,927.8925261,2325076
11/3/2016,919.3505859,925.5140931,905.4976213,909.2630962,1463310
11/4/2016,923.7504883,925.9700791,909.2632965,919.568809,1183752
11/7/2016,902.5450439,929.4384137,895.8068233,926.6638523,2048052
11/8/2016,904.982666,914.4161944,895.7869959,903.8926597,1933634
11/9/2016,860.0544434,901.7322721,849.3525658,864.0775179,4500226
11/10/2016,854.3469238,878.9414491,848.5402017,873.9076212,2172426
11/11/2016,832.8240356,851.0172855,826.8983858,851.0172855,2398424
11/15/2016,840.8109741,855.1792375,813.3031235,839.0669062,6290324
11/16/2016,867.8828125,875.5325969,847.4302934,850.24453,4019958
11/17/2016,847.1132202,875.4138048,844.3188211,866.0595304,2504688
11/18/2016,842.3170166,852.1864865,834.0329132,849.01556,2140534
11/21/2016,845.4086304,848.2228664,834.3500625,842.7529987,1793366
11/22/2016,846.2410889,863.0667998,841.1081705,845.0519913,1318860
11/23/2016,854.7036743,857.3196313,843.1495499,851.7903462,1275808
11/24/2016,867.4268188,875.0172829,847.0338154,854.1287253,3026234
11/25/2016,911.7800903,914.5149756,868.9130718,876.7611338,4276148
11/28/2016,904.744751,919.3507749,892.5762417,909.2632831,1924296
11/29/2016,895.7276611,908.4707881,892.8341702,901.7325668,1442296
11/30/2016,902.1484375,909.5604589,888.7710912,897.7685759,3445832
12/1/2016,897.154541,907.6780769,893.4287396,902.5253193,1123052
12/2/2016,880.6656494,900.0677417,874.0660988,894.9942386,1998032
12/5/2016,866.4557495,887.0073576,860.1138959,883.4994811,2249526
12/6/2016,865.0089722,873.5704157,860.0741404,868.0411319,1593444
12/7/2016,853.9900513,865.8413513,850.4623372,864.9495282,2065706
12/8/2016,870.3203125,871.6085015,856.1502334,856.3484163,3239546
12/9/2016,870.1221924,879.8925726,861.4219807,873.9867597,1588718
12/12/2016,875.255188,878.9810856,857.3394681,869.9439235,1311758
12/13/2016,872.1239014,879.1395584,865.266752,879.1395584,2147534
12/14/2016,875.017395,881.7951938,867.6449506,877.5540981,1870366
12/15/2016,895.5092773,900.582779,872.7974975,872.7974975,4295410
12/16/2016,904.7644653,907.677793,892.6158908,902.525037,1987230
12/19/2016,907.2416992,910.7297378,896.3020605,903.7140821,1334210
12/20/2016,927.21875,929.4780162,906.5086322,908.470624,2922760
12/21/2016,917.0323486,929.0025816,913.8614209,929.0025816,2034902
12/22/2016,914.6937256,921.5508762,906.1718573,914.0199228,1868300
12/23/2016,906.9246216,918.6768288,903.2384003,911.6413359,1118954
12/26/2016,908.9064941,912.2756036,898.1649418,898.1649418,897408
12/27/2016,920.9165039,923.5325576,904.3088112,904.3088112,1294692
12/28/2016,916.9528198,931.4201749,912.8900694,922.2245056,1350418
12/29/2016,932.1333008,935.3834805,912.8303084,912.8303084,1963516
12/30/2016,937.6233521,942.7959463,929.7356128,933.4019973,1405748
1/2/2017,935.9586792,941.4087105,932.4111269,938.0396002,823132
1/3/2017,938.6936646,940.0611077,928.8043534,935.9191029,1475324
1/4/2017,943.1524048,946.8584637,934.7494693,939.2680007,1420066
1/5/2017,925.2761841,947.2943212,919.7270635,944.9359643,2216404
1/6/2017,904.2689209,923.2747389,894.6373091,919.9650457,3009896
1/9/2017,913.1082153,916.1206352,894.5979449,901.732532,1854578
1/10/2017,917.725769,923.4532366,908.2724042,913.2269776,1533914
1/11/2017,921.3128052,923.3739852,903.7934528,917.5870046,1931296
1/12/2017,929.2202148,935.423301,913.2268159,921.3126396,2570374
1/13/2017,891.5457764,934.6108897,887.0074065,930.6670686,10235580
1/16/2017,895.2124023,901.2965621,883.1034023,891.8234539,3364808
1/17/2017,903.218811,906.8059418,892.9331351,893.7654454,3009956
1/18/2017,909.6992188,910.8486409,897.9469143,902.9213246,3136574
1/19/2017,908.0744629,909.719343,904.8836974,909.6599268,2251676
1/20/2017,905.8347778,911.6414991,897.7686937,906.4887428,2037246
1/23/2017,916.9050903,919.6080857,898.2625447,900.3295069,2318546
1/24/2017,921.5360718,923.3843917,910.2670069,915.831958,2282638
1/25/2017,935.309082,938.091557,921.4166015,923.2252296,4111648
1/27/2017,937.2172241,945.544756,932.149144,932.149144,2871658
1/30/2017,927.3193359,934.891662,921.4562639,930.5390957,2577956
1/31/2017,886.3378296,926.981852,874.5123072,922.1919991,4666804
2/1/2017,861.732666,890.3723097,856.8236422,882.4422735,4864152
2/2/2017,877.5330811,882.044705,855.8099368,862.5872714,6009482
2/3/2017,887.4307861,891.5846049,870.914788,878.3479527,2153372
2/6/2017,890.6901855,897.7457477,880.4347576,897.5469994,2408910
2/7/2017,892.2203979,895.4003689,884.8269266,891.9818613,1814638
2/8/2017,902.694397,907.3252881,892.001783,892.3395967,2212584
2/9/2017,921.1185913,925.3717841,902.3964687,904.3044712,4033202
2/10/2017,953.1763916,963.7100453,918.614102,918.614102,5782160
2/13/2017,959.6557007,965.5187727,946.9756041,952.4013913,3819812
2/14/2017,956.4760742,961.8024892,953.1967277,961.8024892,2033328
2/15/2017,959.4370117,965.1212295,944.0937094,952.7988415,1924972
2/16/2017,972.9721069,984.9963767,968.142563,977.8414393,4175680
2/17/2017,957.1316528,984.0422398,954.7864626,982.6112138,2723324
2/20/2017,994.6156616,1015.603495,957.2113015,963.9289531,3973948
2/21/2017,979.9678955,1004.036228,975.9133541,999.3060587,5501112
2/22/2017,958.5627441,981.8162878,954.0511204,980.1865134,4505496
2/23/2017,986.5065918,991.0579062,959.9538127,959.9538127,4853352
2/27/2017,989.7068481,994.5363925,981.8363969,985.4337601,2139892
2/28/2017,980.3252563,989.7657935,973.8659414,989.5670454,2354828
3/1/2017,985.6123657,994.4963534,981.8162551,985.7514313,1130374
3/2/2017,994.3174438,997.7160578,981.8360945,988.4543714,1544942
3/3/2017,991.3760986,993.6219149,983.9627312,990.5612115,1013970
3/6/2017,982.8101807,987.3813908,975.6751373,985.7914047,1400694
3/7/2017,993.6618042,995.7287667,983.8237655,986.9440549,1511672
3/8/2017,998.5903931,1001.690884,990.6404654,994.5359494,1791510
3/9/2017,1001.591614,1003.280974,995.3509393,999.365595,858468
3/10/2017,1010.535339,1013.437083,999.2861705,1001.532084,1171420
3/14/2017,1020.572083,1028.382849,1014.033286,1016.31889,3402294
3/15/2017,993.0653687,1022.420422,991.2965289,1022.360837,3022496
3/16/2017,1002.048767,1004.473534,996.1261088,996.1261088,1571818
3/17/2017,1003.976501,1012.025803,997.6165593,1012.025803,2593152
3/20/2017,985.7910767,1004.056017,980.226127,1004.056017,3487540
3/21/2017,988.4541626,990.5609127,979.8285111,986.5859491,3373700
3/22/2017,985.3736572,992.1509901,981.7961897,985.8506335,1888716
3/23/2017,977.9807739,987.7989203,972.7536355,986.5865363,2620638
3/24/2017,964.8032227,981.7366078,963.2530255,981.7366078,5099814
3/27/2017,958.7813721,969.8913789,956.376499,964.7040306,2181270
3/28/2017,965.8963623,971.2426695,957.9663285,957.9663285,1153158
3/29/2017,971.7197266,974.1841848,964.1672951,968.3012187,1717764
3/30/2017,970.2890625,979.8289795,967.9040832,971.8392602,2986086
3/31/2017,966.6316528,970.2290142,959.9536947,969.2550705,1867044
4/3/2017,958.6419678,967.9036525,957.2507305,967.9036525,1196888
4/5/2017,954.4879761,961.9012431,952.0036242,961.9012431,2905568
4/6/2017,954.0112915,957.9663614,951.0300684,953.9913973,1720704
4/7/2017,965.5383911,967.2078561,950.8707197,951.9638345,2277012
4/10/2017,962.8355713,973.4685991,955.978759,966.7111609,2543264
4/11/2017,961.6628418,971.1232734,956.3761215,960.8678492,1557784
4/12/2017,951.3083496,965.1213508,947.2340111,962.9351204,1050538
4/13/2017,925.6300659,957.5689444,922.6091511,953.9914763,2500472
4/17/2017,920.1447754,927.3195093,912.314017,926.3257681,2270882
4/18/2017,917.7397461,927.8361163,915.0566453,926.1666507,1730620
4/19/2017,913.9038696,933.599837,895.4799685,899.7331609,5626812
4/20/2017,924.3781738,926.9619013,910.6446494,916.3487634,1268842
4/21/2017,918.5345459,928.4122715,914.6390624,925.8087482,1161154
4/24/2017,925.4115601,930.0025666,907.2856824,914.2418706,2000020
4/25/2017,918.8128052,931.9102904,915.3148179,925.3714949,3148710
4/26/2017,918.3557739,931.7115937,915.454031,930.1415024,2187438
4/27/2017,915.295166,925.29226,905.3577547,916.6467122,5773186
4/28/2017,903.5690308,913.7449789,901.5219628,911.8568707,2540510
5/2/2017,910.2268677,915.0366124,906.2916926,911.8566416,2382696
5/3/2017,929.0682983,932.129001,901.7205283,912.2541822,3514406
5/4/2017,926.206543,934.1166837,917.7398489,934.0967895,2708208
5/5/2017,922.390686,927.1606443,915.2357486,917.4219795,1682474
5/8/2017,931.1152954,933.0828829,921.2772609,922.5890182,1071782
5/9/2017,935.1300049,938.4888294,927.1800783,931.7114976,1790270
5/10/2017,927.140564,936.5612103,920.6017669,936.1041282,1206388
5/11/2017,933.8980103,938.0916172,923.2848745,933.0434317,2071302
5/12/2017,938.3498535,942.0266953,922.2115576,931.4533491,2314446
5/15/2017,940.1189575,945.226729,930.7777903,944.0939223,1817604
5/16/2017,965.5783691,967.903762,943.4378384,946.0414593,3601026
5/17/2017,975.9931641,978.1396066,963.1341122,967.3078259,2876198
5/18/2017,1008.130432,1022.360824,970.7856617,973.8662591,5138594
5/19/2017,996.583252,1009.859692,988.1762403,1008.130544,1786044
5/22/2017,1006.202515,1015.106395,997.715928,997.715928,1663940
5/23/2017,1002.366455,1019.240155,999.3057528,1006.937663,2748596
5/24/2017,1017.253235,1021.566111,1005.527087,1007.574252,2534548
5/25/2017,1043.269287,1048.416847,1020.770948,1024.348416,4094094
5/26/2017,1024.845093,1044.163457,1019.439103,1043.428049,1362550
5/29/2017,1022.699158,1032.099913,1019.181274,1025.143723,1749290
5/30/2017,1014.053284,1023.931013,1003.678587,1017.590963,927634
5/31/2017,1012.264282,1022.559399,1004.870811,1006.858293,2502730
6/1/2017,1015.046692,1019.180615,1005.665739,1005.665739,1080064
6/2/2017,1019.538513,1030.251119,1014.609596,1016.100208,1355648
6/5/2017,1035.060669,1041.400717,1017.650308,1019.578205,1500188
6/6/2017,1071.650269,1076.797827,1045.415507,1045.813003,5946720
6/7/2017,1039.552979,1073.240815,1024.16988,1072.048325,4927776
6/8/2017,1002.326782,1035.458043,999.9020158,1032.695463,3330714
6/9/2017,996.5233765,1012.582191,988.1759529,1001.690829,3148034
6/12/2017,988.6531372,998.8687764,981.9751775,992.5486218,1626506
6/13/2017,985.3773804,997.2547433,983.5485312,990.7834612,1175414
6/14/2017,992.8733521,995.2046265,986.7638764,986.7638764,1489142
6/15/2017,969.1590576,992.6725804,966.6670458,992.3912416,2997198
6/16/2017,964.5367432,978.7252646,959.2311474,970.6663367,2450426
6/19/2017,977.3988647,983.287353,966.727323,971.4501247,1644742
6/20/2017,982.744873,984.3526356,956.739333,977.117704,1670958
6/21/2017,967.1893311,981.5988374,963.5316337,980.7347047,1657818
6/22/2017,962.5876465,977.1177624,958.6284917,968.2750677,5775882
6/23/2017,949.2629395,970.2643324,946.168017,964.416078,1424756
6/27/2017,941.6864624,958.5076156,937.1646312,944.8015017,1974330
6/28/2017,944.5803833,947.775791,938.5311586,944.5200333,1789726
6/29/2017,937.8277588,953.4230713,933.7481016,948.1777276,2471826
6/30/2017,949.5241089,955.4124975,933.7479454,934.2703895,1753848
7/3/2017,954.0462036,957.8445225,941.7870159,947.5346877,1475956
7/4/2017,951.333374,956.7997086,944.5807507,953.9258719,1215134
7/5/2017,946.9719849,950.58945,942.5506386,948.9013192,815856
7/6/2017,943.5751343,949.3429197,940.5806981,948.1773319,1026788
7/7/2017,937.3051758,947.1527185,934.7126791,944.5602218,1232090
7/10/2017,978.7050171,982.7043055,956.1963487,967.068859,783608
7/11/2017,995.1243896,1010.80007,975.1077315,975.1077315,3537504
7/12/2017,980.513916,998.1390495,976.7558305,997.8174774,2646450
7/13/2017,983.3070679,993.5967825,975.3487255,982.7443905,3131960
7/14/2017,963.6321411,974.7056205,954.6085974,957.8241211,4508432
7/17/2017,962.8286133,973.5403894,957.5029002,963.7329797,2211822
7/18/2017,968.0133057,981.9405028,963.1095538,963.1095538,1908002
7/19/2017,984.5935059,988.7736479,970.7265584,970.8872953,3915576
7/20/2017,982.6237793,987.5274331,976.9162446,984.4526279,1182504
7/21/2017,1001.31427,1004.851366,978.5443773,978.6849976,2148416
7/24/2017,1020.057068,1023.805667,1000.427428,1000.427428,2271402
7/25/2017,1036.50293,1039.929053,1015.099699,1018.062327,2678832
7/26/2017,1030.254517,1037.912903,1026.62686,1031.866808,1459826
7/27/2017,1000.30658,1041.863459,994.1798876,1024.692504,4255304
7/28/2017,1001.355042,1004.881933,984.3050208,1000.02488,1382752
7/31/2017,1004.377747,1015.341317,992.7692196,995.9938049,2019662
8/1/2017,1008.347534,1016.046268,1004.054846,1007.682503,1747460
8/2/2017,997.1221924,1010.907272,992.3659104,1007.682687,1251024
8/3/2017,1003.430298,1008.488885,994.1596167,999.6212768,1882548
8/4/2017,1016.872681,1019.089582,1002.845719,1003.974343,1387890
8/7/2017,1009.073486,1015.744367,1000.105108,1014.333611,1885520
8/8/2017,1008.91217,1019.210708,1006.191427,1012.519655,1073958
8/9/2017,1012.519592,1016.892975,1004.982145,1007.682715,992946
8/10/2017,1012.297852,1015.986029,1002.180776,1011.310342,1526172
8/11/2017,1006.090576,1021.790253,1000.830453,1007.642348,1394736
8/14/2017,995.3488159,1011.673279,992.7691871,1008.892113,786504
8/16/2017,1004.598694,1025.336773,993.6552065,1001.232996,1373340
8/17/2017,1001.898743,1009.698248,992.4064487,1007.965013,1752374
8/18/2017,1013.244934,1027.79581,996.1545797,997.2026089,2837356
8/21/2017,1019.291748,1027.433809,1005.38572,1009.900121,2304834
8/22/2017,1006.695313,1023.604211,1004.458237,1016.953504,1131326
8/23/2017,1003.430298,1014.454386,996.8601867,1009.698104,1562272
8/24/2017,1006.312012,1014.917561,1002.09982,1006.755333,1623908
8/28/2017,1002.563843,1009.859408,991.9629995,1009.537028,2036796
8/29/2017,995.9331665,1006.070415,993.1519032,1000.427392,1312602
8/30/2017,1001.455261,1003.65199,991.6001439,1000.024332,970782
8/31/2017,1006.211792,1009.456452,994.2404396,1001.636872,1784664
9/1/2017,990.1290283,1006.896911,982.1079119,999.6214208,1702330
9/4/2017,990.0283813,991.9631524,982.6924687,988.7789135,1062544
9/5/2017,1001.374695,1003.652018,982.3093175,991.5598255,1165994
9/6/2017,988.8186646,997.5452541,987.5288506,994.8445862,1228764
9/7/2017,991.6001587,994.9455866,987.9523275,990.7536658,870636
9/8/2017,995.8323364,997.2027455,988.556848,989.040516,1021134
9/11/2017,989.3228149,1000.810399,987.5291592,996.0742898,732764
9/12/2017,1003.0271,1006.473394,990.350472,997.1623671,1396460
9/13/2017,1003.329529,1020.439962,997.6865055,1007.682738,1278980
9/14/2017,1002.422913,1006.715701,996.356641,1000.42772,1081510
9/15/2017,1010.121094,1014.534723,1001.636388,1007.279409,2944072
9/18/2017,1007.299805,1015.32092,1003.349669,1009.677897,726600
9/19/2017,1006.977356,1009.698099,1004.256613,1009.698099,782754
9/20/2017,1005.082886,1013.32571,997.323729,1013.32571,1334642
9/21/2017,1017.719421,1024.208939,999.6214752,1004.075453,2438740
9/22/2017,1009.133789,1018.525313,1004.458102,1015.703801,2435396
9/25/2017,1012.015808,1021.387258,1004.760492,1006.29219,1599558
9/26/2017,997.4645996,1018.323628,993.9780574,1011.71327,1449230
9/27/2017,1005.667175,1012.600011,997.1018737,1003.65181,2010356
9/28/2017,998.1903687,1013.325783,988.3352509,1005.546453,4332866
9/29/2017,981.8659668,1001.23365,976.0415798,999.2182846,1985014
10/3/2017,986.9044189,989.2624362,978.278693,983.4984706,1923006
10/4/2017,984.425293,989.1412278,977.4521098,987.3677458,1300778
10/5/2017,979.3065186,984.8890224,977.2104595,983.9015129,1684686
10/6/2017,986.178772,989.5444718,978.6816713,979.4676441,1389188
10/9/2017,989.1816406,994.7641435,983.9215175,983.9215175,1773616
10/10/2017,991.2573853,995.5702472,988.0328009,989.5443248,1222010
10/11/2017,1007.823547,1013.506817,990.2495264,991.5595135,1527746
10/12/2017,1027.110718,1029.851634,1010.504128,1012.922566,5006356
10/13/2017,1031.302856,1051.597528,1016.953415,1027.110837,4066320
10/16/2017,1041.701904,1043.959153,1029.87177,1029.87177,1218590
10/17/2017,1045.793457,1054.01611,1038.941214,1041.944089,1443016
10/18/2017,1042.588989,1053.492039,1039.928667,1045.974764,1514144
10/19/2017,1041.500732,1046.297362,1036.301128,1044.765664,86822
10/23/2017,1043.112671,1059.679012,1026.808386,1041.540725,1886088
10/24/2017,1039.283936,1056.414547,1035.51526,1056.051821,1339020
10/25/2017,1034.63562,1056.501275,1032.655225,1042.153228,1105106
10/26/2017,1026.12793,1038.374212,1017.660482,1024.612291,3007552
10/27/2017,1044.497803,1048.074652,1022.672597,1025.78469,1409270
10/30/2017,1057.390259,1058.926126,1043.446384,1045.184336,1137252
10/31/2017,1060.542969,1067.009694,1051.368322,1051.368322,1592634
11/1/2017,1051.995239,1061.695331,1042.295147,1060.543406,741882
11/2/2017,1061.412231,1080.751828,1053.571364,1054.278662,1468422
11/3/2017,1058.967041,1065.676211,1051.974872,1063.938259,666886
11/6/2017,1077.336304,1079.862368,1055.591919,1058.926324,1377000
11/7/2017,1095.322144,1118.743801,1077.538644,1079.135097,2696892
11/8/2017,1105.406006,1115.106095,1098.636152,1100.555961,1402252
11/9/2017,1105.971436,1111.46819,1099.060183,1111.46819,1152432
11/10/2017,1094.796997,1101.768939,1088.57281,1100.233071,1356566
11/13/2017,1115.085815,1122.542739,1092.088561,1092.088561,1496996
11/14/2017,1097.160767,1114.115691,1094.291118,1114.115691,1657252
11/15/2017,1093.4021,1113.489347,1091.805646,1093.684999,6670834
11/16/2017,1110.114502,1116.722727,1085.985551,1095.301697,1653482
11/17/2017,1094.210449,1110.70062,1092.715039,1110.70062,1325464
11/20/2017,1092.654663,1102.132441,1089.360713,1097.322852,1014498
11/21/2017,1080.327271,1091.66427,1077.518306,1091.66427,1527740
11/22/2017,1083.439087,1095.180254,1080.104682,1080.347224,1822624
11/23/2017,1083.681641,1088.430642,1078.730554,1083.580598,793470
11/24/2017,1086.43042,1092.432292,1080.388091,1083.985169,2287512
11/27/2017,1085.540894,1089.602726,1075.982206,1086.40982,1856786
11/28/2017,1085.318481,1092.229734,1079.134656,1085.601381,911716
11/29/2017,1074.345581,1088.43096,1071.051632,1082.166318,1447532
11/30/2017,1065.797241,1077.902124,1060.138856,1072.526638,4299962
12/1/2017,1062.947998,1078.326703,1059.532778,1064.989078,1031144
12/4/2017,1063.917969,1074.486985,1052.0353,1059.734766,1259104
12/5/2017,1065.211548,1071.738862,1062.220627,1063.372552,1167914
12/6/2017,1064.301758,1069.030531,1056.036494,1065.392998,1407518
12/7/2017,1057.815308,1069.414982,1056.905924,1063.898094,1326300
12/8/2017,1051.449341,1069.030754,1049.630574,1058.118153,1385548
12/11/2017,1075.537598,1080.205686,1054.217615,1054.217615,1008002
12/12/2017,1055.753418,1075.901347,1053.833609,1075.497177,1882246
12/13/2017,1062.321411,1071.637558,1051.247182,1055.450515,2961458
12/14/2017,1033.786865,1063.776283,1022.995537,1063.776283,5504150
12/15/2017,1028.856201,1044.558162,1025.31971,1036.191854,2718138
12/18/2017,1042.96167,1046.37689,1008.142431,1025.380258,2180664
12/19/2017,1040.860107,1049.953942,1036.575861,1041.143007,1801952
12/20/2017,1046.376831,1047.912698,1030.897087,1043.567867,1577570
12/21/2017,1049.10498,1054.076296,1042.779754,1045.588718,1293648
12/22/2017,1069.737915,1076.669397,1046.882061,1052.459632,3665664
12/26/2017,1070.829468,1087.117558,1063.615084,1085.601919,2175786
12/27/2017,1058.885742,1074.486755,1055.086581,1070.828994,739284
12/28/2017,1061.735718,1072.466465,1053.126866,1054.400062,2605088
12/29/2017,1091.744995,1094.857087,1058.340353,1060.179348,2609542
1/1/2018,1069.273193,1089.158356,1064.988948,1084.106227,1351760
1/2/2018,1063.453003,1078.973204,1059.007129,1075.093129,1920290
1/3/2018,1066.464111,1078.730722,1063.453062,1063.776418,1257120
1/4/2018,1073.921265,1075.90166,1067.009911,1071.051615,913082
1/5/2018,1086.895264,1091.058239,1071.0518,1071.0518,1153706
1/8/2018,1097.079956,1102.111956,1083.92429,1091.259942,1242220
1/9/2018,1094.897827,1099.747873,1081.782515,1097.32285,2149396
1/10/2018,1134.344849,1138.144011,1089.097887,1095.706113,3365850
1/11/2018,1127.837402,1140.528312,1124.482769,1135.718724,2520744
1/12/2018,1122.11853,1133.697973,1107.64921,1133.697973,3360314
1/15/2018,1109.892212,1134.910317,1105.42611,1122.441622,1457214
1/16/2018,1152.229004,1156.593964,1111.690701,1113.893409,4267752
1/17/2018,1167.628174,1182.198538,1156.796386,1159.969164,4280806
1/18/2018,1179.450195,1185.431938,1159.181087,1170.881801,2209478
1/19/2018,1196.061646,1205.236295,1173.569501,1184.441745,1820000
1/22/2018,1262.543091,1269.956966,1183.786108,1199.586128,4367110
1/23/2018,1256.709106,1273.056087,1251.867839,1261.955503,3239610
1/24/2018,1286.121338,1320.33443,1248.869683,1251.847418,5621538
1/25/2018,1264.427002,1288.228314,1248.201577,1286.283676,3833844
1/29/2018,1295.945923,1306.539998,1264.811744,1268.619914,3141060
1/30/2018,1277.309937,1297.951222,1273.60295,1288.30914,1574758
1/31/2018,1260.9021,1276.155153,1255.331581,1270.888481,3043214
2/1/2018,1271.536743,1292.360315,1251.361318,1265.621826,2400630
2/2/2018,1277.634033,1292.3605,1257.296593,1264.001493,2456490
2/5/2018,1257.195313,1291.550245,1246.520231,1259.950207,2757742
2/6/2018,1214.272095,1246.641841,1209.309268,1219.437486,2657306
2/7/2018,1197.175293,1227.94479,1194.096276,1226.324276,2180324
2/8/2018,1204.93396,1226.567895,1198.776022,1207.182444,2755004
2/9/2018,1203.921021,1212.955411,1173.51609,1195.129747,2102458
2/12/2018,1202.138428,1224.845911,1197.378165,1206.594843,1974562
2/14/2018,1179.654053,1205.035332,1171.835047,1203.232529,2847532
2/15/2018,1185.345337,1192.293252,1176.93892,1187.816562,2465236
2/16/2018,1188.262451,1215.223779,1184.190889,1184.190889,2515756
2/19/2018,1184.43396,1196.466259,1172.928249,1193.103672,1568224
2/20/2018,1193.002319,1209.32902,1186.175864,1186.216416,1889068
2/21/2018,1232.523071,1240.747204,1199.201236,1204.852761,3089228
2/22/2018,1235.723633,1247.39136,1224.501587,1236.452884,3463010
2/23/2018,1246.095093,1251.442773,1212.185834,1235.642751,3362500
2/26/2018,1228.229004,1251.827757,1223.975151,1245.771101,1363882
2/27/2018,1232.543213,1247.208851,1228.350092,1231.99625,1717800
2/28/2018,1229.585938,1241.294118,1224.076147,1229.565661,2706864
3/1/2018,1230.659546,1240.180071,1223.488787,1235.23752,1718124
3/5/2018,1258.268799,1261.428723,1228.734862,1235.237197,2858168
3/6/2018,1232.725464,1266.837276,1227.600527,1264.811633,1906764
3/7/2018,1226.507446,1251.443149,1222.881562,1243.7457,1917772
3/8/2018,1216.986328,1237.627615,1210.321981,1237.627615,1951826
3/9/2018,1229.200684,1240.989866,1206.148808,1217.411402,1872436
3/12/2018,1236.51355,1249.376386,1229.768196,1232.806662,2091340
3/13/2018,1169.525513,1190.956781,1163.529588,1184.960856,88067154
3/14/2018,1169.565796,1184.211255,1164.765081,1172.016844,3668668
3/15/2018,1162.5979,1175.906419,1156.885645,1172.847677,2348906
3/16/2018,1144.772095,1163.529572,1136.385951,1162.23318,7197482
3/19/2018,1146.919434,1153.806622,1142.463018,1146.109176,3489940
3/20/2018,1160.633057,1164.015822,1142.057865,1142.462994,4024984
3/21/2018,1157.351563,1168.512879,1154.616943,1163.73234,3907678
3/22/2018,1147.060913,1165.129589,1143.495762,1158.647532,2326094
3/23/2018,1141.713135,1148.175015,1133.570109,1135.170347,3654122
3/26/2018,1141.247803,1145.461103,1126.886007,1142.05806,2964210
3/27/2018,1153.684814,1159.883302,1143.698433,1144.488414,2494574
3/28/2018,1154.272461,1164.745078,1144.488642,1148.904505,6865654
4/2/2018,1178.782715,1180.545064,1150.56554,1150.56554,1662988
4/3/2018,1179.430908,1186.986519,1171.672733,1171.672733,1937290
4/4/2018,1179.28894,1188.647452,1171.632049,1186.804097,2841820
4/5/2018,1198.350464,1200.70023,1183.117684,1185.629462,1809424
4/6/2018,1195.250977,1199.180704,1185.629172,1196.749933,1129018
4/9/2018,1184.555786,1200.598922,1180.95018,1190.956839,1235866
4/10/2018,1190.105957,1198.066695,1185.284867,1185.284867,1184532
4/11/2018,1221.118896,1225.514583,1193.347397,1195.373041,3124416
4/12/2018,1271.800049,1276.155182,1218.60664,1219.437174,6114360
4/13/2018,1277.49231,1312.94107,1268.903601,1276.155365,8179118
4/16/2018,1291.408447,1296.39155,1260.25409,1262.381016,6270274
4/17/2018,1282.880371,1294.365709,1275.020816,1291.40825,3301724
4/18/2018,1279.841797,1293.757905,1274.473843,1282.637145,2433066
4/19/2018,1292.826294,1303.379915,1282.536065,1288.268596,4820952
4/20/2018,1378.430298,1386.492419,1312.617152,1316.66844,18465662
4/23/2018,1380.942139,1441.407607,1373.204239,1387.160905,15185910
4/24/2018,1371.623779,1394.918677,1354.142518,1381.488702,8314336
4/25/2018,1405.897339,1411.062728,1363.277836,1371.36013,8196574
4/26/2018,1433.851807,1442.258227,1404.581257,1404.581257,12135034
4/27/2018,1398.483765,1435.775875,1385.539925,1428.078431,4501330
4/30/2018,1430.955078,1437.801713,1392.670417,1398.483954,3458558
5/2/2018,1417.848999,1430.995404,1406.323109,1430.306705,3158046
5/3/2018,1410.59729,1428.483681,1405.958488,1421.920617,3761550
5/4/2018,1410.151367,1416.734707,1405.796235,1414.709064,2347244
5/7/2018,1385.924683,1413.898833,1381.85312,1413.898833,3484426
5/8/2018,1394.129028,1412.48138,1376.100799,1391.495691,2992820
5/9/2018,1413.615601,1415.823532,1393.723742,1393.723742,2615050
5/10/2018,1398.199951,1422.467112,1393.723261,1419.145078,3858678
5/11/2018,1400.509766,1411.873646,1394.655675,1399.395662,2627876
5/14/2018,1391.029663,1406.201713,1381.812985,1400.529911,2433894
5/15/2018,1410.820313,1416.249097,1391.090562,1397.694181,1952890
5/16/2018,1415.478882,1421.596364,1407.923272,1409.827357,1648450
5/17/2018,1414.628296,1431.380307,1408.227243,1423.196728,2968048
5/18/2018,1418.781006,1425.121231,1400.935067,1410.172021,1874996
5/21/2018,1440.941284,1455.222069,1425.262826,1429.577406,3446178
5/22/2018,1421.555908,1448.314676,1415.397972,1441.447765,1857416
5/23/2018,1415.965332,1436.181214,1410.252978,1428.07864,1507298
5/24/2018,1459.96228,1464.540254,1418.902546,1422.001741,2962316
5/25/2018,1452.710327,1488.766777,1447.342373,1468.59135,3769772
5/28/2018,1418.781006,1465.147967,1412.27867,1465.147967,3716798
5/29/2018,1427.471069,1435.776208,1413.089,1430.063854,3525312
5/30/2018,1423.66272,1431.319612,1410.860614,1421.6168,3779106
5/31/2018,1422.4375,1437.143496,1410.223294,1416.677612,5049371
6/1/2018,1415.411133,1435.877016,1402.216667,1433.017517,1603856
6/4/2018,1425.051514,1428.932262,1399.193457,1425.664263,1681483
6/5/2018,1406.546265,1431.301388,1398.00866,1424.847073,2449568
6/6/2018,1409.937134,1417.4127,1401.317748,1407.690385,2236512
6/7/2018,1417.943726,1428.932331,1408.34398,1409.32434,2414762
6/8/2018,1427.380005,1435.713461,1417.49433,1417.49433,2582138
6/11/2018,1429.50415,1440.370285,1424.030293,1427.379971,2179378
6/12/2018,1455.076172,1458.34417,1432.200185,1435.468183,4608875
6/13/2018,1490.289063,1496.45745,1468.965391,1483.671385,5370983
6/14/2018,1460.427612,1496.988343,1457.527224,1495.109204,3819998
6/15/2018,1503.320068,1509.079855,1461.285381,1470.599196,9183574
6/18/2018,1494.292603,1526.114704,1488.696174,1526.114704,4674987
6/19/2018,1490.615845,1502.46234,1487.756346,1488.695916,3245034
6/20/2018,1488.940674,1500.256196,1485.795246,1496.743059,3107695
6/21/2018,1486.408325,1496.743391,1484.978576,1496.743391,2910659
6/22/2018,1478.605835,1492.658187,1470.23159,1492.658187,2949458
6/25/2018,1486.326172,1488.85885,1475.50093,1480.321246,2083217
6/26/2018,1513.083374,1520.436371,1487.756385,1489.390384,4679712
6/27/2018,1517.985229,1540.166788,1512.470482,1519.619229,4081208
6/28/2018,1505.485229,1528.60636,1492.086515,1523.704362,4888125
6/29/2018,1509.610962,1525.665023,1505.158354,1507.282533,3506276
7/2/2018,1512.552246,1517.821954,1504.178,1513.083316,2650290
7/3/2018,1531.098145,1535.877572,1517.209151,1519.57837,3242233
7/4/2018,1524.644165,1535.877912,1517.291167,1535.877912,2700614
7/5/2018,1536.20459,1542.086948,1521.335135,1530.240452,2472571
7/6/2018,1562.879517,1569.456404,1537.307486,1538.287846,3713781
7/9/2018,1538.410156,1572.233958,1533.099659,1571.907138,6151747
7/10/2018,1531.955933,1551.400563,1528.402004,1550.665243,5303302
7/11/2018,1617.577637,1632.365311,1547.519916,1552.299344,22903802
7/12/2018,1610.592285,1626.564669,1601.727859,1620.927351,6921701
7/13/2018,1618.557983,1632.283617,1612.757306,1613.574305,4148185
7/16/2018,1625.175659,1630.731297,1615.575913,1625.829299,2582159
7/17/2018,1639.051636,1644.659339,1621.737258,1628.286424,3315492
7/18/2018,1637.496094,1646.869547,1631.601885,1641.384661,2013869
7/19/2018,1622.064941,1645.846544,1612.732359,1639.010871,1746318
7/20/2018,1634.508179,1637.291594,1624.193262,1624.930063,1934995
7/23/2018,1641.917114,1645.437232,1625.830703,1638.110391,2086201
7/24/2018,1636.473145,1649.571479,1624.316273,1649.571479,2038423
7/25/2018,1622.146606,1638.928845,1611.422367,1638.847,1535492
7/26/2018,1608.393311,1625.01186,1600.534331,1616.78443,3503036
7/27/2018,1591.242432,1608.352145,1588.418144,1605.241252,2033977
7/30/2018,1591.938477,1600.206779,1581.25521,1590.628663,1579251
7/31/2018,1588.33667,1593.903502,1578.34923,1589.810272,2204803
8/1/2018,1618.053467,1622.187668,1596.195663,1596.31838,2425180
8/2/2018,1595.049561,1625.011978,1592.266145,1620.918749,1509287
8/3/2018,1620.468018,1622.596576,1601.680141,1601.680141,1505131
8/6/2018,1617.275513,1636.431742,1614.573942,1634.835423,1532249
8/7/2018,1610.562378,1620.222436,1604.954676,1619.444663,1353521
8/8/2018,1616.006958,1619.527175,1606.183208,1614.369666,1315062
8/9/2018,1616.293213,1621.573538,1609.457541,1620.918581,2060297
8/10/2018,1631.643188,1634.426605,1614.410752,1621.69662,2784105
8/13/2018,1637.414673,1640.771101,1629.105397,1635.490875,3559575
8/14/2018,1640.197876,1657.430311,1622.883497,1630.742477,3311765
8/16/2018,1644.25,1653.705398,1633.198282,1637.537145,2152065
8/17/2018,1647.729492,1655.220122,1640.566341,1648.629983,1213731
8/20/2018,1645.437134,1656.939148,1640.320597,1656.939148,1587032
8/21/2018,1651.740601,1656.938981,1640.566066,1645.600758,1376866
8/23/2018,1666.026123,1668.400216,1653.910225,1655.956839,3046791
8/24/2018,1672.493042,1674.948979,1662.669294,1666.025721,1570533
8/27/2018,1678.960571,1685.591682,1665.944183,1672.493349,1532702
8/28/2018,1693.942139,1696.234387,1679.861468,1682.317406,1987983
8/29/2018,1696.234253,1700.000104,1674.621982,1696.643576,1525867
8/30/2018,1704.747803,1706.876362,1690.91277,1692.959384,2408020
8/31/2018,1701.473511,1712.607175,1697.871549,1704.66635,2504554
9/3/2018,1680.5979,1710.96974,1676.913994,1706.712822,1439711
9/4/2018,1718.255493,1723.044651,1683.913344,1686.246564,4420803
9/5/2018,1702.169189,1725.091271,1698.730917,1719.156089,1681106
9/6/2018,1698.936035,1704.0116,1686.656346,1698.690401,2238097
9/7/2018,1702.660522,1706.057823,1690.830931,1702.210227,1312182
9/10/2018,1703.397339,1713.753129,1698.076141,1706.385316,1530539
9/11/2018,1675.153687,1710.150789,1671.838132,1710.150789,3679745
9/12/2018,1673.270996,1693.696168,1670.037385,1680.147741,2307661
9/14/2018,1690.830811,1695.865602,1652.1499,1673.311872,3642038
9/17/2018,1697.994507,1700.982685,1681.949165,1694.597206,1033857
9/18/2018,1695.210815,1701.800954,1684.445703,1697.052769,1456507
9/19/2018,1701.063721,1710.150767,1692.017846,1696.151847,1301268
9/21/2018,1721.735229,1736.34814,1678.346992,1700.327717,4508530
9/24/2018,1799.751587,1809.616308,1717.641384,1731.435644,3032226
9/25/2018,1787.267212,1810.762303,1763.199109,1805.031783,2868778
9/26/2018,1753.662231,1800.202331,1747.890938,1790.37858,1970951
9/27/2018,1791.892822,1808.961466,1748.463625,1753.457245,3311802
9/28/2018,1787.676392,1792.833899,1767.333168,1783.010152,2904371
10/1/2018,1846.496582,1863.196876,1793.120916,1793.571011,3772208
10/3/2018,1770.607788,1846.045903,1764.672607,1842.198309,3902322
10/4/2018,1690.339966,1765.532466,1683.422448,1765.491694,4762419
10/5/2018,1721.325562,1735.529147,1654.401365,1678.223939,3417624
10/8/2018,1700.77771,1737.330167,1676.709402,1721.325601,2010154
10/9/2018,1712.442993,1725.418407,1680.843191,1703.069541,1867130
10/10/2018,1672.984741,1724.027293,1661.032531,1719.15639,2749573
10/11/2018,1620.877686,1647.933969,1588.991472,1625.011887,4700256
10/12/2018,1570.408325,1619.281441,1557.883004,1619.281441,9373289
10/15/2018,1595.949951,1600.902798,1571.799901,1588.172816,2638151
10/16/2018,1606.428711,1614.287691,1584.07964,1602.908494,2815425
10/17/2018,1579.495117,1628.286384,1571.799827,1612.732114,2779207
10/19/2018,1566.233398,1579.168044,1530.908905,1579.168044,3428776
10/22/2018,1557.882813,1568.525207,1544.743509,1566.887915,1778496
10/23/2018,1512.47522,1557.062311,1507.019739,1548.85861,2752811
10/24/2018,1516.45459,1537.374034,1485.772719,1519.366945,2735913
10/25/2018,1520.146118,1539.752988,1497.216809,1512.762786,2507233
10/26/2018,1475.927979,1520.884305,1469.365017,1520.884305,2285970
10/29/2018,1534.912598,1540.61413,1463.827502,1483.803496,2609483
10/30/2018,1554.437378,1566.414762,1513.582905,1531.631048,2404883
10/31/2018,1590.000366,1594.717494,1538.5631,1558.703226,2769190
11/1/2018,1588.031616,1595.08678,1559.769903,1594.512561,2769759
11/2/2018,1569.737305,1603.495558,1562.805217,1586.759986,1818635
11/5/2018,1551.196899,1581.14041,1546.192661,1566.907008,1713366
11/6/2018,1585.529663,1589.467481,1551.320261,1553.781372,1398710
11/7/2018,1593.282104,1598.901621,1589.057178,1591.518288,144530
11/9/2018,1566.250977,1609.525511,1562.805461,1608.746199,2570479
11/12/2018,1570.885986,1596.522557,1565.676655,1565.676655,2552008
11/13/2018,1587.375488,1590.698028,1561.164697,1571.009141,1418432
11/14/2018,1542.828979,1583.232205,1534.092018,1579.212372,2422318
11/15/2018,1536.430054,1557.882751,1523.91941,1529.169799,1829123
11/16/2018,1547.710449,1558.539396,1534.297416,1549.679358,1829729
11/19/2018,1560.713013,1564.732846,1529.415974,1557.882776,1740628
11/20/2018,1540.860474,1560.344268,1537.537934,1560.344268,1190182
11/21/2018,1486.510864,1534.953767,1475.476925,1534.912708,3840461
11/22/2018,1486.961914,1515.715827,1484.828872,1493.073631,3194219
11/26/2018,1514.485352,1525.888517,1463.950569,1492.25334,4333177
11/27/2018,1550.70459,1556.980441,1505.666251,1520.966174,3344839
11/28/2018,1627.532593,1631.716461,1544.347028,1549.679434,5313249
11/29/2018,1608.376587,1638.279036,1593.609926,1638.279036,4035441
11/30/2018,1614.693481,1633.356902,1607.802352,1612.847649,5268901
12/3/2018,1626.30188,1632.536673,1614.73468,1627.614452,1610576
12/4/2018,1649.641479,1656.655685,1616.949745,1626.794188,3270615
12/5/2018,1646.277832,1655.506996,1628.434781,1645.662554,2501539
12/6/2018,1634.751709,1654.686746,1624.004879,1639.099711,2321216
12/7/2018,1636.802612,1643.939893,1618.590434,1628.475935,1680420
12/10/2018,1620.887451,1649.764442,1607.925562,1620.231115,2010786
12/11/2018,1640.740845,1648.944549,1608.746398,1616.129732,2942014
12/12/2018,1654.522705,1658.78859,1628.393833,1641.642832,2219993
12/13/2018,1626.465698,1665.105109,1619.820721,1660.42904,3748429
12/14/2018,1632.331665,1639.879031,1620.436297,1626.794166,2473761
12/17/2018,1636.064209,1644.760112,1628.434727,1639.919909,1227921
12/18/2018,1630.773071,1642.381331,1621.379871,1634.095611,1768742
12/19/2018,1614.857422,1628.270553,1607.966393,1628.270553,2498833
12/20/2018,1603.044434,1620.149132,1596.440413,1602.839341,1940277
12/21/2018,1555.25769,1599.72171,1547.669267,1598.08097,3729956
12/24/2018,1573.880127,1590.615698,1562.80513,1563.461466,1864116
12/26/2018,1549.843262,1576.587409,1534.297287,1576.587409,2446614
12/27/2018,1566.045898,1592.913027,1535.815272,1566.086957,4968201
12/28/2018,1555.462891,1575.110716,1552.960722,1571.008865,2239130
12/31/2018,1553.001953,1566.086819,1547.341378,1565.266448,1879740
1/1/2019,1561.000854,1566.907481,1546.398221,1555.422296,1094883
1/2/2019,1577.817993,1586.96504,1558.703328,1562.805179,2100463
1/3/2019,1558.662231,1595.578888,1553.042716,1574.290323,2611668
1/4/2019,1539.711792,1559.687786,1510.30154,1558.703382,4280862
1/7/2019,1556.980591,1565.922646,1543.116315,1551.976353,1856423
1/8/2019,1553.411865,1563.953601,1545.003072,1563.133231,1691756
1/9/2019,1547.997437,1574.29034,1531.384941,1564.774066,2414376
1/10/2019,1549.309937,1562.804984,1535.814789,1550.499433,3053461
1/11/2019,1511.572876,1538.193844,1505.379042,1534.091994,9209862
1/14/2019,1487.536255,1518.50523,1484.870052,1517.68486,3615370
1/15/2019,1532.287598,1533.559111,1483.229417,1484.870157,7711653
1/16/2019,1534.215332,1538.194107,1515.223742,1534.092256,2359280
1/17/2019,1557.358521,1560.400357,1538.449559,1543.957782,2625816
1/18/2019,1562.578857,1565.497354,1542.313366,1546.424009,1683728
1/21/2019,1569.196533,1588.352166,1558.303331,1563.688313,2409803
1/22/2019,1563.606567,1577.048351,1553.823216,1567.881596,2457093
1/23/2019,1541.984375,1567.059297,1537.380475,1562.866461,2578169
1/24/2019,1563.318726,1566.360561,1541.49117,1549.548071,1962927
1/25/2019,1579.144653,1590.818839,1562.866467,1563.688596,2327080
1/28/2019,1607.261353,1613.016253,1583.00856,1589.174524,2769033
1/29/2019,1630.075195,1635.254645,1592.175094,1613.01603,2557626
1/30/2019,1628.965576,1635.624798,1606.973637,1627.485705,2429575
1/31/2019,1655.849243,1660.49429,1631.92532,1633.569578,4094319
2/1/2019,1668.879883,1672.82614,1642.695107,1652.067393,3064163
2/4/2019,1685.569092,1689.84412,1663.166088,1668.879842,1590764
2/5/2019,1680.883057,1689.47426,1667.276788,1685.363617,1111404
2/6/2019,1705.752686,1715.659377,1678.005842,1685.28156,1789812
2/7/2019,1712.411743,1724.78482,1699.339977,1705.711475,1339945
2/8/2019,1694.735962,1717.837858,1686.185904,1705.916992,1684474
2/11/2019,1698.435181,1723.181329,1684.458996,1693.584703,1778730
2/12/2019,1686.679321,1701.806409,1659.055717,1701.806409,2422903
2/14/2019,1680.924072,1705.916801,1671.428547,1693.626019,1724085
2/15/2019,1668.674194,1687.0077,1653.259285,1684.541315,1930065
2/18/2019,1619.840332,1678.745777,1613.551027,1675.169537,2942184
2/19/2019,1565.990234,1620.415095,1555.466951,1619.592967,4408554
2/20/2019,1574.170532,1589.83212,1546.670374,1574.376064,4645778
2/21/2019,1573.718628,1594.929587,1559.619202,1574.170839,4683919
2/22/2019,1583.131714,1586.707953,1566.236934,1576.184668,2271955
2/25/2019,1632.048706,1636.03601,1587.119355,1588.763613,2934880
2/26/2019,1676.07373,1681.376521,1621.443319,1631.103331,6453309
2/27/2019,1692.022949,1705.875696,1662.344027,1677.142341,4732082
2/28/2019,1630.651123,1702.916356,1625.84169,1693.585115,8454295
3/1/2019,1640.475098,1648.367511,1628.102025,1640.187373,4148548
3/5/2019,1634.473633,1650.011881,1625.019155,1648.367624,2449622
3/6/2019,1643.928345,1656.589145,1631.966434,1635.46048,2635047
3/7/2019,1655.191406,1664.029288,1644.421442,1648.367699,2539884
3/8/2019,1662.919312,1671.387275,1652.519466,1664.810247,2031071
3/11/2019,1656.424561,1671.387259,1647.257808,1668.016552,3111689
3/12/2019,1654.492798,1664.646167,1646.723722,1655.808284,2658550
3/13/2019,1644.668335,1657.329136,1626.663698,1654.944943,1833163
3/14/2019,1633.898315,1650.669758,1628.636673,1648.326611,1905495
3/15/2019,1677.101196,1700.942926,1636.858041,1643.352877,5184318
3/18/2019,1663.001709,1697.366723,1653.300552,1679.608666,2349915
3/19/2019,1663.001709,1668.920995,1640.228687,1668.920995,2373993
3/20/2019,1656.630371,1681.088698,1644.257295,1667.276897,3091165
3/22/2019,1648.902222,1657.411232,1630.527668,1656.589104,3148149
3/25/2019,1631.309204,1650.670379,1625.513155,1650.670379,2429205
3/26/2019,1629.993286,1640.105408,1609.768943,1631.10314,2316539
3/27/2019,1617.866943,1642.612995,1612.194236,1639.32448,2266166
3/28/2019,1644.504028,1656.260408,1621.89549,1627.814776,4054489
4/1/2019,1670.277466,1677.101072,1651.039638,1652.478363,2095740
4/2/2019,1709.452026,1714.960248,1674.675947,1674.758139,3719663
4/3/2019,1709.452026,1717.919991,1692.02294,1714.138119,2939886
4/4/2019,1656.178101,1709.780846,1650.341007,1708.506507,4397518
4/5/2019,1683.966064,1688.980929,1659.713271,1667.811217,3152103
4/8/2019,1702.423096,1705.917143,1671.141057,1692.763083,2194294
4/9/2019,1719.481812,1724.825647,1691.652681,1701.806048,2690970
4/10/2019,1677.348022,1714.549345,1673.853976,1712.494023,3313062
4/11/2019,1660.288696,1689.474261,1655.479264,1681.252975,3422442
4/12/2019,1656.178101,1676.320252,1650.012136,1675.498123,3198471
4/15/2019,1737.404297,1742.748132,1677.964363,1701.806091,9189201
4/16/2019,1752.614014,1772.468342,1739.254422,1742.912855,5771952
4/18/2019,1767.617676,1771.687172,1738.144285,1767.494236,3413728
4/22/2019,1776.989746,1788.951757,1763.959129,1765.932157,2007135
4/23/2019,1771.728516,1780.31972,1754.463813,1778.264399,2163524
4/24/2019,1795.076782,1804.572408,1772.591684,1774.153648,3003071
4/25/2019,1804.572754,1812.794042,1782.416422,1788.130178,4211526
4/26/2019,1840.375854,1844.815268,1803.051099,1811.149145,2716958
4/30/2019,1858.298218,1863.724145,1833.428831,1840.375776,3488395
5/2/2019,1821.343262,1857.516913,1817.80827,1853.899628,2457699
5/3/2019,1752.778442,1797.21454,1747.023541,1796.351265,3780886
5/6/2019,1774.029541,1779.907678,1733.457431,1734.690624,2891422
5/7/2019,1769.179932,1795.817024,1758.369019,1775.839255,2201698
5/8/2019,1769.919434,1782.3746,1751.462488,1768.398416,1824895
5/9/2019,1786.115479,1795.611104,1756.148932,1763.465796,2264162
5/10/2019,1755.902466,1802.106057,1747.722326,1788.12987,2039633
5/13/2019,1750.106201,1781.552619,1744.269008,1753.600248,1701744
5/14/2019,1720.18103,1775.63357,1703.738457,1755.244738,2456110
5/15/2019,1722.687744,1746.200696,1713.726625,1724.00323,2346876
5/16/2019,1733.663574,1746.201035,1707.602139,1723.181435,1946529
5/17/2019,1722.729492,1755.244721,1718.248931,1736.829119,1947908
5/20/2019,1762.602173,1768.726989,1685.363249,1747.02288,2625116
5/21/2019,1734.486206,1766.508082,1728.566919,1765.973779,1863157
5/22/2019,1711.466431,1744.515964,1705.917062,1734.691567,2595795
5/23/2019,1688.693237,1739.089759,1685.363576,1724.825748,2541294
5/24/2019,1683.719604,1701.806436,1670.771077,1701.806436,2274208
5/27/2019,1689.597534,1700.942949,1677.224559,1689.30991,2329820
5/28/2019,1704.889282,1724.414838,1681.253084,1693.585013,5872979
5/29/2019,1732.677002,1745.954297,1707.643229,1710.027321,3281320
5/30/2019,1764.534668,1772.961486,1738.308645,1745.379031,4971725
5/31/2019,1805.846802,1812.752602,1769.426461,1775.797958,4265370
6/3/2019,1843.458984,1847.857252,1796.885279,1809.505033,3682419
6/4/2019,1809.312866,1843.209947,1802.599656,1843.209947,2408658
6/6/2019,1795.224121,1822.490958,1783.538218,1822.490958,3735467
6/7/2019,1808.19519,1814.866926,1775.334064,1801.77213,2659446
6/10/2019,1849.425659,1853.030939,1811.301715,1820.584027,2080593
6/11/2019,1867.079224,1876.320058,1849.011744,1853.984434,3048937
6/12/2019,1873.79248,1878.765171,1839.066608,1860.614932,2404448
6/13/2019,1868.15686,1893.766133,1858.998782,1876.361718,3320916
6/14/2019,1868.488159,1875.615762,1851.498136,1870.767309,2131408
6/17/2019,1864.095459,1874.703904,1857.672402,1869.731214,1489497
6/18/2019,1865.463135,1873.046405,1849.177455,1859.7859,1877447
6/19/2019,1872.963623,1886.307089,1859.08153,1868.902674,1652817
6/20/2019,1887.923218,1892.937387,1833.265106,1848.183176,2199377
6/21/2019,1864.634155,1899.981606,1858.12814,1893.765744,3871804
6/24/2019,1885.892578,1889.622095,1865.421713,1868.19801,1382424
6/25/2019,1879.511475,1885.022793,1865.173508,1881.334754,1386077
6/26/2019,1868.23999,1878.682722,1864.759147,1877.190875,1762224
6/27/2019,1866.872437,1876.361947,1857.548642,1868.902911,2813464
6/28/2019,1845.862549,1874.662713,1841.967315,1873.046629,2372928
7/1/2019,1856.098022,1868.902659,1828.789707,1852.327025,2769940
7/2/2019,1866.499023,1870.559972,1836.95284,1860.531634,1771746
7/3/2019,1854.523315,1872.05217,1849.84078,1866.58213,1656881
7/4/2019,1858.666992,1866.416181,1848.265945,1851.498112,984140
7/5/2019,1792.737793,1864.758842,1773.592855,1862.272497,4088470
7/8/2019,1802.931763,1814.03756,1767.045674,1781.052005,2788062
7/9/2019,1768.081421,1802.102746,1744.212469,1801.771314,3977224
7/10/2019,1747.237671,1763.523354,1716.655705,1723.866066,6343581
7/11/2019,1742.554565,1764.475795,1728.879671,1763.647014,2400346
7/12/2019,1746.740356,1756.809973,1734.723022,1742.182057,1560725
7/15/2019,1778.31665,1784.864146,1738.783808,1761.160912,2900415
7/16/2019,1749.490845,1771.504856,1744.50654,1766.105193,2735399
7/17/2019,1758.836182,1765.274241,1737.943723,1751.152047,1802969
7/18/2019,1716.220459,1757.964006,1711.277731,1757.964006,3072096
7/19/2019,1725.358643,1742.014569,1713.354815,1725.400219,1953177
7/22/2019,1752.72998,1759.001935,1718.587628,1725.399468,1920167
7/23/2019,1754.848999,1769.428131,1746.500248,1767.683543,3538588
7/24/2019,1741.848145,1761.785361,1724.984542,1752.813573,2413196
7/25/2019,1767.683594,1773.581769,1738.317853,1751.899962,2544464
7/26/2019,1752.024292,1769.261675,1740.352674,1769.261675,1720592
7/29/2019,1769.428345,1779.396955,1747.248227,1753.478609,1647090
7/30/2019,1810.257568,1815.117346,1761.494502,1769.427893,2851672
7/31/2019,1832.313477,1837.297781,1783.674928,1804.110659,3000677
8/1/2019,1811.005615,1842.115943,1799.541674,1827.578388,2375236
8/2/2019,1831.981445,1835.885777,1798.918846,1805.149228,2500816
8/5/2019,1867.95105,1870.983087,1823.923032,1827.494954,3039682
8/6/2019,1839.955688,1870.733805,1837.089754,1854.82565,2885467
8/7/2019,1838.751465,1859.560977,1833.601057,1852.499879,2165362
8/8/2019,1875.843506,1894.866858,1843.279213,1851.58639,2073298
8/9/2019,1865.999023,1883.983975,1861.928589,1877.421388,1744550
8/13/2019,1827.12146,1865.999077,1822.843346,1864.96068,1647281
8/14/2019,1831.233398,1842.40671,1800.496854,1811.877845,1945002
8/16/2019,1798.586548,1861.970131,1780.435289,1861.970131,3755507
8/19/2019,1796.842041,1815.948544,1792.439197,1810.964239,974884
8/20/2019,1816.571045,1831.731636,1799.74902,1804.317965,1843611
8/21/2019,1816.11438,1829.239756,1812.833087,1815.075983,1214408
8/22/2019,1840.869995,1857.193513,1802.65699,1816.779187,2131601
8/23/2019,1867.203613,1877.338326,1839.125322,1839.997616,2826425
8/26/2019,1890.961914,1895.696962,1848.346074,1866.621856,2345475
8/27/2019,1857.899658,1889.757755,1851.669277,1885.728694,3432106
8/28/2019,1860.184082,1870.900256,1840.869901,1860.80712,1294621
8/29/2019,1855.365479,1867.618558,1846.019909,1846.019909,1670652
8/30/2019,1877.089966,1882.406478,1842.532025,1861.638534,2583625
9/3/2019,1870.443115,1907.492984,1858.272985,1885.728232,2545060
9/4/2019,1865.292969,1885.7287,1854.992153,1881.575113,2228092
9/5/2019,1840.288208,1872.146097,1833.642469,1862.634424,2055943
9/6/2019,1825.501221,1855.407043,1821.430787,1840.86949,1890550
9/9/2019,1813.331787,1829.946137,1810.798058,1827.578511,1703945
9/11/2019,1789.365356,1823.424771,1783.176552,1815.948314,2627440
9/12/2019,1772.419189,1798.503642,1761.412181,1790.196465,2118859
9/13/2019,1779.354858,1792.646335,1757.424003,1773.581414,2291174
9/16/2019,1786.042358,1805.481064,1766.437347,1794.307956,2597948
9/17/2019,1763.322144,1791.483584,1749.158575,1790.154355,2796530
9/18/2019,1776.530762,1780.185837,1755.430418,1766.437423,1454663
9/19/2019,1746.126465,1774.246331,1737.03015,1773.581717,1652691
9/20/2019,1715.805542,1768.929889,1708.786019,1748.577309,6941979
9/23/2019,1674.560303,1743.675955,1640.66699,1743.675955,6323401
9/24/2019,1698.567871,1712.108606,1672.234169,1673.895604,4620978
9/25/2019,1734.911255,1737.860341,1711.318968,1715.430978,4002232
9/26/2019,1734.205566,1750.321401,1713.769839,1742.761793,4234281
9/27/2019,1708.079346,1732.211725,1704.133438,1732.045622,2046795
9/30/2019,1743.925293,1747.829625,1711.278055,1712.814963,2620039
10/1/2019,1711.236206,1741.142031,1694.414179,1741.142031,3342877
10/3/2019,1711.485474,1728.847386,1699.772379,1719.584968,2317618
10/4/2019,1727.352173,1734.49622,1707.082548,1711.776223,2163251
10/7/2019,1701.059814,1739.937426,1695.494049,1727.892024,2177916
10/9/2019,1678.132446,1711.278096,1674.311166,1711.278096,2066920
10/10/2019,1665.131592,1693.874497,1659.025839,1684.695029,2881452
10/11/2019,1650.51062,1657.280986,1599.130776,1604.11508,12593069
10/14/2019,1678.880005,1688.640935,1634.851979,1657.281351,3510704
10/15/2019,1692.420532,1700.47845,1680.291978,1688.01769,2261310
10/16/2019,1699.980347,1707.955215,1674.726514,1693.002299,3034082
10/17/2019,1725.079834,1731.068114,1698.196548,1710.682621,3818774
10/18/2019,1747.503662,1753.067036,1720.025639,1730.643081,3087901
10/22/2019,1742.449707,1793.498455,1732.809193,1766.742499,5552505
10/23/2019,1758.33374,1770.012929,1743.384296,1749.754763,2348134
10/24/2019,1768.441772,1782.881499,1750.859324,1770.140564,2798671
10/25/2019,1804.922852,1809.21234,1762.538101,1778.634103,3954245
10/27/2019,1797.06604,1808.363042,1791.205294,1808.363042,224405
10/29/2019,1864.29541,1870.113644,1801.99218,1801.99218,5064173
10/30/2019,1913.518311,1919.633917,1849.006761,1889.905073,5195136
10/31/2019,1927.8302,1940.825991,1900.097523,1911.139663,4879261
11/1/2019,1869.434937,1932.375242,1864.423585,1923.031889,4172620
11/4/2019,1863.531372,1893.472566,1852.446718,1874.616026,2646411
11/5/2019,1870.241577,1878.013463,1842.338852,1866.121926,2693475
11/6/2019,1858.9021,1877.843661,1850.832842,1868.670148,2540719
11/7/2019,1856.226196,1872.492034,1847.604709,1872.492034,1915598
11/8/2019,1809.169678,1859.836237,1804.115817,1859.836237,2788759
11/11/2019,1784.537231,1816.856768,1776.085789,1813.459186,2983768
11/13/2019,1850.492554,1854.909367,1799.019119,1799.019119,3823365
11/14/2019,1865.952148,1868.670173,1823.397349,1858.052729,2995915
11/15/2019,1846.967651,1878.43779,1842.126139,1865.272162,2724180
11/18/2019,1828.408936,1858.265106,1825.13868,1850.323175,1611089
11/19/2019,1791.2052,1830.149858,1787.977456,1828.748438,2975313
11/20/2019,1790.99292,1813.459389,1779.058872,1802.374737,2894129
11/21/2019,1799.10437,1806.324231,1790.015674,1793.922976,2052574
11/22/2019,1759.692383,1789.676081,1750.179196,1781.182128,3742049
11/25/2019,1768.016602,1770.946974,1743.129274,1762.113345,2737010
11/26/2019,1738.415161,1781.946573,1728.562195,1775.109106,6561580
11/27/2019,1744.913086,1759.692484,1738.330271,1742.959435,2907521
11/28/2019,1764.491455,1778.973479,1749.754363,1755.742642,2924429
11/29/2019,1744.02124,1770.989546,1737.693285,1770.989546,2064271
12/2/2019,1716.671021,1756.295242,1712.381531,1749.754938,3809860
12/3/2019,1742.110229,1751.45358,1707.285013,1722.319272,4664774
12/4/2019,1765.468506,1768.44139,1737.438455,1743.808921,3334301
12/5/2019,1801.822998,1806.494674,1756.847541,1769.291104,3902721
12/6/2019,1803.776367,1807.513624,1784.579946,1804.116042,1829461
12/9/2019,1750.136963,1807.471161,1744.233705,1807.471161,2244747
12/10/2019,1709.705322,1750.476401,1701.551148,1749.754332,4520045
12/11/2019,1734.380737,1739.562029,1704.524464,1720.365711,4943024
12/12/2019,1716.543213,1769.842671,1685.200501,1742.195017,7137306
12/13/2019,1759.309937,1764.533634,1704.736291,1718.326615,5711133
12/16/2019,1806.452026,1814.308935,1766.997644,1780.333113,5574177
12/17/2019,1838.898682,1842.338775,1799.869001,1806.239467,6059673
12/18/2019,1841.276611,1871.599981,1828.748031,1846.585332,8251081
12/19/2019,1893.345337,1899.673293,1841.107507,1851.512603,6251505
12/20/2019,1888.121094,1908.336747,1875.677533,1885.65793,5548338
12/23/2019,1895.595581,1904.301883,1877.163743,1877.163743,2247329
12/24/2019,1881.920654,1905.661216,1878.140679,1901.796425,1805896
12/26/2019,1870.326172,1893.302359,1864.592753,1882.599894,1880367
12/27/2019,1867.39563,1891.093677,1848.284235,1875.464886,2720261
12/30/2019,1854.400269,1889.905043,1849.21908,1874.615924,2288830
12/31/2019,1836.138062,1866.121762,1832.528131,1859.326598,1909289
1/1/2020,1841.149536,1854.994515,1829.597676,1841.489211,1354908
1/2/2020,1832.698364,1851.639928,1825.521013,1851.639928,2380752
1/3/2020,1869.221802,1888.205871,1838.091545,1838.091545,4655761
1/6/2020,1869.052368,1890.711954,1858.392413,1872.917159,3023209
1/7/2020,1873.639038,1881.113552,1854.909827,1869.094689,2429317
1/8/2020,1915.598999,1919.633627,1870.411205,1872.91688,5197454
1/9/2020,1880.859131,1912.796279,1877.164177,1910.078255,3734173
1/10/2020,1880.179077,1897.54917,1875.464892,1892.452798,1915807
1/13/2020,1860.473267,1884.76585,1855.674058,1883.83164,2843893
1/14/2020,1874.530762,1893.982042,1864.423039,1864.423039,2948452
1/15/2020,1891.518555,1895.001159,1863.743366,1879.712041,2620681
1/16/2020,1901.626709,1910.290502,1881.411054,1891.561289,3117214
1/17/2020,1884.892944,1914.154567,1879.711551,1903.282267,3281059
1/20/2020,1843.485718,1904.514664,1831.466646,1864.338213,5817599
1/21/2020,1844.080322,1857.245954,1833.03818,1843.145904,1902980
1/22/2020,1874.530762,1877.163971,1846.330874,1852.531502,1773686
1/23/2020,1865.208496,1888.024024,1859.036396,1881.256039,2069866
1/24/2020,1858.78125,1865.20879,1847.373588,1865.20879,1319430
1/27/2020,1846.734985,1867.336989,1843.116858,1864.144523,1549101
1/28/2020,1859.079346,1862.527251,1832.049801,1850.778934,1743024
1/29/2020,1834.262939,1861.803149,1830.346766,1860.143108,2306761
1/30/2020,1820.003906,1843.11728,1809.064305,1838.860658,2098567
1/31/2020,1769.945679,1825.537192,1763.603355,1821.322971,3287223
2/3/2020,1789.909546,1868.401614,1781.992187,1832.050104,4728073
2/4/2020,1794.378784,1819.024581,1776.373358,1812.469425,3509339
2/5/2020,1827.410034,1836.050892,1791.441586,1800.550714,2439322
2/6/2020,1811.915894,1850.948982,1800.976295,1826.090358,2640065
2/7/2020,1818.896484,1831.198076,1803.955705,1820.982187,2083442
2/10/2020,1840.520386,1844.819615,1803.956051,1822.599969,2383032
2/11/2020,1833.241089,1851.459548,1828.303576,1841.413883,1335820
2/12/2020,1848.012085,1860.143455,1830.347107,1831.283647,1620407
2/13/2020,1866.060913,1870.360144,1848.225704,1849.885746,1645948
2/14/2020,1859.462402,1883.129258,1848.224964,1862.697476,1500115
2/17/2020,1875.680054,1887.385762,1864.570231,1870.31667,1774724
2/18/2020,1886.321777,1890.79123,1861.037488,1872.870812,2486223
2/19/2020,1869.805786,1898.452759,1864.825457,1886.321391,1760463
2/20/2020,1836.136108,1885.172258,1831.411217,1876.744232,2317278
2/24/2020,1800.848877,1854.992976,1793.484797,1835.455125,3092877
2/25/2020,1835.582397,1853.034542,1797.145197,1800.976156,2674567
2/26/2020,1807.872192,1842.180392,1798.805465,1833.752365,2686842
2/27/2020,1792.463623,1804.76522,1776.03302,1804.76522,2349001
2/28/2020,1702.776367,1761.815688,1694.135405,1760.538702,4298076
3/2/2020,1703.755249,1748.577387,1690.474508,1732.444834,2667076
3/3/2020,1733.466431,1753.72799,1712.864425,1719.675019,2757585
3/4/2020,1773.47876,1783.056158,1723.931727,1750.32278,3237002
3/5/2020,1809.106812,1828.431832,1774.202514,1775.607116,3937056
3/6/2020,1801.784912,1807.914404,1763.60315,1786.078023,2595027
3/9/2020,1679.109375,1770.669236,1647.312435,1766.497831,4940975
3/11/2020,1663.232056,1691.836632,1634.542472,1645.609686,6796449
3/12/2020,1506.716064,1624.66707,1496.925836,1620.921223,8728786
3/13/2020,1537.747314,1549.410417,1282.137162,1436.950484,8029720
3/16/2020,1444.186646,1568.352281,1426.691889,1494.074232,7844271
3/17/2020,1411.495728,1473.642403,1381.827096,1472.791079,5713248
3/18/2020,1408.430908,1458.78676,1385.743095,1427.500593,7258778
3/19/2020,1403.242676,1445.348082,1326.406723,1337.51188,5135111
3/20/2020,1541.393188,1602.750534,1395.224783,1397.797416,8547498
3/23/2020,1431.841797,1500.702652,1387.292409,1389.221883,7003490
3/24/2020,1460.526733,1517.853554,1400.241322,1417.563781,6350865
3/25/2020,1500.960083,1552.155444,1440.674667,1457.825556,2765520
3/26/2020,1535.819336,1571.0645,1477.163374,1570.678542,4556067
3/27/2020,1564.589722,1586.457103,1501.045704,1560.730772,4331250
3/30/2020,1525.142578,1633.621935,1512.322332,1514.423274,8513547
3/31/2020,1565.96167,1590.744722,1526.428898,1575.651963,3927593
4/1/2020,1465.328735,1573.379311,1459.540312,1565.790065,4941878
4/3/2020,1418.549927,1492.127279,1414.948282,1492.127279,5735369
4/7/2020,1522.312744,1531.445613,1462.11317,1466.400892,5427577
4/8/2020,1462.499023,1548.725153,1458.682993,1509.278111,6285615
4/9/2020,1514.552124,1525.400082,1484.580883,1501.088614,5307397
4/13/2020,1508.634888,1532.431743,1497.272425,1510.13559,2990438
4/15/2020,1487.968262,1553.870531,1481.665331,1530.716831,4761399
4/16/2020,1471.588867,1513.479883,1436.429553,1466.357763,6245533
4/17/2020,1548.896484,1588.129136,1503.275169,1543.579752,9895823
4/20/2020,1559.572998,1569.306105,1545.723636,1569.306105,3244282
4/21/2020,1490.111816,1538.948921,1481.579188,1513.565631,5122541
4/22/2020,1517.424561,1535.004218,1474.247228,1490.111797,3829836
4/23/2020,1610.682861,1629.334453,1510.007122,1526.429119,5934366
4/24/2020,1559.487305,1588.129202,1550.268703,1578.481828,2987102
4/27/2020,1574.965698,1607.895417,1565.018206,1571.278321,3374741
4/28/2020,1594.218018,1601.892998,1571.535905,1599.320365,2678505
4/29/2020,1634.179321,1640.096398,1586.499879,1607.038023,4241510
4/30/2020,1727.480103,1742.530047,1665.522526,1697.937743,5915544
5/4/2020,1655.446411,1685.932154,1641.039729,1685.932154,3729348
5/5/2020,1657.418945,1695.365285,1652.488065,1676.585042,2905528
5/6/2020,1632.421509,1675.384463,1623.846065,1663.464679,3517431
5/7/2020,1622.173828,1658.876664,1615.056168,1637.909746,3166754
5/8/2020,1623.674316,1663.207086,1617.542854,1662.864047,2686530
5/11/2020,1659.606079,1673.412526,1637.052615,1637.052615,2449841
5/12/2020,1671.782471,1677.78528,1638.12386,1657.97603,3256595
5/13/2020,1671.911133,1709.943199,1651.330071,1709.943199,2656665
5/14/2020,1631.349487,1649.143533,1621.702113,1637.909723,2263146
5/15/2020,1623.245728,1644.255564,1599.491686,1643.054981,3173682
5/18/2020,1668.438354,1674.741285,1605.408841,1635.337162,3727694
5/19/2020,1671.053711,1686.317937,1631.906793,1631.906793,3198693
5/20/2020,1675.298584,1683.273788,1656.518342,1672.211445,2778505
5/21/2020,1707.542114,1713.373457,1664.622086,1668.781155,3400908
5/22/2020,1732.539795,1742.530208,1681.858942,1695.451,3663418
5/26/2020,1666.208862,1735.669963,1650.773062,1727.952063,4575317
5/27/2020,1719.633545,1723.663961,1664.707793,1679.929204,3482160
5/28/2020,1718.776123,1727.094261,1690.47716,1705.226881,3475681
5/29/2020,1691.377686,1717.361323,1682.845161,1699.65301,7237735
6/1/2020,1753.892456,1766.541234,1698.880969,1706.513134,3747773
6/2/2020,1755.521973,1784.549829,1749.433429,1766.712864,2443886
6/3/2020,1759.82251,1774.959637,1737.331783,1764.724945,3699799
6/4/2020,1798.869019,1806.136526,1760.338064,1760.338064,4048593
6/5/2020,1761.628296,1804.416534,1754.790821,1798.912201,3573289
6/8/2020,1781.840332,1801.836851,1773.540786,1787.430757,2957841
6/9/2020,1782.097656,1802.266138,1771.948848,1774.400117,2909439
6/10/2020,1813.662231,1833.658744,1783.344937,1786.39821,5168397
6/11/2020,1778.313843,1810.437364,1773.282587,1806.137038,2269513
6/12/2020,1754.102905,1762.445495,1729.591048,1729.763019,2842642
6/15/2020,1745.846191,1770.874065,1720.947243,1753.758748,2399022
6/16/2020,1759.520996,1783.731742,1746.791992,1776.034202,2146528
6/17/2020,1761.241089,1770.744849,1742.964708,1759.69293,2703527
6/18/2020,1752.89856,1771.045911,1741.803699,1758.833029,1944389
6/19/2020,1758.489258,1797.536238,1747.652457,1756.253109,5681758
6/22/2020,1744.168823,1765.068445,1736.600314,1763.133299,3196138
6/23/2020,1750.490723,1757.973248,1728.731031,1743.35214,4205944
6/24/2020,1756.424805,1775.389281,1747.308136,1749.372313,2560937
6/25/2020,1733.977539,1771.734425,1728.086113,1750.232793,3043931
6/26/2020,1822.349243,1833.659017,1737.288668,1741.63204,6300722
6/29/2020,1807.556152,1829.875015,1798.654602,1813.017651,3076341
6/30/2020,1790.784302,1816.371236,1784.677966,1806.136546,3071725
7/1/2020,1799.299072,1818.134412,1788.505214,1788.677185,2503466
7/2/2020,1855.289185,1862.040779,1804.416422,1807.856682,3758699
7/3/2020,1891.841919,1896.443351,1857.955441,1860.879579,4185208
7/6/2020,1946.49939,1952.261784,1896.44364,1896.44364,5190366
7/7/2020,1952.261719,1980.471896,1919.794261,1956.648135,5630055
7/8/2020,1908.398682,1956.132303,1898.680112,1952.3481,2793358
7/9/2020,1895.884521,1930.41605,1884.445614,1917.085041,3443998
7/10/2020,1911.365479,1935.017265,1871.501383,1896.658283,9610320
7/13/2020,1909.345093,1930.803681,1900.744439,1909.345093,2963503
7/14/2020,1868.018066,1925.685465,1862.040657,1900.74358,2976738
7/15/2020,1921.29895,1943.746729,1875.88769,1879.241859,5569321
7/16/2020,1926.342041,2011.032993,1913.713907,1934.315489,8582118
7/17/2020,1897.034546,1934.229527,1887.811246,1928.281849,4509135
7/20/2020,1903.197266,1919.575158,1888.457288,1897.249589,2952646
7/21/2020,1917.981201,1929.704202,1897.379403,1922.248033,2665286
7/22/2020,1888.586304,1923.109216,1882.767842,1923.109216,2861534
7/23/2020,1871.562256,1888.586646,1864.493944,1888.586646,2265766
7/24/2020,1859.666992,1864.494246,1831.824736,1857.167292,3665100
7/27/2020,1902.249512,1909.317825,1864.925108,1866.218099,4248480
7/28/2020,1990.991211,1999.826652,1909.317256,1909.317256,8092319
7/29/2020,1961.942871,2018.791373,1936.083033,1975.691643,6090431
7/30/2020,1964.916504,2032.583074,1958.667044,1970.433185,7098496
7/31/2020,1966.554199,2012.584833,1945.909473,1985.30258,4723290
8/3/2020,1943.064697,1985.90599,1922.85097,1974.355138,4012337
8/4/2020,1939.229248,1956.425999,1917.981165,1948.064693,2927928
8/5/2020,1947.676636,1982.587414,1942.073671,1948.107633,3800641
8/6/2020,1989.56958,1999.396233,1952.719315,1961.037478,4748047
8/7/2020,1978.579224,2006.723261,1971.381485,1989.48337,3165491
8/10/2020,1967.760498,2004.136613,1961.942037,1998.102653,2929353
8/11/2020,1965.261353,1992.931463,1961.554944,1967.93362,2774423
8/12/2020,1945.82312,1979.483833,1936.513539,1972.544946,3415751
8/13/2020,1943.323364,1982.587254,1939.918528,1959.313404,2695682
8/14/2020,1932.720825,1966.468035,1924.919944,1962.761417,2270405
8/17/2020,1942.418213,1956.727405,1929.359081,1950.693444,2625630
8/18/2020,1956.511719,1973.10511,1938.021982,1950.5209,3493374
8/19/2020,1945.176392,1969.312232,1941.642131,1962.200779,2843005
8/20/2020,1941.944824,1962.374056,1930.91125,1945.522018,2895164
8/21/2020,1938.280762,1957.589353,1931.772662,1948.107414,1975294
8/24/2020,1937.849854,1948.064362,1922.247669,1940.00484,2167966
8/25/2020,1933.151489,1939.487232,1925.307467,1935.17726,1663419
8/26/2020,1942.504028,1948.020707,1910.567099,1932.591095,2618149
8/27/2020,1938.108521,1971.683378,1932.376341,1953.279709,3579393
8/28/2020,1929.618042,1965.304534,1926.644203,1955.348454,2941136
8/31/2020,1945.737305,1962.07206,1920.523963,1930.867898,6018154
9/1/2020,1936.341675,1963.62372,1931.98856,1955.865769,3610908
9/2/2020,1952.546997,1955.650262,1932.290124,1936.901879,2084137
9/3/2020,1982.156128,2003.274991,1955.003304,1955.003304,4654146
9/4/2020,1972.932983,2003.490645,1950.650342,1961.037418,5231303
9/7/2020,2005.904541,2020.08431,1968.23542,1973.105605,4620401
9/8/2020,2024.13501,2060.55427,2005.903914,2013.575579,7453998
9/9/2020,2006.421387,2033.444998,1999.827213,2004.137186,3866535
9/10/2020,2009.438232,2024.39392,2003.533697,2012.756995,2308813
9/11/2020,2046.461182,2054.132848,2008.576356,2009.265994,4145424
9/14/2020,2147.572754,2159.942458,2053.141436,2055.080924,7512131
9/15/2020,2147.572754,2187.741777,2124.471472,2147.572754,7318770
9/16/2020,2157.571777,2161.537035,2135.418565,2145.460715,3074003
9/17/2020,2121.324707,2151.322149,2112.403193,2137.74574,4828176
9/18/2020,2111.799805,2155.330518,2100.162881,2142.05589,4183256
9/21/2020,2125.074707,2159.209557,2113.739355,2124.816067,4598809
9/22/2020,2174.768311,2202.395268,2118.781827,2142.055671,7499613
9/23/2020,2126.928711,2172.097358,2076.545164,2163.606626,7502280
9/24/2020,2010.386597,2111.886445,1984.828545,2111.886445,8424708
9/25/2020,2088.008789,2103.266046,2027.496833,2041.202458,8228267
9/28/2020,2091.457275,2106.714536,2039.478965,2103.266558,4347166
9/29/2020,2144.986816,2164.511116,2091.45709,2098.827184,6995811
9/30/2020,2148.348877,2159.296165,2120.506413,2145.504253,3917166
10/1/2020,2175.198975,2189.465019,2148.347943,2163.605196,2610337
10/5/2020,2332.384521,2351.607039,2243.814596,2258.425359,17412105
10/6/2020,2339.710938,2358.41617,2284.370951,2358.41617,9846367
10/7/2020,2358.373779,2387.724734,2329.971103,2363.588888,9656101
10/8/2020,2435.737793,2486.854108,2413.584577,2413.584577,19839329
10/9/2020,2424.747314,2439.315147,2396.344639,2422.204473,7739245
10/12/2020,2439.444092,2460.131957,2414.230756,2426.945173,4623203
10/13/2020,2436.470459,2460.907875,2424.100754,2452.374215,4209878
10/14/2020,2432.185303,2460.232912,2413.097246,2460.232912,4395936
10/15/2020,2372.454346,2447.897372,2360.681154,2433.397405,6629355
10/16/2020,2392.105469,2399.333685,2364.404034,2380.678669,5273773
10/19/2020,2347.306396,2401.36742,2343.021374,2401.36742,3331194
10/20/2020,2371.069092,2389.161502,2352.846704,2358.949717,3406273
10/21/2020,2316.012451,2379.725821,2305.321558,2371.069124,4570143
10/22/2020,2312.333008,2325.750885,2283.7228,2303.546547,5262294
10/23/2020,2325.880859,2339.038994,2311.424221,2326.746529,3499091
10/26/2020,2327.093262,2345.921578,2311.77095,2328.608184,2672752
10/27/2020,2276.841553,2353.020502,2271.604419,2337.092261,3537502
10/28/2020,2269.958496,2299.174841,2255.934693,2294.02415,3569445
10/29/2020,2279.004883,2298.352682,2250.957274,2257.666213,3105968
10/30/2020,2306.879639,2315.1035,2269.43943,2281.991639,3427003
11/2/2020,2254.723633,2306.880238,2250.784793,2302.681655,2571196
11/3/2020,2279.827881,2307.009826,2251.650289,2254.203972,2879269
11/4/2020,2296.751221,2356.222891,2259.397662,2259.397662,4893928
11/5/2020,2324.928955,2345.96477,2308.740975,2324.323029,2816502
11/6/2020,2343.75708,2348.778006,2321.119905,2336.442214,3884421
11/9/2020,2360.335205,2375.397774,2333.066608,2364.230719,3646592
11/10/2020,2293.678711,2348.691856,2283.939926,2334.884465,4760020
11/11/2020,2326.74707,2331.075419,2288.311209,2309.563442,3242441
11/12/2020,2312.247559,2348.562368,2304.196786,2325.189281,2437505
11/13/2020,2299.953857,2306.922327,2281.904566,2299.001537,2548093
11/14/2020,2311.641113,2327.785768,2302.724673,2318.220076,298819
11/17/2020,2307.918457,2332.979549,2294.067744,2332.979549,2827273
11/18/2020,2273.811279,2306.317219,2256.84428,2303.547119,2893762
11/19/2020,2282.68335,2316.66087,2277.446219,2282.770001,4167501
11/20/2020,2302.897705,2316.532002,2274.59035,2298.352939,2711471
11/23/2020,2358.300537,2363.278138,2307.00961,2328.651352,3706418
11/24/2020,2356.395752,2374.531486,2341.636044,2367.086644,3120516
11/25/2020,2338.433105,2365.831461,2327.09275,2362.412109,3302249
11/26/2020,2355.140869,2364.100423,2319.994598,2325.188616,2341099
11/27/2020,2319.691162,2352.629928,2310.515192,2341.635968,6086808
12/1/2020,2360.508301,2368.385769,2271.906918,2319.129245,3605017
12/2/2020,2380.201904,2384.660018,2339.428781,2353.755656,2509032
12/3/2020,2345.488525,2401.280891,2338.000568,2401.280891,2852548
12/4/2020,2361.156494,2370.9386,2336.441592,2346.656532,2686527
12/7/2020,2369.943359,2375.39712,2342.631444,2350.292704,1996400
12/8/2020,2421.537354,2428.679127,2365.398601,2371.934449,4277818
12/9/2020,2433.223633,2458.501137,2417.944441,2436.859402,3659996
12/10/2020,2410.28418,2447.507977,2406.778175,2439.457206,2127801
12/11/2020,2409.677734,2430.540243,2393.186688,2417.5552,1795408
12/14/2020,2421.883789,2427.33755,2386.001827,2425.606211,2483658
12/15/2020,2390.589844,2419.286705,2384.919666,2411.755422,2365509
12/16/2020,2436.167969,2441.015804,2389.638216,2405.696433,2565149
12/17/2020,2456.943604,2470.361483,2428.203413,2433.397431,2863460
12/18/2020,2476.680176,2508.709944,2463.868226,2482.739862,6076692
12/21/2020,2441.318115,2498.75538,2410.889912,2476.680804,2705195
12/22/2020,2486.636719,2496.288853,2440.020311,2453.308429,2881737
12/23/2020,2518.016357,2526.88947,2480.532823,2489.709005,2790988
12/24/2020,2518.536133,2528.924169,2495.898744,2518.233064,1807144
12/28/2020,2535.892822,2553.46596,2512.173556,2519.098914,2108994
12/29/2020,2536.844971,2555.456869,2527.755439,2527.755439,1994151
12/30/2020,2518.493164,2551.734799,2512.173732,2540.221349,2637968
12/31/2020,2478.195068,2514.7696,2462.829437,2510.441253,4040956
1/1/2021,2534.896484,2545.0681,2492.262265,2493.127935,2681440
1/4/2021,2631.159424,2640.941533,2545.890968,2553.72532,5113293
1/5/2021,2677.516113,2695.911593,2631.28944,2631.28944,5801309
1/6/2021,2641.591064,2695.262585,2629.211946,2683.576045,3726716
1/7/2021,2625.4021,2666.997555,2597.224519,2661.933305,3717827
1/8/2021,2701.667969,2707.814307,2648.948779,2674.918865,5879039
1/11/2021,2749.756348,2796.113,2723.872909,2796.113,9508039
1/12/2021,2748.37085,2778.799047,2726.858878,2749.755794,3611458
1/13/2021,2734.607178,2750.232558,2706.299822,2748.501218,3572801
1/14/2021,2819.387207,2833.090857,2706.375764,2736.385016,6931542
1/15/2021,2804.339844,2839.596199,2784.087905,2805.770832,4131692
1/18/2021,2794.27832,2824.634413,2764.485899,2818.780024,4160906
1/19/2021,2828.060791,2843.932736,2803.168833,2804.03615,2975735
1/20/2021,2869.778564,2886.3876,2833.611487,2836.126622,3453446
1/21/2021,2839.46582,2870.081941,2829.274846,2866.48266,2778546
1/22/2021,2864.834717,2883.828873,2811.75475,2811.75475,3052459
1/25/2021,2854.60083,2896.66571,2843.629142,2869.908892,2272887
1/27/2021,2828.36377,2867.739871,2798.831587,2862.14572,2786662
1/28/2021,2772.421875,2840.462843,2761.363585,2801.433583,3083938
1/29/2021,2698.526611,2790.028547,2688.682479,2784.13075,5445659
2/1/2021,2722.811035,2745.057626,2640.199111,2688.682035,3985846
2/2/2021,2778.406494,2796.2299,2732.048445,2752.864052,2881837
2/3/2021,2775.45752,2806.63752,2743.01974,2786.689231,2505866
2/4/2021,2765.397461,2808.243057,2754.599404,2789.3355,2057261
2/5/2021,2738.943359,2780.487966,2713.834577,2774.503352,2366135
2/8/2021,2787.644043,2797.965032,2736.515529,2766.307957,2526592
2/9/2021,2755.378906,2815.137166,2744.190603,2771.077426,2658751
2/10/2021,2786.949951,2792.240458,2738.380196,2762.404836,2127983
2/11/2021,2780.618164,2792.153522,2762.447916,2788.424017,1165882
2/12/2021,2767.434814,2814.877007,2759.802383,2761.710438,2777404
2/15/2021,2723.245361,2783.220247,2716.046588,2783.220247,2630853
2/16/2021,2696.315186,2747.356665,2688.682753,2732.048604,3435770
2/17/2021,2665.352051,2717.174243,2641.457424,2693.106196,3678426
2/18/2021,2651.69165,2686.861184,2628.837763,2658.326541,4189909
2/19/2021,2664.267578,2677.537358,2615.957856,2652.255154,3725028
2/22/2021,2565.913574,2685.213053,2552.643584,2685.213053,5366696
2/23/2021,2584.777344,2626.235127,2574.196122,2575.930755,3832829
2/24/2021,2556.937012,2604.85627,2533.562652,2577.665801,3774549
2/25/2021,2597.874756,2627.883798,2574.587209,2579.400861,4224073
2/26/2021,2510.275879,2577.97002,2497.873202,2567.258569,5553153
3/1/2021,2536.208252,2571.594827,2516.780436,2537.769465,3265871
3/2/2021,2607.458496,2623.633873,2556.850465,2567.258269,3306469
3/3/2021,2653.209473,2657.459241,2599.262187,2632.307049,3509857
3/4/2021,2645.056152,2672.593462,2615.871025,2621.898835,3916760
3/5/2021,2608.933594,2656.766054,2599.002854,2615.91554,3203686
3/8/2021,2607.978516,2630.572163,2598.481438,2615.827776,2003125
3/9/2021,2646.141113,2659.974779,2595.099628,2607.97916,1942397
3/10/2021,2663.487061,2682.784864,2653.989982,2666.999737,3053778
3/12/2021,2652.21167,2703.426775,2637.814336,2666.999465,2938317
3/15/2021,2659.323975,2687.815423,2637.511036,2637.511036,3097083
3/16/2021,2697.398926,2724.242341,2653.989673,2653.989673,4894756
3/17/2021,2699.914795,2736.385522,2675.933561,2693.019666,3838390
3/18/2021,2633.608154,2728.969619,2590.71937,2711.18962,3656306
3/19/2021,2645.489746,2687.81485,2606.287068,2627.969989,5776626
3/22/2021,2714.398438,2722.898186,2618.126255,2644.189172,2821646
3/23/2021,2725.630127,2748.527208,2708.500618,2723.375018,3305973
3/24/2021,2706.983398,2734.043649,2698.353424,2698.396832,2207104
3/25/2021,2658.196533,2715.439454,2645.316791,2699.263865,3179786
3/26/2021,2659.887451,2704.294033,2639.288675,2680.572832,3697370
3/30/2021,2739.464844,2765.397544,2654.77119,2673.938986,4694008
3/31/2021,2756.203369,2779.750941,2716.436801,2736.385091,3530069
4/1/2021,2745.058594,2788.424448,2727.712252,2767.695655,4285076
4/5/2021,2809.152344,2830.054764,2732.915281,2750.261617,5317862
4/6/2021,2831.529785,2840.463193,2801.433927,2840.463193,2291562
4/7/2021,2837.341064,2842.675192,2805.597386,2826.586417,2491268
4/8/2021,2877.193848,2892.501906,2832.700448,2836.126307,2578118
4/9/2021,2881.444092,2909.285054,2869.084824,2908.981408,2911129
4/12/2021,2815.787842,2895.19075,2786.862737,2881.443692,3791828
4/13/2021,2692.195313,2787.556772,2665.308486,2787.556772,8654596
4/15/2021,2791.850098,2807.722042,2677.797909,2740.982039,6062760
4/16/2021,2771.20752,2816.177986,2760.322862,2800.566281,3224657
4/19/2021,2742.282959,2765.873939,2719.125637,2748.527599,2679106
4/20/2021,2727.321289,2797.400534,2711.536164,2797.096888,3141893
4/22/2021,2704.988281,2730.313895,2693.236094,2730.313895,1988980
4/23/2021,2696.922363,2705.161875,2680.920406,2693.019437,1615309
4/26/2021,2689.376709,2734.650616,2678.318417,2690.460855,2490260
4/27/2021,2716.437256,2719.993341,2691.285059,2693.88701,1471417
4/28/2021,2709.584961,2732.915702,2699.090341,2732.004977,1639037
4/29/2021,2701.909424,2738.423556,2693.453083,2728.232581,1621395
4/30/2021,2632.870605,2716.480086,2619.29718,2687.815219,3072305
5/3/2021,2634.041992,2649.6537,2605.420528,2623.547371,1545831
5/4/2021,2645.100342,2680.009855,2632.307414,2656.418872,1990777
5/5/2021,2684.953125,2688.162155,2647.398258,2662.663121,1939289
5/6/2021,2698.613281,2718.171321,2666.132304,2693.452788,1791671
5/7/2021,2717.217285,2740.591647,2698.917024,2717.304102,1912540
5/10/2021,2728.145264,2744.364047,2710.365268,2728.535514,2137153
5/11/2021,2708.28418,2713.054423,2681.00689,2710.365656,2415625
5/12/2021,2677.927979,2706.028964,2663.18359,2706.028964,1978558
5/14/2021,2646.61792,2687.38182,2636.643774,2687.38182,2043935
5/17/2021,2662.446533,2667.173369,2633.174583,2649.653607,2890462
5/18/2021,2678.968262,2709.497772,2669.601198,2688.682168,2098538
5/19/2021,2673.070557,2704.293964,2660.14762,2674.80519,1986041
5/20/2021,2653.989746,2678.968515,2647.138027,2660.147781,2329027
5/21/2021,2671.769775,2678.448073,2649.74001,2654.857095,1685566
5/24/2021,2672.637207,2693.019156,2664.397696,2672.637207,1652260
5/25/2021,2714.036133,2726.455855,2686.233471,2694.861825,1841613
5/26/2021,2752.820313,2758.485448,2705.146057,2719.265276,1923753
5/27/2021,2771.559082,2804.460452,2755.696742,2755.827391,5959785
5/28/2021,2739.833984,2787.246727,2732.904918,2779.838472,1763701
5/31/2021,2753.387207,2763.148844,2726.761234,2745.412522,1652799
6/1/2021,2748.026855,2762.799745,2729.724108,2761.623268,1377441
6/2/2021,2727.501953,2753.648739,2714.90796,2746.153455,2240078
6/3/2021,2737.786377,2749.378161,2721.575285,2749.378161,1281706
6/4/2021,2739.965332,2751.382847,2723.62359,2726.238269,1836060
6/7/2021,2774.348389,2780.667196,2731.119162,2741.054856,2559821
6/8/2021,2789.121094,2816.00879,2777.834441,2787.247326,2574057
6/9/2021,2789.208008,2806.421306,2776.962556,2790.733237,1710925
6/10/2021,2803.633057,2809.908243,2782.889895,2797.706409,1874324
6/11/2021,2853.311523,2883.990375,2798.577544,2799.056945,3452954
6/14/2021,2855.534424,2883.72925,2850.305066,2857.843972,1847360
6/15/2021,2843.680664,2874.403135,2833.919241,2874.403135,1304985
6/16/2021,2853.791016,2871.527124,2835.183135,2843.114411,1635552
6/17/2021,2891.616699,2907.566282,2841.284135,2846.077713,2273413
6/18/2021,2873.792725,2926.696335,2854.356908,2920.508179,3380431
6/21/2021,2852.701172,2863.944203,2834.049673,2845.641456,1130569
6/22/2021,2877.192139,2899.722037,2863.072918,2879.632548,1708688
6/23/2021,2842.503906,2901.42141,2838.146109,2901.42141,1467104
6/24/2021,2940.292969,2948.485542,2857.407582,2862.201159,4155204
6/25/2021,2946.568848,2962.997619,2919.724768,2941.731649,2722861
6/28/2021,2908.176025,2955.893906,2904.907677,2955.893906,1355238
6/29/2021,2911.749512,2933.930657,2899.242548,2912.75172,1497322
6/30/2021,2916.020508,2947.614543,2909.701701,2916.238398,1693146
7/1/2021,2912.316162,2930.183132,2904.341478,2926.696894,990310
7/2/2021,2898.327637,2910.74736,2871.962961,2903.164835,1682274
7/5/2021,2894.448975,2940.641626,2877.889345,2912.751723,1972858
7/6/2021,2843.28833,2900.549741,2837.884704,2887.47635,2159420
7/7/2021,2854.313721,2861.068307,2825.247339,2854.357341,2640710
7/8/2021,2839.977051,2874.403656,2816.79348,2874.403656,2485811
7/9/2021,2796.093506,2860.45826,2789.861941,2832.568356,6365067
7/12/2021,2782.977295,2820.36712,2778.837386,2819.49556,1892226
7/13/2021,2778.13916,2801.191863,2767.201047,2801.191863,1809339
7/14/2021,2801.672119,2808.165196,2775.917489,2777.660608,2044279
7/15/2021,2797.65332,2822.896484,2789.835883,2819.184273,2232968
7/16/2021,2790.535156,2812.415412,2788.089421,2806.432115,1256526
7/19/2021,2781.625488,2794.90206,2774.113634,2777.60748,1597058
7/20/2021,2800.143311,2808.179115,2756.775813,2781.625967,1811945
7/22/2021,2809.358154,2816.869796,2786.342357,2786.342357,2859334
7/23/2021,2806.30127,2831.369576,2800.885637,2821.281051,1776193
7/26/2021,2792.936768,2816.258146,2787.084618,2795.076706,1259611
7/27/2021,2780.184082,2803.811257,2761.14258,2795.076642,1121367
7/28/2021,2793.155273,2798.963707,2736.030762,2784.595308,1660654
7/29/2021,2791.408447,2817.306497,2786.604409,2795.295308,1731997
7/30/2021,2766.645996,2815.603563,2762.19147,2811.672986,2999943
8/2/2021,2812.021973,2816.826011,2766.252674,2777.607674,2608669
8/3/2021,2869.233643,2873.688382,2811.628898,2820.407229,3804735
8/4/2021,2859.669434,2886.965107,2848.532799,2882.42315,2929598
8/5/2021,2868.403809,2895.52483,2849.668102,2860.586371,2534521
8/6/2021,2890.98291,2903.386021,2851.851792,2858.446469,2292362
8/9/2021,2902.250732,2914.741276,2891.157813,2903.298844,1510489
8/10/2021,2912.032959,2926.008342,2896.048786,2896.048786,2040777
8/11/2021,2921.029785,2934.830519,2906.093722,2926.095904,1929707
8/12/2021,2927.624268,2941.818015,2905.132636,2905.132636,1310205
8/13/2021,3025.146484,3039.646031,2932.646997,2935.485746,4363584
8/16/2021,3033.488281,3052.180487,3001.65065,3022.176997,2083489
8/17/2021,3103.452637,3110.221964,3024.797381,3041.480582,4336019
8/18/2021,3110.003662,3140.094371,3089.0843,3121.620744,2631309
8/20/2021,3109.086182,3122.624835,3057.115223,3062.355992,2836148
8/23/2021,3177.129395,3208.224715,3111.183038,3126.99278,3744176
8/24/2021,3155.991455,3203.289529,3139.570334,3194.249116,2511141
8/25/2021,3195.99585,3229.842485,3150.619564,3153.196233,2123263
8/26/2021,3207.219238,3220.976255,3186.299668,3196.868636,1902533
8/27/2021,3249.407715,3257.574665,3189.095369,3202.10986,3944728
8/30/2021,3232.943359,3267.052076,3220.976978,3244.90974,2033114
8/31/2021,3307.317871,3322.734593,3234.820575,3240.017628,3207480
9/1/2021,3244.866211,3333.740931,3237.922234,3315.660318,2643336
9/2/2021,3351.253174,3370.818625,3251.023474,3261.505011,3403717
9/3/2021,3355.882813,3368.853588,3323.128006,3340.990251,1746812
9/6/2021,3364.573486,3386.934185,3331.381951,3362.564482,1723693
9/7/2021,3333.042236,3380.252881,3326.36034,3375.055827,1585039
9/8/2021,3296.574951,3332.255942,3280.721709,3327.888634,4147175
9/9/2021,3311.641846,3326.752772,3288.582547,3310.157004,1441148
9/13/2021,3358.765869,3364.923603,3290.330063,3290.330063,1691473
9/14/2021,3394.184082,3403.44286,3340.99036,3362.783183,1991188
9/15/2021,3454.147217,3476.376769,3376.802158,3390.864974,2461369
9/16/2021,3409.382568,3477.905585,3399.599841,3432.703949,2946666
9/17/2021,3343.479248,3445.805164,3323.52057,3423.968629,6477148
9/20/2021,3339.679932,3381.169351,3326.010345,3327.01474,2002008
9/21/2021,3374.138184,3381.650038,3338.06418,3369.814592,1568129
9/22/2021,3373.438965,3403.748247,3364.966432,3373.744762,1744067
9/23/2021,3379.641357,3388.157608,3349.725297,3380.296454,2003869
9/24/2021,3381.431641,3445.28155,3367.194175,3397.765328,2320754
9/27/2021,3351.427734,3409.993365,3321.686331,3406.499519,1673362
9/28/2021,3300.94165,3362.826477,3276.572162,3362.826477,2253075
9/29/2021,3312.078857,3324.394751,3251.154913,3284.040869,2489161
9/30/2021,3297.797607,3323.521006,3275.568055,3323.521006,2252412
10/1/2021,3258.186523,3327.888804,3253.644566,3303.213513,1578374
10/4/2021,3295.833008,3304.873208,3238.315471,3253.470116,1356860
10/5/2021,3348.240234,3354.092384,3268.143852,3278.97469,1877966
10/6/2021,3328.674561,3369.334239,3314.786607,3350.598531,1678154
10/7/2021,3400.29834,3405.626541,3336.666795,3345.357694,1647233
10/8/2021,3437.63916,3485.024453,3406.500339,3428.336879,2934339
10/11/2021,3219.229736,3282.031532,3196.869037,3279.847878,11845402
10/12/2021,3190.624268,3237.922128,3171.189747,3237.048666,5752877
10/13/2021,3192.676514,3210.364109,3183.767249,3188.134556,3545655
10/14/2021,3160.515137,3211.754478,3157.67094,3172.373292,6442299
10/18/2021,3191.757568,3196.614624,3151.763828,3153.514103,3590107
10/19/2021,3180.380371,3229.344478,3172.547934,3210.878994,3135441
10/20/2021,3158.240479,3176.749554,3131.504982,3160.997077,2933693
10/21/2021,3091.423096,3157.014606,3072.826425,3154.083024,4871211
10/22/2021,3061.974609,3116.889482,3049.853871,3115.489176,2691670
10/25/2021,3056.811523,3075.714579,3019.22441,3065.606698,2595594
10/26/2021,3047.753662,3088.359953,3041.102532,3058.167712,3878763
10/27/2021,3054.011475,3072.826933,3048.104296,3048.104296,2510813
10/28/2021,2994.414307,3078.733895,2988.594727,3078.733895,2424942
10/29/2021,2973.498535,3028.850984,2963.17187,2975.511394,3960501
11/1/2021,3042.328125,3051.604669,2986.80069,3008.679129,2020718
11/2/2021,3049.154053,3074.883224,3036.508359,3057.730443,3087414
11/3/2021,3056.199219,3080.396687,3033.270657,3066.65707,1537639
11/4/2021,3070.551025,3074.576743,3067.356859,3074.314159,328991
11/8/2021,3065.387939,3104.987912,3046.528683,3104.987912,2526082
11/9/2021,3067.969482,3093.611054,3059.480691,3069.982341,1782692
11/10/2021,3049.241455,3080.221235,3045.653306,3061.230795,1516489
11/11/2021,3052.654297,3071.776135,3006.972166,3045.478213,1284514
11/12/2021,3085.778809,3092.867295,3050.466923,3068.232258,1747259
11/15/2021,3109.626221,3123.891005,3087.485199,3087.485199,1809157
11/16/2021,3112.338379,3129.097387,3099.736487,3123.365195,2013204
11/17/2021,3082.146973,3117.984028,3068.58234,3107.263592,1632914
11/18/2021,3041.715332,3081.227918,3020.624647,3076.239463,2136598
11/22/2021,3026.575195,3076.939397,3010.735336,3044.077944,3167936
11/23/2021,3031.695313,3046.310067,2982.29384,3014.848914,2153461
11/24/2021,3013.360352,3056.898433,2996.470159,3038.651734,2161746
11/25/2021,3015.636475,3030.601413,3005.266223,3013.886199,1849619
11/26/2021,3016.467773,3054.229871,2985.881547,2997.345934,1941251
11/29/2021,3064.731934,3088.667033,2981.112492,3016.73055,2981745
11/30/2021,3088.491455,3118.771298,3055.105045,3055.105045,5588446
12/1/2021,3131.06665,3141.743284,3093.610727,3093.610727,2102118
12/2/2021,3188.038818,3192.502106,3127.82952,3141.04397,3152938
12/3/2021,3185.894531,3208.210539,3177.493339,3191.145357,2486263
12/6/2021,3094.835938,3201.252735,3082.234044,3185.89403,1849642
12/7/2021,3136.93042,3148.744776,3084.247184,3117.677395,1484458
12/8/2021,3174.036133,3191.145114,3151.370157,3151.370157,1428660
12/9/2021,3152.026367,3180.905904,3120.740203,3159.246251,1567957
12/10/2021,3182.700439,3187.251112,3128.704493,3137.368269,1510718
12/13/2021,3158.939941,3204.753474,3151.982641,3194.251824,1883864
12/14/2021,3171.323242,3181.124739,3130.104181,3154.870615,1747007
12/15/2021,3124.547119,3170.623021,3113.870271,3167.997609,1603233
12/16/2021,3134.392822,3157.890138,3124.241141,3134.742792,2072320
12/17/2021,3136.799316,3195.433531,3127.478973,3152.682977,4333992
12/20/2021,3112.776367,3155.745702,3071.863691,3140.868365,2312310
12/21/2021,3157.758545,3186.550482,3121.090157,3135.311141,2340989
12/22/2021,3177.405029,3182.699653,3155.964164,3171.497852,1224328
12/23/2021,3205.365723,3212.191837,3176.748772,3192.501246,1792861
12/24/2021,3212.542236,3242.384511,3189.701275,3224.881761,2209923
12/27/2021,3234.595459,3238.008409,3196.96455,3212.629425,1534135
12/28/2021,3243.741211,3259.887456,3232.627007,3246.760393,1456218
12/29/2021,3233.370605,3255.467828,3224.881814,3231.226561,1456923
12/30/2021,3267.544189,3273.013798,3220.505555,3221.687076,1966475
12/31/2021,3271.570557,3290.517199,3265.400794,3275.464876,1207141
1/3/2022,3341.056396,3351.776832,3277.390139,3281.765827,2346158
1/4/2022,3399.69043,3403.540949,3335.761592,3352.739388,2488606
1/5/2022,3378.861816,3386.781853,3336.373851,3382.406166,1733031
1/6/2022,3332.04248,3356.152563,3301.018897,3336.024399,1810293
1/7/2022,3372.342285,3382.318767,3322.371849,3343.02518,2460591
1/10/2022,3395.4021,3481.296754,3378.905673,3481.296754,3937092
1/11/2022,3426.951172,3434.915009,3374.530516,3374.530516,1906106
1/12/2022,3377.943115,3438.415201,3357.508783,3434.914651,3203744
1/13/2022,3411.197998,3433.164032,3375.404964,3428.788345,6684507
1/14/2022,3472.676758,3480.42181,3378.074523,3393.652013,3348123
1/17/2022,3517.309082,3538.181199,3467.557639,3494.161736,3442604
1/18/2022,3492.323975,3537.043375,3483.047431,3530.261059,2389041
1/19/2022,3431.876953,3517.221381,3428.238836,3517.221381,3102539
1/20/2022,3354.641846,3436.567108,3341.009502,3427.800355,6176776
1/21/2022,3360.734863,3376.558896,3306.030409,3337.502967,3112358
1/24/2022,3306.249756,3374.893266,3278.85365,3366.433435,3258414
1/25/2022,3304.977295,3339.605961,3263.159936,3304.626711,3330501
1/27/2022,3199.20752,3272.979665,3178.035895,3270.875729,5718297
1/28/2022,3234.975342,3269.823181,3196.357757,3196.357757,3143862
1/31/2022,3275.477783,3294.545469,3262.459071,3286.655392,2739393
2/1/2022,3331.935791,3338.37944,3275.609405,3305.06578,2105169
2/2/2022,3380.635742,3387.473853,3331.936379,3355.825785,1984212
2/3/2022,3352.932129,3403.691538,3345.436513,3376.076269,1960538
2/4/2022,3344.428223,3353.019683,3304.188916,3344.779021,2307366
2/7/2022,3312.955322,3359.243812,3292.92321,3323.475424,1919149
2/8/2022,3281.790283,3331.103271,3262.108964,3323.958453,2946443
2/9/2022,3296.78125,3312.035314,3284.113335,3287.532283,1638721
2/10/2022,3305.372803,3322.424095,3294.545777,3322.424095,2112459
2/11/2022,3239.271729,3289.724441,3234.932228,3289.724441,3851488
2/14/2022,3273.286377,3325.448557,3252.465339,3264.738793,5951745
2/15/2022,3346.971436,3362.05021,3285.779449,3319.093115,3931683
2/16/2022,3342.851318,3378.795013,3336.626837,3369.940505,3256906
2/17/2022,3317.514648,3362.049797,3312.95598,3353.283044,3134372
2/18/2022,3326.017822,3345.348552,3294.194685,3304.188696,3688883
2/21/2022,3260.706055,3355.737786,3248.56423,3340.132923,7465922
2/22/2022,3144.108154,3215.55719,3129.730765,3199.864788,5408531
2/23/2022,3124.295654,3176.107039,3117.150622,3165.674688,2426203
2/24/2022,2982.142822,3054.205712,2972.894068,3045.570374,5039136
2/25/2022,3086.554199,3094.663445,3035.049531,3040.309583,2549723
2/28/2022,3115.878906,3124.251197,3029.701693,3059.596402,3288942
3/2/2022,3108.822266,3131.440533,3073.623835,3114.38924,2761341
3/3/2022,3107.287842,3137.270308,3094.751556,3123.462672,1928039
3/4/2022,3089.710449,3122.015803,3057.01042,3069.678334,2370257
3/7/2022,3055.125488,3110.443782,3008.354992,3024.529608,3054130
3/8/2022,3155.987305,3163.921259,3033.296635,3033.296635,3300992
3/9/2022,3184.610596,3203.37136,3153.444748,3160.414273,2719654
3/10/2022,3174.397461,3229.671883,3169.181286,3229.671883,2005441
3/11/2022,3155.285645,3190.966498,3149.762762,3158.880099,1623423
3/14/2022,3193.728027,3198.418326,3138.497485,3138.497485,1765688
3/15/2022,3150.683594,3207.755247,3143.231853,3207.755247,3651133
3/16/2022,3205.037354,3215.645211,3170.277261,3191.536639,3090475
3/17/2022,3219.809082,3252.465236,3208.894518,3240.717873,3600452
3/21/2022,3179.437744,3255.927651,3169.180688,3240.191375,2413831
3/22/2022,3244.53125,3253.341879,3177.947807,3191.097936,2907611
3/23/2022,3254.56958,3269.82386,3234.932137,3250.712294,1596195
3/24/2022,3287.400146,3294.720255,3239.314433,3243.697808,1879046
3/25/2022,3250.229736,3313.394233,3219.15164,3296.211312,1690133
3/28/2022,3250.448975,3255.095397,3209.683573,3239.315241,1760990
3/29/2022,3248.388916,3262.985474,3235.80854,3239.096072,2689063
3/30/2022,3271.358154,3277.012668,3249.134347,3277.012668,1583455
3/31/2022,3278.72168,3291.608764,3261.407343,3278.765556,2168110
4/1/2022,3295.202881,3298.92875,3268.288995,3285.778623,1387014
4/4/2022,3305.372803,3313.832634,3276.223349,3298.052478,1472994
4/5/2022,3344.340576,3362.575463,3306.818835,3306.818835,2314947
4/6/2022,3292.2229,3339.519493,3271.007185,3339.519493,2051729
4/7/2022,3229.802979,3283.58709,3225.288187,3283.58709,2494829
4/8/2022,3231.11792,3248.081671,3193.28947,3234.931543,2296773
4/11/2022,3240.542725,3254.525868,3205.212879,3234.932088,2291660
4/12/2022,3235.896484,3277.889148,3198.418613,3228.795328,4483476
4/13/2022,3210.340576,3252.333445,3204.729941,3249.834835,1621672
4/18/2022,3092.953857,3164.797344,3088.088267,3164.797344,3820792
4/19/2022,3043.72876,3124.076176,3015.017645,3112.197183,3170014
4/20/2022,3118.158203,3128.985013,3050.829509,3068.363012,2640370
4/21/2022,3181.147461,3194.604511,3127.451104,3138.497297,2280996
4/22/2022,3167.033447,3170.93461,3131.045883,3139.462051,1581465
4/25/2022,3110.619385,3142.004405,3097.381716,3119.210846,1960694
4/26/2022,3108.953857,3145.423424,3084.275318,3134.245813,1943469
4/27/2022,3122.015625,3128.37152,3073.886243,3108.690205,1727648
4/28/2022,3142.26709,3159.888134,3101.72086,3145.510745,1703660
4/29/2022,3109.304443,3176.413985,3100.66932,3153.401257,2051115
5/2/2022,3105.53418,3110.39977,3062.007341,3085.808987,1324161
5/4/2022,3050.610596,3108.208115,3037.942682,3102.115265,2305825
5/5/2022,3080.11084,3097.293761,3055.520269,3078.971333,1612262
5/6/2022,3009.275391,3046.007996,3002.174236,3032.41953,2010812
5/9/2022,3020.234375,3029.790051,2934.101021,2978.94288,2481830
5/10/2022,3014.667236,3037.504671,2999.982925,3010.503029,1622685
5/11/2022,2991.216309,3023.171082,2965.047464,3011.379842,1841769
5/12/2022,2988.279297,3024.266862,2936.950127,2961.409283,2807195
5/13/2022,2993.758301,3015.675183,2965.047186,3011.379559,2187823
5/16/2022,2960.356934,3006.996013,2951.414889,2993.845884,1195813
5/17/2022,3025.932617,3039.433331,2937.212904,2954.395826,1754076
5/18/2022,3023.477295,3063.979644,3018.436413,3037.67939,1866781
5/19/2022,2859.670898,2985.079341,2831.661166,2978.065938,4642963
5/20/2022,2886.89209,2905.21452,2866.772432,2901.795572,3065125
5/23/2022,2912.096436,2927.131333,2864.098459,2897.236831,2293690
5/24/2022,2882.508301,2914.81387,2871.637613,2906.309949,1711510
5/25/2022,2795.706543,2906.205814,2783.703575,2906.205814,3548046
5/26/2022,2848.043213,2860.884803,2807.091562,2816.314486,2813186
5/27/2022,2878.360352,2893.893642,2850.029426,2871.211362,3103153
5/30/2022,2978.93042,2988.947797,2900.469084,2909.868482,2094624
5/31/2022,2969.310059,2986.123046,2934.580427,2960.307564,4840965
6/1/2022,2961.234375,2990.183062,2947.863365,2990.183062,1493835
6/2/2022,3021.073486,3029.016712,2953.379595,2961.058004,2657939
6/3/2022,3036.209473,3068.99747,3028.31042,3053.199149,1913622
6/6/2022,3028.089355,3047.550298,2980.606484,3016.659982,1084210
6/7/2022,2967.853516,3017.410542,2961.940269,3001.700565,2308256
6/8/2022,3004.436768,3013.086101,2953.55608,2983.254832,2185707
6/9/2022,3024.692383,3033.429845,2959.381411,2987.535649,1279197
6/10/2022,2965.38208,2994.59558,2958.40978,2984.887195,1527582
6/13/2022,2841.556152,2906.337472,2817.593963,2903.689731,3030921
6/14/2022,2833.569336,2858.590368,2801.928734,2815.432261,2611493
6/15/2022,2829.818604,2854.266046,2825.140883,2840.586045,1404536
6/16/2022,2773.068604,2863.842116,2765.169549,2859.561513,2032028
6/17/2022,2726.203125,2752.548242,2668.791429,2728.939211,5240434
6/20/2022,2746.943848,2770.199933,2708.639935,2730.70445,1502769
6/21/2022,2834.804688,2857.57531,2758.417294,2762.477251,2964461
6/22/2022,2844.513184,2868.872495,2809.254131,2824.169657,3336315
6/23/2022,2920.282715,2928.402413,2844.513085,2844.513085,3692578
6/24/2022,2906.42627,2952.232117,2892.657926,2946.936633,2132118
6/27/2022,2925.489502,2968.029838,2918.252385,2956.644636,2037686
6/28/2022,2928.534424,2938.993089,2888.333054,2918.693737,1400046
6/29/2022,2904.131836,2941.641516,2886.921512,2886.921512,2133994
6/30/2022,2883.479004,2922.13586,2872.799693,2887.803562,2719603
7/1/2022,2925.842529,2941.640633,2870.195789,2877.21226,1502879
7/4/2022,2855.193115,2928.358979,2846.367307,2923.107666,2622535
7/5/2022,2838.643555,2887.803243,2830.391341,2872.799375,2170627
7/6/2022,2877.874268,2884.714266,2826.24331,2840.585243,2182144
7/7/2022,2901.792725,2929.63797,2881.669844,2886.921155,1989921
7/8/2022,2882.023193,2916.929304,2868.387364,2912.516401,2136916
7/11/2022,2748.179443,2846.32236,2741.295272,2829.68563,6974600
7/12/2022,2722.496094,2767.948991,2718.568654,2749.149982,3734815
7/13/2022,2681.941895,2744.825765,2678.632217,2739.530281,3863530
7/14/2022,2653.624756,2705.170781,2625.528854,2704.28587,4764908
7/15/2022,2649.952393,2680.304642,2613.140039,2671.14595,4574806
7/18/2022,2710.922852,2722.824853,2667.385306,2675.083982,3202795
7/19/2022,2720.435547,2724.594582,2681.322554,2681.322554,1865074
7/20/2022,2800.564453,2806.891476,2741.496684,2750.124561,3402251
7/21/2022,2811.625732,2817.554589,2782.202463,2802.511112,2420640
7/22/2022,2806.050049,2829.057712,2781.71502,2818.438791,2075886
7/25/2022,2802.289551,2819.72224,2786.670971,2800.740958,1797504
7/26/2022,2757.291992,2804.192239,2740.124818,2800.475659,2639367
7/27/2022,2821.846436,2826.492215,2752.071169,2756.49572,1389808
7/28/2022,2885.25,2888.347186,2833.172943,2845.871492,2106333
7/29/2022,2921.885498,2935.513248,2898.081495,2911.355151,2430257
8/1/2022,2919.142578,2944.097009,2894.542025,2944.097009,1306913
8/2/2022,2912.94751,2931.618986,2895.116439,2911.354628,1269114
8/3/2022,2955.158203,2963.564852,2899.895593,2902.506036,2895824
8/4/2022,2968.82959,2997.987339,2926.707992,2964.449327,2150567
8/5/2022,2977.767578,2988.342213,2968.874186,2974.360587,1106933
8/8/2022,2986.085693,2990.023501,2952.060934,2977.723334,1068836
8/10/2022,2968.210449,2995.421442,2951.175926,2995.421442,1878359
8/11/2022,3028.605225,3034.091625,2986.616278,3008.694745,1449248
8/12/2022,3010.066406,3025.508046,2992.102686,3025.508046,1472354
8/16/2022,3002.235107,3021.836,2997.633617,3018.429009,839942
8/17/2022,3009.668701,3024.579311,2983.12139,2995.510135,1622326
8/18/2022,2992.103271,3001.616058,2975.068746,2999.846237,1430659
8/19/2022,2996.084717,3027.720257,2983.253519,2997.190855,1398410
8/22/2022,2968.475586,2994.624726,2962.148348,2977.722854,1536532
8/23/2022,2906.57666,2957.281851,2893.656882,2937.858112,1849256
8/24/2022,2880.693115,2927.283561,2876.135697,2913.124995,1691923
8/25/2022,2847.818115,2900.868441,2844.765218,2898.965971,1946930
8/26/2022,2851.358154,2882.153078,2846.579725,2862.065656,1457962
8/29/2022,2772.025879,2781.007632,2726.408708,2765.344763,2539173
8/30/2022,2841.579834,2855.163295,2780.476946,2791.892203,3431525
9/1/2022,2771.273682,2822.863998,2761.805184,2822.863998,3546935
9/2/2022,2770.123047,2798.971208,2761.185583,2798.971208,2052900
9/5/2022,2772.777832,2785.65332,2754.062066,2764.149957,2147912
9/6/2022,2767.15918,2779.370987,2748.841577,2774.63663,1936453
9/7/2022,2787.113525,2797.997749,2744.991709,2744.991709,1291534
9/8/2022,2804.855713,2817.111806,2796.404993,2805.165518,1346113
9/9/2022,2847.332031,2861.357948,2803.838769,2827.288896,1561185
9/12/2022,2869.719727,2893.479654,2853.83563,2867.020707,1785928
9/13/2022,2857.685059,2887.860369,2853.835613,2887.860369,1972678
9/14/2022,2761.273682,2779.856796,2755.433404,2774.193457,5090269
9/15/2022,2747.071533,2776.627452,2743.222087,2769.769397,2138023
9/16/2022,2662.429199,2738.221885,2654.730524,2721.983697,5322221
9/19/2022,2680.216553,2691.897326,2643.935228,2686.587864,2072220
9/20/2022,2690.392822,2725.479429,2681.278203,2698.976409,1544295
9/21/2022,2655.792236,2691.36558,2653.093217,2679.507871,2253818
9/22/2022,2661.278809,2681.233577,2636.412962,2645.881458,2017983
9/23/2022,2638.84668,2674.641256,2636.14766,2658.270417,2652374
9/26/2022,2649.775391,2677.605993,2589.336188,2619.201912,2925489
9/27/2022,2670.172607,2676.853724,2633.493118,2663.049036,2227447
9/28/2022,2686.277588,2698.931847,2637.032421,2637.032421,2739767
9/29/2022,2652.341553,2704.153091,2645.881665,2702.515921,2493902
9/30/2022,2658.757324,2672.163629,2610.574001,2646.634096,2817353
10/3/2022,2641.412842,2673.048384,2631.723118,2650.306233,1763331
10/4/2022,2735.390137,2741.451858,2675.083592,2681.233675,2145875
10/6/2022,2744.947266,2764.45958,2736.540618,2752.955746,1790816
10/7/2022,2712.161621,2747.646612,2706.144404,2740.921207,1939879
10/10/2022,2759.637207,2767.114656,2659.155594,2663.580146,3064063
10/11/2022,2716.276611,2783.043054,2701.941107,2743.222088,4730645
10/12/2022,2743.885498,2751.982341,2709.639514,2729.859584,1665247
10/13/2022,2746.142334,2752.07119,2701.056195,2743.885769,2054781
10/14/2022,2742.469482,2787.467255,2717.559346,2783.042703,2245977
10/17/2022,2760.746094,2775.517895,2724.991871,2726.056468,1517005
10/18/2022,2789.979004,2799.427818,2775.650804,2794.681209,1793722
10/19/2022,2769.706787,2802.666197,2760.967776,2802.666197,1194289
10/20/2022,2801.157959,2803.553357,2754.757333,2754.757333,1587601
10/21/2022,2783.502197,2803.907805,2774.275401,2801.601214,1021913
10/24/2022,2805.062012,2819.523424,2799.117811,2812.514627,260949
10/25/2022,2805.416992,2825.068398,2795.701973,2821.741396,2069643
10/27/2022,2801.246582,2815.974196,2780.796785,2804.174387,2438421
10/28/2022,2806.436768,2819.966574,2790.24536,2794.681362,1355739
10/31/2022,2832.964111,2838.154321,2819.345714,2838.154321,1919414
11/1/2022,2892.007324,2894.580336,2842.102298,2851.905906,2991060
11/2/2022,2876.037598,2901.145413,2858.604196,2901.145413,1405955
11/3/2022,2845.030029,2863.927442,2834.605424,2863.927442,1422652
11/4/2022,2854.47876,2856.829971,2809.009735,2854.123966,1464013
11/7/2022,2868.939941,2877.013552,2834.694135,2864.770143,1474498
11/9/2022,2853.28125,2883.224267,2840.505433,2883.224267,1162267
11/10/2022,2844.054199,2861.221616,2812.425588,2812.425588,1573092
11/11/2022,2941.912598,2964.669422,2887.882171,2900.790982,3265394
11/14/2022,2959.25708,2971.234286,2935.746268,2949.054275,1342074
11/15/2022,2956.68457,2963.205364,2920.664142,2946.392958,1400708
11/16/2022,2976.868408,2988.002602,2946.79218,2962.273786,1748235
11/17/2022,2971.234619,2980.993825,2943.509602,2963.249814,1417986
11/18/2022,2966.310303,2983.433315,2946.392696,2972.121509,1164540
11/21/2022,2913.122803,2957.660224,2903.807198,2947.723622,1304194
11/22/2022,2941.025391,2944.574193,2888.059562,2910.017775,1149739
11/23/2022,2935.125732,2954.377942,2919.777119,2954.377942,1150011
11/24/2022,2998.871094,3010.227305,2935.125859,2942.179061,1296591
11/25/2022,3007.298584,3019.453402,2970.346776,3001.398788,1588981
11/28/2022,3012.267578,3031.56419,2985.917766,2986.316963,2195437
11/29/2022,3014.130615,3042.210424,3001.399202,3001.399202,1576028
11/30/2022,3008.31958,3029.700983,2994.301768,3001.399373,3410702
12/1/2022,3083.598389,3087.457798,3034.225767,3038.661769,2180856
12/2/2022,3051.21582,3077.610038,3028.015612,3068.028445,2411749
12/5/2022,3039.460205,3051.215612,3022.692202,3045.759415,1475065
12/6/2022,3003.483887,3023.534485,2988.090874,3016.525689,1166999
12/7/2022,2999.27002,3010.892216,2975.6704,2988.35741,1167505
12/8/2022,2972.609863,2999.270283,2962.76185,2980.993865,1285619
12/9/2022,2921.329102,2993.50294,2906.779102,2993.50294,1797896
12/12/2022,2915.73999,2924.212798,2871.069576,2888.281179,1527610
12/13/2022,2956.241211,2960.100404,2899.194169,2907.533768,1378016
12/14/2022,2985.73999,2996.075788,2964.047767,2971.05678,1213311
12/15/2022,2932.286621,2985.208047,2926.830208,2979.929247,1415694
12/16/2022,2874.751709,2920.664339,2861.399297,2905.581929,2703680
12/19/2022,2840.860596,2879.409417,2834.162188,2862.996206,2120965
12/20/2022,2878.034424,2882.51483,2806.79217,2838.065992,1529971
12/21/2022,2899.858887,2912.723292,2874.529272,2882.514076,1432566
12/22/2022,2892.007324,2922.438344,2879.054327,2922.438344,1384101
12/23/2022,2864.193848,2898.351067,2854.124035,2854.124035,1360281
12/26/2022,2885.974609,2902.920227,2861.266204,2864.194009,870157
12/27/2022,2891.830078,2904.517089,2866.988464,2900.43588,835883
12/28/2022,2889.700439,2897.685243,2862.108421,2883.223833,910795
12/29/2022,2900.036621,2902.476422,2863.883201,2866.633609,1037927
12/30/2022,2889.345703,2926.874326,2880.030098,2915.385123,1163131
1/2/2023,2893.560059,2898.351071,2870.271045,2893.160862,709547
1/3/2023,2937.831543,2945.505741,2879.231905,2885.176105,1245178
1/4/2023,2940.759277,2952.026898,2915.518464,2933.706076,1231668
1/5/2023,2937.609375,2960.853983,2911.747353,2954.554773,1826057
1/6/2023,2849.289307,2929.137366,2839.042096,2927.762161,2488376
1/9/2023,2945.460938,2951.715744,2857.805494,2864.770104,2885060
1/10/2023,2915.695557,2925.987169,2865.746343,2914.453563,3864655
1/11/2023,2953.224365,2971.67818,2902.165931,2918.978555,2720512
1/12/2023,2958.237061,2972.121662,2941.557648,2953.490451,2250391
1/13/2023,2993.901855,2997.849854,2932.19703,2965.821836,1742837
1/16/2023,3025.206543,3042.401101,2992.541336,3009.735894,1843607
1/17/2023,3065.448486,3068.533667,3013.365711,3021.532014,1688475
1/18/2023,3075.973633,3093.16819,3059.867871,3066.899964,2421189
1/19/2023,3060.639648,3073.251961,3049.660419,3066.900392,1585044
1/20/2023,3051.565186,3080.192429,3044.759935,3053.289094,1529349
1/23/2023,3098.567383,3102.287676,3044.760699,3074.1593,1067916
1/24/2023,3117.984863,3132.185066,3100.744893,3107.731573,1387863
1/25/2023,3112.041504,3116.80518,3089.584174,3108.003766,874110
1/27/2023,3095.073975,3126.786404,3068.987176,3108.639066,1785879
1/30/2023,3115.580078,3138.08282,3071.935866,3103.194609,1953798
1/31/2023,3047.573242,3129.50852,3040.586561,3129.50852,2820375
2/1/2023,3092.624023,3102.287392,3044.215911,3051.474846,2205161
2/2/2023,3139.852539,3147.655984,3103.285828,3109.546571,1813847
2/3/2023,3159.723633,3179.413449,3133.046914,3179.413449,1804469
2/6/2023,3139.443604,3151.420801,3118.483564,3151.420801,1138714
2/7/2023,3150.876953,3169.432562,3140.759679,3147.564931,1455647
2/8/2023,3194.022217,3211.987904,3155.867395,3155.867395,1986946
2/9/2023,3212.849854,3218.974579,3180.592919,3189.394333,1655427
2/10/2023,3209.855469,3214.210874,3183.178752,3193.931137,1187821
2/13/2023,3159.814209,3220.244929,3151.647907,3220.244929,1087939
2/14/2023,3175.874756,3198.332085,3171.247096,3180.320765,1579818
2/15/2023,3194.520996,3199.375497,3139.625302,3163.98819,1429449
2/16/2023,3228.456543,3243.836366,3200.282759,3200.464188,1618931
2/17/2023,3176.827637,3211.080738,3166.710584,3199.51181,1061369
2/20/2023,3164.260742,3195.74633,3153.145497,3177.598992,1296082
2/21/2023,3131.322754,3183.859202,3125.651712,3170.339525,1139541
2/22/2023,3086.453857,3127.693638,3080.51056,3098.612485,1218430
2/23/2023,3097.569092,3132.59332,3092.30632,3104.102089,1441570
2/24/2023,3085.455811,3115.852602,3068.987189,3105.463296,977592
2/27/2023,3023.210449,3075.973745,3008.828595,3075.973745,1128022
2/28/2023,3005.970703,3077.788709,2994.220124,3020.170907,4116217
3/1/2023,3072.07251,3075.066865,3007.921705,3015.180641,1669307
3/2/2023,3013.773438,3057.735315,3010.643066,3049.659839,1556538
3/3/2023,3032.556396,3046.938251,3022.530169,3043.308784,1043190
3/6/2023,3059.505127,3089.538838,3047.845374,3050.476649,1334132
3/8/2023,3076.336426,3081.417769,3022.302908,3052.38203,1844590
3/9/2023,3027.74707,3071.436694,3022.302869,3071.436694,1648500
3/10/2023,3022.438965,3028.110008,2985.236924,3006.015536,1024404
3/13/2023,2977.933105,3057.645386,2968.904848,3024.254235,1901233
3/14/2023,2917.138916,2998.302834,2912.102986,2976.163172,2670334
3/15/2023,2902.576172,2958.334051,2896.315428,2948.942714,1780522
3/16/2023,2889.963623,2921.540036,2878.167853,2910.833062,1901060
3/17/2023,2884.791748,2922.991763,2852.761651,2858.659536,6739966
3/20/2023,2852.126709,2876.035696,2808.346252,2876.035696,2289468
3/21/2023,2818.372314,2864.330358,2810.523458,2852.126318,1815297
3/22/2023,2840.784424,2852.30794,2818.372505,2840.103899,1123939
3/23/2023,2835.203857,2854.893896,2813.744719,2826.35703,1372218
3/24/2023,2831.437988,2876.352643,2818.28117,2857.207116,1329577
3/27/2023,2833.071533,2860.700809,2818.281409,2844.595048,1524217
3/28/2023,2827.264404,2857.797433,2822.047045,2837.336265,1303530
3/29/2023,2848.133789,2858.20565,2816.557599,2839.150946,1740616
3/31/2023,2908.927734,2915.370129,2860.020742,2894.455275,2382581
4/3/2023,2903.573975,2926.212734,2879.755594,2926.212734,1521830
4/5/2023,2939.6875,2961.963403,2890.41743,2890.41743,2655065
4/6/2023,2922.356689,2955.611821,2917.184742,2926.258412,1703464
4/10/2023,2961.101074,2968.904518,2917.184605,2921.721439,2203187
4/11/2023,2916.095703,2969.766365,2896.451077,2961.645476,2348779
4/12/2023,2941.365723,2958.877948,2902.666614,2928.934841,2417727
4/13/2023,2893.457275,2930.795338,2885.426989,2912.647998,4174070
4/17/2023,2848.678467,2870.364448,2785.843307,2843.778774,5505048
4/18/2023,2840.73877,2864.421133,2822.455416,2862.697003,2617302
4/19/2023,2803.401123,2849.13233,2786.977692,2840.739186,3298034
4/20/2023,2817.192627,2824.632991,2792.875151,2803.763553,2419999
4/21/2023,2868.05127,2871.317658,2813.563833,2821.911566,1929184
4/24/2023,2880.708496,2886.288714,2836.564963,2859.203945,1640676
4/25/2023,2881.797363,2895.589296,2855.937406,2888.148932,2024090
4/26/2023,2901.89502,2911.195529,2886.333768,2886.333768,2000029
4/27/2023,2892.640381,2902.848259,2876.942889,2889.963693,2434446
4/28/2023,2921.041016,2928.299951,2900.171576,2903.93706,2931312
5/2/2023,2921.177246,2935.33226,2912.648085,2935.33226,2321159
5/3/2023,2885.336182,2918.092218,2879.211455,2918.092218,2468285
5/4/2023,2922.356689,2925.759316,2883.612165,2885.562915,1953253
5/5/2023,2931.429932,2943.497955,2912.692895,2921.721151,1710027
5/8/2023,2949.487305,2953.343614,2931.975077,2944.405961,928235
5/9/2023,2979.112061,2992.495721,2945.312647,2951.301357,1107375
5/10/2023,2982.333496,3000.208579,2963.505633,2985.237026,1559987
5/11/2023,2978.114258,3003.112261,2968.904572,3002.477148,1719623
5/12/2023,2970.991455,2985.237071,2958.016064,2975.392052,1027479
5/15/2023,2953.524902,2987.052068,2947.445588,2979.793132,1150390
5/16/2023,2956.337646,2980.700539,2949.350965,2954.568325,986306
5/17/2023,2911.468018,2976.163319,2901.986078,2954.341102,1588815
5/18/2023,2903.438232,2929.842478,2899.037414,2927.120377,1369364
5/19/2023,2924.307373,2934.878108,2906.341465,2912.64762,1152449
5/22/2023,2993.131348,3001.978176,2919.044924,2930.795282,1333243
5/23/2023,2991.634033,3019.671581,2985.327878,2999.754923,1687418
5/24/2023,2997.350342,3009.91724,2972.53377,2972.53377,1016555
5/25/2023,2988.412842,2999.754928,2964.458445,2988.866525,1374917
5/26/2023,3020.533447,3029.380274,2986.144332,2988.412749,1791115
5/29/2023,3012.775146,3059.640548,3005.198546,3049.478086,1210372
5/30/2023,3009.009766,3018.763959,2995.535501,3007.92097,1344224
5/31/2023,2984.783691,3019.445066,2962.689217,3002.477348,5815424
6/1/2023,3016.087402,3030.605272,2992.042181,3007.013734,1177314
6/2/2023,2999.39209,3026.885129,2991.996917,3018.129128,2030661
6/5/2023,2984.23877,3018.809535,2980.74554,3007.921133,1861468
6/6/2023,2932.88208,2984.193723,2922.265932,2976.163437,2022849
6/7/2023,2971.535645,2975.119921,2940.775997,2951.664399,1567196
6/8/2023,2936.647461,2967.089664,2933.51709,2958.923362,1759366
6/9/2023,2912.012451,2948.942237,2908.428396,2944.405403,1775689
6/12/2023,2946.129395,2952.934646,2913.555013,2917.18448,2324605
6/13/2023,2943.225586,2962.552543,2938.961006,2958.015709,1371928
6/14/2023,2949.89502,2954.250425,2927.029419,2943.225785,1658544
6/15/2023,2940.068359,2968.542955,2934.30939,2966.577697,2273810
6/16/2023,2902.223633,2924.61945,2884.946949,2922.425664,4156189
6/19/2023,2934.675049,2938.788567,2902.315463,2916.02719,1468186
6/20/2023,2950.489014,2954.87681,2926.127938,2937.965682,1528452
6/21/2023,2978.369385,2981.294508,2947.060947,2970.873687,1645987
6/22/2023,2960.361816,2987.008183,2952.683339,2980.015291,1529603
6/23/2023,2940.114014,2970.325337,2933.532207,2959.264679,1119505
6/26/2023,2915.707275,2937.874568,2900.487348,2929.739032,1978803
6/27/2023,2922.74585,2933.989286,2908.988373,2926.996395,863542
6/28/2023,2939.291016,2953.459798,2919.134735,2932.480904,1575872
6/30/2023,3018.636963,3025.721356,2938.057796,2943.450987,2672406
7/3/2023,2991.258545,3033.764892,2988.013392,3029.651375,1687264
7/4/2023,3024.669678,3030.291396,2995.829303,3007.43852,1656681
7/5/2023,3034.816406,3043.089193,3021.15043,3034.862157,1453008
7/6/2023,3037.512695,3042.586078,3018.407781,3022.567049,1848238
7/7/2023,3043.317627,3068.59282,3018.407991,3018.407991,1789326
7/10/2023,2990.939209,3039.204537,2984.768931,3039.204537,1407431
7/11/2023,2991.350098,3012.009188,2980.746497,3012.009188,1110172
7/12/2023,2979.923096,3006.660957,2970.964948,2999.165259,1515240
7/13/2023,3053.646973,3078.236577,2991.66993,3001.953724,4585146
7/14/2023,3212.794189,3222.118341,3064.113474,3075.996969,6306101
7/17/2023,3191.81543,3245.01688,3178.423734,3208.543779,2743228
7/18/2023,3196.523438,3221.341573,3167.408783,3177.464049,2600090
7/19/2023,3172.024902,3214.80553,3149.720362,3199.402603,2405370
7/20/2023,3174.087402,3188.384546,3149.112991,3164.739227,1715404
7/21/2023,3087.020508,3148.05875,3078.542956,3119.785102,3770223
7/24/2023,3111.261475,3128.399832,3090.503019,3098.659709,1680132
7/25/2023,3115.293945,3122.305244,3097.926465,3113.781823,1272980
7/26/2023,3105.350098,3135.181959,3102.325629,3116.393872,1066803
7/27/2023,3113.231934,3126.750192,3102.371636,3111.444819,1701769
7/28/2023,3075.19751,3110.299202,3052.835192,3102.325765,2599831
7/31/2023,3135.731934,3140.497648,3080.238291,3083.446013,2743678
8/1/2023,3163.776611,3171.062679,3129.820534,3129.820534,1956167
8/2/2023,3153.328857,3158.598688,3128.537922,3148.104897,1914899
8/3/2023,3116.027344,3146.546576,3086.745465,3134.403056,2026351
8/4/2023,3155.986328,3181.143991,3117.218669,3117.218669,2248493
8/7/2023,3193.104248,3196.724347,3153.878343,3165.517747,1853889
8/8/2023,3180.777832,3198.511821,3167.946942,3193.104607,1634225
8/9/2023,3173.354492,3177.478707,3139.031901,3175.553984,1794589
8/10/2023,3154.657471,3175.553311,3143.613696,3161.897669,1096701
8/11/2023,3160.798096,3177.157346,3128.904125,3150.991675,1679974
8/14/2023,3161.760254,3166.480099,3126.154448,3153.374217,1190425
8/16/2023,3169.596191,3176.561621,3148.333619,3161.897747,1328445
8/17/2023,3148.838135,3171.79631,3128.171191,3166.48061,1843241
8/18/2023,3085.920654,3125.238076,3076.205748,3125.238076,2526749
8/21/2023,3117.584961,3125.008636,3090.411062,3093.160538,1375579
8/22/2023,3099.713623,3126.154509,3084.041743,3116.073096,1222012
8/23/2023,3114.469727,3117.906572,3094.077774,3105.075681,1330046
8/24/2023,3104.845703,3128.032995,3096.001645,3123.404666,1152881
8/25/2023,3098.93457,3103.058784,3070.477448,3093.160626,1158046
8/28/2023,3093.664795,3110.574029,3079.505037,3110.574029,1037485
8/29/2023,3094.215088,3106.496218,3083.996289,3098.706034,944517
8/30/2023,3107.778809,3123.496782,3100.538611,3114.240123,1188200
8/31/2023,3076.480713,3132.02,3064.428708,3116.989619,3417652
9/1/2023,3097.010254,3105.991922,3076.480919,3084.912602,1277950
9/4/2023,3133.028564,3146.180317,3088.624562,3095.910631,1828332
9/5/2023,3142.972656,3159.148654,3120.793366,3134.403365,1501842
9/6/2023,3143.476318,3156.307208,3114.332047,3147.234026,1314818
9/7/2023,3166.708984,3171.062321,3136.510618,3144.3008,1885092
9/8/2023,3154.474365,3175.645424,3148.196528,3166.709625,1518917
9/11/2023,3189.988525,3194.616856,3157.315668,3172.896035,1783604
9/12/2023,3281.774902,3290.114846,3192.141932,3200.39036,4476016
9/13/2023,3269.906494,3289.152829,3248.96456,3272.885094,1754929
9/14/2023,3262.757813,3297.263651,3249.514546,3271.922734,2604721
9/15/2023,3297.813477,3306.107775,3264.957146,3269.906338,2952897
9/18/2023,3305.008545,3317.060553,3276.689023,3281.088231,1395753
9/20/2023,3304.916504,3322.283985,3281.041839,3281.041839,1649396
9/21/2023,3285.899414,3303.954265,3233.384368,3288.878014,2004073
9/22/2023,3302.717041,3330.303546,3267.340576,3284.708059,1989083
9/25/2023,3278.429688,3317.701464,3261.474583,3301.662852,1238778
9/26/2023,3286.265625,3294.743177,3240.716013,3269.677253,1726062
9/27/2023,3289.564941,3312.20225,3258.770719,3290.206441,1541134
9/28/2023,3241.403809,3301.938164,3232.788871,3299.371941,1755753
9/29/2023,3233.934082,3270.456158,3212.808895,3241.81578,2243791
10/3/2023,3220.416016,3239.066497,3189.484406,3239.066497,1948148
10/4/2023,3242.320557,3251.714602,3186.918643,3195.167074,1788138
10/5/2023,3289.611328,3321.367693,3254.647017,3257.21324,2990768
10/6/2023,3318.984131,3331.402643,3276.50486,3291.122863,2075691
10/9/2023,3334.519531,3371.77485,3327.783224,3340.659984,4233074
10/10/2023,3325.858643,3343.363734,3300.60946,3336.077665,1848148
10/11/2023,3308.445068,3345.196495,3303.954346,3345.196495,2426417
10/12/2023,3246.719482,3288.969639,3242.641137,3276.45961,4241281
10/13/2023,3272.656006,3278.292343,3230.634752,3235.217213,2890357
10/16/2023,3229.76416,3276.138528,3225.227569,3268.210961,1671104
10/17/2023,3214.183594,3239.020395,3210.792618,3235.217042,1672065
10/18/2023,3196.036865,3228.526463,3193.058266,3217.803551,1408245
10/19/2023,3175.270996,3194.751084,3171.825257,3187.997347,1514545
10/20/2023,3211.014893,3215.563223,3164.61228,3170.446929,1481211
10/23/2023,3133.462646,3196.680508,3125.330838,3191.213314,1106272
10/25/2023,3115.039307,3147.107554,3103.185833,3115.406762,1518537
10/26/2023,3066.017822,3099.969784,3059.815494,3094.778295,1984471
10/27/2023,3079.065674,3089.219161,3066.247573,3078.192798,1108851
10/30/2023,3104.426514,3108.377672,3063.261381,3078.192914,910972
10/31/2023,3095.421143,3123.216761,3078.238442,3123.216761,999811
11/1/2023,3060.412598,3098.040237,3042.35702,3082.787013,1563475
11/2/2023,3087.474121,3102.037977,3071.945189,3071.945189,1245384
11/3/2023,3079.019531,3113.01748,3072.955167,3107.596275,1402598
11/6/2023,3105.988525,3117.060876,3086.462675,3101.164492,1099852
11/7/2023,3096.984131,3127.949793,3092.895232,3103.921597,1191144
11/8/2023,3107.183105,3125.927832,3096.156743,3097.902494,992899
11/9/2023,3075.850098,3116.326087,3070.888324,3115.039767,2112352
11/10/2023,3062.985596,3075.849685,3052.786345,3067.16647,1338557
11/13/2023,3061.239746,3083.705914,3057.058872,3083.705914,1030990
11/15/2023,3128.087402,3136.081471,3083.752234,3108.607539,2059802
11/16/2023,3214.046631,3242.99083,3137.183568,3151.747644,3951984
11/17/2023,3218.273682,3238.534668,3209.177022,3214.047044,2021292
11/20/2023,3234.031982,3247.171551,3207.982113,3207.982113,1475621
11/21/2023,3225.394531,3251.903832,3216.941032,3234.031983,1807236
11/22/2023,3243.726074,3246.023233,3198.655997,3216.022428,1798051
11/23/2023,3223.603516,3256.452892,3216.02289,3243.588801,2729804
11/24/2023,3176.603516,3220.20355,3172.836085,3210.739209,1989733
11/28/2023,3188.594238,3198.793713,3154.458547,3176.603248,1689195
11/29/2023,3228.656738,3232.561908,3193.785912,3198.563958,1441634
11/30/2023,3204.628662,3231.321469,3198.564073,3215.517061,3266235
12/1/2023,3226.727295,3231.597317,3206.879976,3216.022624,1172141
12/4/2023,3227.462646,3259.944567,3214.185111,3257.050012,1625213
12/5/2023,3245.05835,3250.938986,3218.595037,3250.938986,1377656
12/6/2023,3311.676025,3319.716081,3239.131573,3245.977285,1896572
12/7/2023,3321.599365,3335.979713,3300.281778,3312.502707,1967653
12/8/2023,3332.442383,3349.257631,3309.792486,3338.231268,1641155
12/11/2023,3347.328125,3356.608737,3321.69192,3328.950853,1102503
12/12/2023,3374.15918,3398.325113,3336.393795,3343.698716,2236866
12/13/2023,3301.982178,3353.851981,3273.910851,3347.925356,3850968
12/14/2023,3369.702148,3379.579931,3333.269301,3335.474483,3290396
12/15/2023,3547.732178,3579.846414,3369.196945,3369.196945,8531230
12/18/2023,3546.077881,3610.214596,3519.384852,3545.067266,2521612
12/19/2023,3506.566895,3542.31082,3482.492715,3533.030209,2004435
12/20/2023,3473.350098,3582.465141,3460.94544,3516.720411,2586083
12/21/2023,3480.195801,3497.837937,3439.628064,3451.481314,1517562
12/22/2023,3513.734131,3533.90314,3456.764592,3491.681406,2413058
12/26/2023,3487.592529,3522.922787,3482.630532,3509.920958,1285231
12/27/2023,3501.972656,3508.404701,3462.277796,3490.762566,1293976
12/28/2023,3491.589844,3526.598638,3484.422887,3513.734547,1682889
12/29/2023,3485.616699,3512.447693,3459.888521,3484.33038,1574996
1/1/2024,3501.881104,3521.085263,3466.872311,3482.492992,825907
1/2/2024,3476.244385,3501.880811,3461.588557,3501.880811,1344068
1/3/2024,3392.214355,3465.815412,3387.895742,3461.358834,1803075
1/4/2024,3369.288574,3417.253202,3354.770487,3401.402807,3598144
1/5/2024,3434.620117,3443.671013,3376.685947,3376.823687,1963127
1/8/2024,3379.855957,3436.320079,3374.434527,3434.620092,1067805
1/9/2024,3390.514404,3447.89761,3383.94462,3408.937663,1370944
1/10/2024,3411.786377,3426.671922,3388.7688,3390.606527,1292227
1/11/2024,3432.460693,3466.872088,3406.227095,3421.847775,1777909
1/12/2024,3567.763428,3588.39187,3511.529023,3535.786931,6813450
1/15/2024,3587.05957,3643.293975,3569.784891,3638.699657,2801505
1/16/2024,3548.007568,3582.648676,3542.724103,3582.648676,1432672
1/17/2024,3569.417725,3592.710783,3503.213556,3509.140181,3458696
1/18/2024,3585.957275,3591.654185,3548.651322,3581.730413,2239110
1/19/2024,3648.365967,3667.333898,3622.458548,3650.170188,2941975
1/23/2024,3569.903564,3639.899769,3555.561957,3608.533377,2618854
1/24/2024,3554.683105,3593.40531,3521.188558,3590.028183,2657709
1/25/2024,3525.537109,3572.447997,3496.298646,3552.924817,2205154
1/29/2024,3516.931885,3534.511918,3498.287887,3516.746877,1646747
1/30/2024,3516.516113,3560.234887,3503.978727,3522.900352,1411621
1/31/2024,3530.765381,3547.466461,3512.722711,3526.370372,2459358
2/1/2024,3566.110107,3613.067307,3520.67973,3534.512397,2363107
2/2/2024,3669.878662,3686.625823,3582.626126,3585.44823,2826510
2/5/2024,3676.355469,3721.415829,3665.992546,3685.330494,1691523
2/6/2024,3826.896484,3839.757579,3691.807779,3698.284634,4474396
2/7/2024,3778.226807,3844.475867,3769.483098,3842.625338,2124267
2/8/2024,3825.138184,3847.251927,3780.679155,3784.333906,2345173
2/9/2024,3824.768066,3872.002663,3793.586456,3827.40471,2100596
2/12/2024,3812.739502,3848.732219,3798.721376,3821.344285,1013716
2/13/2024,3839.387451,3858.355385,3776.469426,3817.135007,1257415
2/14/2024,3793.678955,3807.372696,3746.860458,3800.063193,1391283
2/15/2024,3796.547363,3836.425922,3777.85683,3819.493754,1091582
2/16/2024,3819.770996,3837.952813,3793.678796,3805.84594,1307556
2/19/2024,3797.102295,3819.771287,3751.949544,3814.913646,772291
2/20/2024,3729.418945,3791.735628,3710.312315,3777.024006,1193648
2/21/2024,3693.195313,3759.675694,3683.110014,3713.08851,1885939
2/22/2024,3781.650391,3788.913585,3674.227042,3674.227042,2982052
2/23/2024,3749.266602,3821.344659,3743.99241,3821.344659,2538072
2/26/2024,3702.031494,3747.32317,3685.0991,3734.36946,1379284
2/27/2024,3797.657227,3815.792509,3700.134395,3700.134395,2960475
2/28/2024,3811.120361,3844.383366,3783.408495,3789.515334,1939225
2/29/2024,3789.052734,3828.839129,3760.785844,3792.661177,3772719
3/1/2024,3788.358643,3830.596897,3781.372847,3800.248388,2043265
3/4/2024,3775.72876,3810.148572,3771.287443,3798.212744,1749271
3/5/2024,3712.255371,3760.276529,3682.554278,3758.425999,2070859
3/6/2024,3760.554688,3767.679183,3662.615294,3695.554819,1744204
3/7/2024,3801.543457,3815.792446,3735.94204,3761.201817,2688905
3/11/2024,3814.266357,3842.62564,3783.408679,3783.408679,2304068
3/12/2024,3878.941895,3913.824563,3813.062851,3814.265966,4039801
3/13/2024,3838.924561,3924.048942,3823.102438,3890.739402,2837260
3/14/2024,3893.145264,3909.244785,3780.632945,3843.042252,2919608
3/15/2024,3903.924072,3922.198055,3864.831629,3879.265852,3373143
3/18/2024,3842.162354,3936.770686,3810.102016,3900.222724,1526904
3/19/2024,3680.056152,3754.724985,3670.155863,3748.479447,8931209
3/20/2024,3674.134766,3717.714838,3664.234475,3688.106358,1817913
3/21/2024,3676.031738,3708.832339,3652.94642,3691.853861,3829582
3/22/2024,3618.618896,3643.693669,3566.896672,3605.757803,5852485
3/26/2024,3587.714844,3651.743133,3582.116946,3585.401681,3440925
3/27/2024,3553.850586,3603.907518,3543.210037,3597.893294,1968575
3/28/2024,3586.604736,3622.412446,3553.480204,3562.362839,4311783
4/1/2024,3624.031982,3639.345165,3597.47692,3606.405638,1569676
4/2/2024,3593.544189,3617.647387,3583.551282,3599.280787,2142666
4/3/2024,3652.29834,3683.479723,3563.195281,3563.195281,3973090
4/4/2024,3704.113525,3727.568858,3641.149195,3678.761128,3394637
4/5/2024,3681.860596,3702.910374,3664.511878,3680.704015,1636819
4/8/2024,3675.661865,3731.270161,3664.049743,3685.33084,2302538
4/9/2024,3651.60498,3715.725896,3631.711781,3686.256113,1876992
4/10/2024,3686.857178,3691.992444,3625.188354,3660.718441,2101965
4/12/2024,3702.355225,3713.412322,3650.633002,3674.227259,4354821
4/15/2024,3646.654541,3760.462141,3626.160011,3702.355451,4200329
4/16/2024,3583.366211,3635.088432,3574.15987,3610.383903,3051420
4/18/2024,3573.373291,3641.842898,3562.270111,3587.067258,3476284
4/19/2024,3540.248779,3564.629602,3516.83953,3551.166951,2957749
4/22/2024,3575.779297,3588.177758,3527.110266,3550.241892,1728883
4/23/2024,3585.124023,3603.906947,3572.077923,3587.298486,1807586
4/24/2024,3544.736572,3606.68302,3538.629733,3599.2809,1317312
4/25/2024,3564.305908,3584.152798,3526.185034,3526.370042,2856271
4/26/2024,3535.761475,3587.067373,3518.366448,3567.035251,2039178
4/29/2024,3580.960449,3587.992553,3533.771936,3551.166962,1110693
4/30/2024,3535.113281,3591.647058,3525.2593,3582.625725,2203078
5/2/2024,3574.576416,3581.793528,3495.697573,3495.697573,2491044
5/3/2024,3556.16333,3602.611813,3513.786375,3599.419468,2962234
5/6/2024,3628.01001,3645.497426,3565.045688,3565.045688,2053831
5/7/2024,3681.583252,3689.956946,3621.024701,3637.031831,2062112
5/8/2024,3679.732422,3686.53321,3644.248646,3664.974491,1247685
5/9/2024,3664.234375,3674.227282,3617.832426,3665.899897,1726486
5/10/2024,3602.888916,3676.63271,3594.700457,3666.454796,1672489
5/13/2024,3652.760986,3659.422849,3580.775329,3594.19167,931326
5/14/2024,3609.643799,3650.910708,3601.964054,3641.843066,1058317
5/15/2024,3590.398193,3633.469324,3585.864485,3612.69717,1115021
5/16/2024,3635.645996,3643.614555,3582.103221,3626.466032,2599399
5/17/2024,3573.343018,3653.400869,3569.521767,3652.468879,2765804
5/21/2024,3560.387939,3583.268338,3550.928333,3570.080771,1908117
5/22/2024,3571.385254,3580.00616,3557.918046,3574.181224,1311168
5/23/2024,3628.65625,3639.42078,3565.327578,3579.726777,2095742
5/24/2024,3587.695557,3619.66286,3582.849254,3614.49027,1309452
5/27/2024,3585.412109,3642.543141,3580.099812,3592.821384,1841538
5/28/2024,3578.748047,3606.801035,3569.521438,3595.617156,1801993
5/29/2024,3544.963623,3587.13617,3541.561951,3587.13617,1568095
5/30/2024,3482.007813,3536.342646,3462.762083,3520.126111,2919230
5/31/2024,3421.288818,3494.776325,3405.258635,3485.642777,10956800
6/3/2024,3451.019287,3496.407155,3444.635065,3478.932342,2156773
6/4/2024,3462.343018,3490.302719,3347.242247,3448.363167,3395997
6/5/2024,3491.653809,3526.463725,3448.36292,3463.274759,2799670
6/6/2024,3569.894775,3578.748681,3487.040947,3523.854556,4328036
6/7/2024,3629.122314,3648.740749,3576.325173,3576.325173,4552445
6/10/2024,3596.269775,3640.259658,3580.612298,3630.101058,1734661
6/11/2024,3590.118652,3616.074436,3579.773473,3583.501433,1419898
6/12/2024,3571.059326,3628.702998,3567.145014,3610.901898,2177001
6/13/2024,3614.396973,3625.441145,3590.025525,3594.499122,1932323
6/14/2024,3571.432129,3624.508911,3567.657524,3624.508911,1860730
6/18/2024,3555.635254,3580.705695,3536.948808,3565.840499,1774045
6/19/2024,3543.146484,3573.110101,3534.991572,3567.33158,1509050
6/20/2024,3529.678955,3550.835082,3522.968673,3537.833867,2846526
6/21/2024,3551.580566,3614.070536,3539.74434,3566.725403,4642195
6/24/2024,3557.219238,3594.685188,3533.453495,3549.716674,1702154
6/25/2024,3577.396729,3585.97099,3534.944541,3557.40559,1338808
6/26/2024,3593.61377,3603.958722,3579.773627,3583.035592,1639845
6/27/2024,3666.588135,3673.904347,3558.430884,3570.453463,4526556
6/28/2024,3638.628662,3690.680395,3632.757307,3651.350462,2731571
7/1/2024,3707.642334,3729.544098,3619.848927,3619.848927,2658723
7/2/2024,3744.176758,3749.768698,3711.697041,3721.995577,2307449
7/3/2024,3695.572998,3752.284675,3686.020101,3746.599446,1821198
7/4/2024,3747.485107,3772.08978,3711.277433,3727.820255,2518001
7/5/2024,3738.957275,3752.890479,3716.775869,3737.279648,1668616
7/8/2024,3721.62207,3757.084332,3707.502514,3748.463425,1758882
7/9/2024,3714.446289,3734.43743,3704.753684,3713.980294,1305801
7/10/2024,3643.288574,3731.035568,3636.624937,3712.768473,2669716
7/11/2024,3656.848877,3709.319956,3630.660096,3663.652449,4872189
7/12/2024,3899.400146,3914.311988,3701.212316,3709.320584,13509164
7/15/2024,3885.652588,3951.637293,3874.328546,3947.629918,4848030
7/16/2024,3894.273682,3909.278356,3863.005145,3888.262164,2029521
7/18/2024,4022.049072,4030.856559,3877.078217,3877.078217,5613364
7/19/2024,4019.106689,4071.746393,4003.086029,4033.119009,3903354
7/22/2024,4005.047363,4035.500891,3984.168919,4016.817801,1896386
7/23/2024,4019.060547,4074.502719,3985.383996,4000.984562,2365208
7/24/2024,4022.703613,4053.390686,3987.065703,4005.188213,1809793
7/25/2024,4037.883057,4057.033225,3992.763574,4012.193806,2810342
7/26/2024,4098.930176,4131.252015,4051.47485,4063.572334,3552210
7/29/2024,4092.624512,4139.238732,4083.18946,4124.292259,1746803
7/30/2024,4077.911865,4108.411922,4042.367009,4101.966346,1797906
7/31/2024,4096.595215,4123.358655,4058.901983,4063.572757,2330091
8/1/2024,4107.570801,4128.308757,4077.630876,4109.719174,2202244
8/2/2024,4001.030762,4108.412018,3988.840226,4077.584915,2811282
8/5/2024,3881.458984,3959.881447,3839.842578,3959.881447,2787771
8/6/2024,3896.54541,3977.863376,3886.829839,3896.311872,2203067
8/7/2024,3923.869873,3965.439753,3905.046293,3949.60565,1237666
8/8/2024,3897.806396,3953.342067,3886.082939,3905.700185,2441283
8/9/2024,3950.305664,3973.566019,3928.633098,3939.329349,1302536
8/12/2024,3919.385498,3959.88119,3910.698043,3951.473798,936912
8/13/2024,3920.600586,3955.210834,3907.568946,3935.593586,1495593
8/14/2024,4012.42749,4022.656665,3912.379443,3931.856657,3226545
8/16/2024,4125.272949,4135.502124,4040.311868,4063.572225,3457058
8/19/2024,4194.354492,4198.32465,4101.26607,4129.89782,2055210
8/20/2024,4225.461426,4264.415856,4203.695806,4208.366579,2212298
8/21/2024,4251.804688,4259.745002,4196.736091,4220.510508,1896990
8/22/2024,4205.563965,4260.63256,4201.080205,4259.744931,1829872
8/23/2024,4169.972168,4209.300164,4161.658284,4203.695237,1809253
8/26/2024,4205.984375,4252.411583,4189.683195,4193.419814,1844164
8/27/2024,4201.033691,4213.03767,4191.365099,4208.366897,930697
8/28/2024,4209.347168,4262.080378,4163.807131,4202.528022,1848058
8/29/2024,4214.719238,4256.009061,4166.330204,4166.330204,2133641
8/30/2024,4253.906738,4289.871692,4192.299057,4203.695926,3637222
9/2/2024,4223.359375,4285.901206,4214.905459,4274.691352,1216500
9/3/2024,4215.232422,4255.914671,4199.865397,4223.359293,1717263
9/4/2024,4184.312012,4191.55171,4144.563916,4182.163639,1265505
9/5/2024,4181.229492,4202.761573,4160.864648,4185.94679,1688793
9/6/2024,4163.293457,4221.398055,4147.646368,4179.361098,1649179
9/9/2024,4156.567871,4194.58815,4138.772406,4161.659197,1184938
9/10/2024,4211.02832,4241.01477,4148.0664,4149.934709,1385591
9/11/2024,4184.405273,4249.796092,4176.83853,4223.733271,1325919
9/12/2024,4220.230469,4234.149281,4139.519145,4213.270834,2742216
9/13/2024,4224.807617,4247.600898,4208.366405,4231.72027,1458786
9/16/2024,4216.072754,4246.712839,4198.510832,4228.917378,1155120
9/17/2024,4208.973145,4237.137812,4171.93401,4216.07281,1699364
9/18/2024,4059.976074,4200.939917,4036.482176,4200.939917,2961779
9/19/2024,4013.267578,4131.018021,3999.86237,4100.98459,2927551
9/20/2024,4002.758789,4045.543342,3949.138408,4032.651735,5447908
9/23/2024,3987.438721,4025.645551,3972.959325,4016.864589,1702319
9/24/2024,3990.054199,4008.457227,3960.815344,3971.698153,3012026
9/25/2024,3993.277588,4007.149876,3960.815714,3972.352615,2713073
9/26/2024,4009.859131,4032.558908,3979.499102,3979.499102,3964251
9/27/2024,4024.991943,4089.728672,4016.911141,4049.560026,3012477
9/30/2024,3987.438721,4015.696896,3979.544932,4004.627073,2503416
10/1/2024,4005.561768,4012.894973,3963.571788,3975.341772,1823365
10/3/2024,3954.04248,3997.247126,3932.790465,3981.927084,3350119
10/4/2024,3972.258545,4014.996114,3945.915205,3946.802834,2965463
10/7/2024,3991.50293,4014.296213,3950.913726,3992.48361,1472619
10/8/2024,3973.193359,3997.621413,3927.139716,3991.269344,1541867
10/9/2024,3972.91333,4012.194352,3967.074863,3979.498938,1082504
10/10/2024,3949.044922,4011.119675,3922.141453,3973.192909,2378875
10/11/2024,3875.994385,3962.637222,3841.664204,3870.202444,5759183
10/14/2024,3864.270264,3891.127207,3850.772004,3867.399773,2137590
10/15/2024,3845.727295,3895.377974,3825.362908,3859.038997,2759474
10/16/2024,3825.316406,3844.046252,3799.393616,3816.021613,2359151
10/17/2024,3838.441406,3858.012128,3823.448179,3841.991011,2522659
10/18/2024,3860.961914,3882.593619,3820.648635,3830.01297,2361000
10/21/2024,3820.508545,3876.788293,3811.284583,3869.905415,1595450
10/22/2024,3760.249268,3829.826332,3751.680991,3807.539166,1928049
10/23/2024,3807.772949,3852.066074,3741.192432,3745.359744,1966476
10/24/2024,3790.5896,3819.712777,3749.480255,3749.480255,2676744
10/25/2024,3799.626221,3831.886313,3776.355754,3799.158004,1759676
10/28/2024,3830.809326,3871.216343,3793.492357,3810.301294,1532534
10/29/2024,3816.200928,3842.655176,3802.014051,3835.491551,1445885
10/30/2024,3825.003174,3845.932555,3801.967046,3815.966682,1935002
10/31/2024,3716.189941,3819.057266,3708.277123,3811.284821,3740372
11/1/2024,3730.938721,3744.751116,3723.306878,3736.229708,154895
11/4/2024,3712.162842,3738.148872,3664.498467,3714.176311,2269192
11/5/2024,3718.905518,3732.624178,3690.578402,3690.578402,967590
11/6/2024,3876.50708,3886.011789,3722.557495,3749.105478,3792017
11/7/2024,3887.041748,3938.451856,3825.377739,3904.646972,3724349
11/8/2024,3883.389893,3904.693756,3855.905477,3890.881361,1648039
11/11/2024,3931.803467,3965.140133,3855.905258,3865.784906,1406487
11/12/2024,3930.585938,3949.876559,3899.636993,3948.003692,1587640
11/13/2024,3886.526855,3929.977278,3868.453415,3912.512885,1098813
11/14/2024,3882.359863,3895.563668,3854.782169,3872.152829,1825432
11/18/2024,3763.994873,3945.194776,3736.557323,3945.194776,3313944
11/19/2024,3782.770264,3869.483875,3758.938075,3764.369207,1776233
11/21/2024,3813.953369,3832.307329,3768.2085,3787.779869,2384347
11/22/2024,3974.786133,3984.478312,3796.301798,3812.221169,3096553
11/25/2024,4040.804932,4052.978569,3981.903347,4007.936019,4052167
11/26/2024,4076.014404,4089.030739,4036.02851,4046.375917,2060669
11/27/2024,4057.145264,4099.144403,4049.185578,4081.867477,1558993
11/28/2024,3975.06665,4064.074933,3963.923183,4044.456467,2558544
11/29/2024,3999.367188,4025.446952,3928.947204,3951.749452,2017425
12/2/2024,4004.798584,4015.614666,3961.160688,3998.571392,1670944
12/3/2024,4029.23999,4050.075639,3994.311197,4040.102712,2010905
12/4/2024,4077.605957,4108.087142,4016.409936,4039.352557,3302642
12/5/2024,4180.286133,4203.650333,4082.850402,4121.056709,3746747
12/6/2024,4162.915527,4181.175982,4132.247327,4169.938779,1842087
12/9/2024,4169.142578,4185.296057,4134.869018,4148.822244,2066639
12/10/2024,4150.788574,4208.145132,4131.638781,4144.795491,2087828
12/11/2024,4146.013672,4165.865792,4126.863419,4150.133889,1635256
12/12/2024,4171.76416,4199.903801,4144.65423,4148.446603,1914642
12/13/2024,4189.509766,4209.174869,4115.063302,4153.035955,1967048
12/16/2024,4134.541504,4190.540046,4117.498231,4175.55711,1646224
12/17/2024,4053.352295,4151.162954,4043.519743,4129.671623,3225027
12/18/2024,4071.4729,4084.723344,4016.925643,4037.620917,1575404
12/19/2024,4000.350098,4086.595713,3991.079498,4009.808167,3015763
12/20/2024,3905.208252,4103.451397,3888.539919,4053.820424,4116989
12/23/2024,3893.971436,3948.940268,3853.330311,3933.067536,2195338
12/24/2024,3913.823486,3949.876173,3893.970915,3893.970915,1181886
12/26/2024,3904.085205,3932.974272,3879.784572,3913.824023,1208464
12/27/2024,3900.105469,3915.182141,3883.624146,3898.372975,858100
12/30/2024,3894.439697,3932.365256,3850.61479,3887.135698,1527169
12/31/2024,3834.508301,3876.788414,3775.747093,3872.152885,1555429
1/1/2025,3851.036377,3871.216337,3825.752442,3834.133477,763161
1/2/2025,3910.3125,3917.101643,3836.521717,3858.106328,1720835
1/3/2025,3839.283936,3914.245718,3832.167178,3914.245718,1791953
1/6/2025,3834.695557,3885.871561,3807.913464,3844.528109,2085593
1/7/2025,3772.235352,3877.162778,3756.550089,3853.377457,2669054
1/8/2025,3847.243652,3863.724975,3762.356039,3778.415784,2181277
1/9/2025,3782.114746,3874.727933,3769.426026,3840.314,2392472
1/10/2025,3994.497314,4023.854595,3904.927545,3933.020549,7894300
1/13/2025,4018.330322,4048.155824,3958.679319,3975.160642,4003771
1/14/2025,3963.969482,4039.680219,3950.859414,4028.536753,3441709
1/15/2025,3979.468506,3985.883168,3939.997919,3949.877111,1653474
1/16/2025,3938.92041,4021.045819,3925.389219,3989.207077,2637705
1/17/2025,3933.198242,3967.816542,3910.071878,3967.148791,1761466
1/20/2025,3888.853027,3953.701979,3879.602529,3953.701979,1287799
1/21/2025,3848.847168,3920.514966,3843.268137,3905.542479,1971591
1/22/2025,3964.002197,3970.248514,3856.810161,3862.341462,2409223
1/23/2025,3953.368896,3997.142006,3948.218735,3974.873846,1822998
1/24/2025,3959.94873,3984.410131,3913.838961,3913.838961,1910099
1/27/2025,3876.789063,3963.763449,3853.805888,3911.931692,1551782
1/28/2025,3853.090576,3911.931627,3841.646603,3882.177342,2468272
1/29/2025,3909.83374,3917.511019,3866.15609,3866.15609,1217089
1/30/2025,3910.072021,3938.539,3870.447447,3909.929065,1531251
1/31/2025,3921.849854,3937.156448,3895.957955,3919.561152,1492943
2/1/2025,3884.418701,3944.261152,3868.063447,3922.422327,437172
2/3/2025,3880.126953,3888.090145,3813.418168,3844.126118,1265713
2/4/2025,3916.747559,3928.001079,3877.647547,3894.479632,2547132
2/5/2025,3901.536865,3957.70761,3887.136438,3957.70761,1693912
2/6/2025,3893.573486,3947.693943,3863.819202,3915.173893,2284536
2/7/2025,3842.695557,3900.487717,3822.28723,3900.487717,1548940
2/10/2025,3849.895996,3864.248694,3828.343317,3852.804719,1339511
2/11/2025,3779.897217,3852.804826,3771.743338,3832.205578,1810908
2/12/2025,3767.117676,3835.400146,3757.581031,3787.097133,1678002
2/13/2025,3728.971191,3799.828511,3721.437335,3784.140776,2277310
2/14/2025,3752.526855,3765.067451,3719.291554,3743.133167,1681975
2/17/2025,3723.583008,3751.71611,3677.520966,3677.807112,1799806
2/18/2025,3693.733398,3742.560976,3685.436564,3717.765698,2149879
2/19/2025,3608.761719,3695.401994,3593.550585,3692.779417,4366672
2/20/2025,3604.279541,3612.481149,3577.481708,3587.209039,2888572
2/21/2025,3610.57373,3640.137329,3600.083421,3601.132545,1833931
2/24/2025,3505.289795,3588.830677,3499.94918,3569.709654,2508516
2/25/2025,3461.373047,3488.504755,3453.457585,3457.033827,4101954
2/27/2025,3445.160889,3469.431605,3433.859871,3444.350181,3823856
2/28/2025,3321.851807,3433.192135,3296.818114,3418.839438,7085018
3/3/2025,3331.19751,3359.998128,3315.080442,3323.520465,4990439
3/4/2025,3368.390869,3386.462766,3303.780097,3313.030596,2797737
3/5/2025,3382.695557,3433.525919,3357.709594,3357.709594,2501894
3/6/2025,3434.718262,3442.204389,3372.253235,3392.184731,2786513
3/7/2025,3443.873291,3457.033908,3408.77839,3433.192295,2051315
3/10/2025,3423.321777,3454.268378,3416.598629,3439.391118,1004626
3/11/2025,3409.636963,3422.463705,3373.731352,3393.138519,1995450
3/12/2025,3343.738281,3403.866872,3325.285014,3399.813798,3174167
3/13/2025,3348.363525,3360.999579,3322.662316,3340.018962,1693004
3/17/2025,3335.63208,3366.864591,3316.225148,3327.335246,2690906
3/18/2025,3335.63208,3335.63208,3335.63208,3335.63208,0
3/19/2025,3335.060303,3382.648069,3302.301833,3382.648069,3051244
3/20/2025,3398.049561,3413.117506,3349.269715,3349.269715,2845192
3/21/2025,3412.306885,3448.689091,3304.447342,3313.983986,4161925
3/24/2025,3460.800537,3480.636804,3401.339699,3433.191998,1834751
3/25/2025,3488.266357,3538.095328,3469.431483,3476.107135,3135390
3/26/2025,3467.333496,3509.962253,3457.844581,3478.729741,1734499
3/27/2025,3482.019775,3493.273063,3443.205677,3447.354211,2528474
3/28/2025,3439.057129,3491.31799,3425.46741,3481.829075,2051919
4/1/2025,3386.271729,3417.933341,3361.667139,3407.156887,2618493
4/2/2025,3379.739014,3398.955492,3366.483171,3379.786743,1764313
4/3/2025,3245.463379,3339.733212,3238.787727,3329.242902,4537821
4/4/2025,3146.520508,3242.125372,3142.801309,3206.79229,5317367
4/7/2025,3122.345215,3138.891154,2914.44636,2956.359867,6623955
4/8/2025,3140.369629,3193.822573,3104.464252,3149.048069,5557558
4/9/2025,3096.166748,3118.482401,3063.217598,3109.470319,2990265
4/11/2025,3081.766602,3146.091221,3057.448159,3137.126868,7108961
4/15/2025,3097.693115,3160.825661,3088.538075,3160.825661,3512160
4/16/2025,3122.106934,3126.207738,3079.382717,3097.693029,2384391
4/17/2025,3146.043457,3150.525866,3068.892099,3095.11787,2932346
4/21/2025,3167.692139,3198.590776,3131.929719,3137.651707,2432946
4/22/2025,3160.825195,3179.421651,3142.324199,3168.64543,2710498
4/23/2025,3254.856934,3262.39079,3182.664578,3209.081038,3543923
4/24/2025,3243.985352,3254.380202,3230.729275,3243.508519,2252175
4/25/2025,3288.235107,3316.654355,3247.227535,3261.532502,2742991
4/28/2025,3283.943848,3297.581297,3247.227763,3275.837699,1593296
4/29/2025,3311.600098,3333.05755,3271.450728,3294.910968,1578332
4/30/2025,3293.670898,3347.266795,3210.034572,3311.123005,2809332
5/2/2025,3272.022705,3329.719404,3261.532396,3311.122947,1721761
5/5/2025,3294.243164,3342.117073,3286.709075,3290.14236,1284443
5/6/2025,3299.679199,3312.076838,3277.744916,3299.679199,1324763
5/7/2025,3285.469482,3299.202157,3262.104703,3262.104703,1477128
5/8/2025,3289.093506,3315.891572,3269.829529,3288.235301,2543591
5/9/2025,3280.89209,3286.518617,3240.647494,3241.505699,2531757
5/12/2025,3452.646729,3462.278833,3339.923636,3342.593943,2228678
5/13/2025,3352.130859,3455.12663,3347.839369,3452.647009,3062887
5/14/2025,3384.269043,3395.999162,3346.027238,3357.852584,2119499
5/15/2025,3414.023438,3433.192187,3351.2725,3398.860265,3548330
5/16/2025,3396.285156,3427.374477,3381.789504,3427.374477,1666727
5/19/2025,3355.754639,3385.508924,3341.354212,3385.508924,2537377
5/20/2025,3336.20459,3393.138314,3332.103786,3368.152351,2038374
5/21/2025,3362.430664,3373.111661,3336.204888,3345.455388,1440153
5/22/2025,3315.891357,3335.727625,3291.382227,3333.057318,2034383
5/23/2025,3351.749268,3371.20393,3305.019708,3315.89139,1274331
5/26/2025,3373.397705,3380.740876,3347.458076,3357.852926,967470
5/27/2025,3336.585938,3375.972328,3321.708911,3368.343012,2467680
5/28/2025,3335.63208,3365.481824,3331.149904,3356.898844,1222933
5/29/2025,3336.01416,3368.820129,3324.951558,3342.308207,3188072
5/30/2025,3302.921387,3344.215104,3293.098829,3328.288954,3404365
6/2/2025,3289.951904,3299.679236,3260.197618,3290.142591,1877585
6/3/2025,3247.418213,3312.553543,3242.936036,3286.32777,2848125
6/4/2025,3252.902344,3266.276244,3242.415101,3260.69578,2544807
6/5/2025,3243.473389,3279.938436,3236.353405,3279.938436,3584683
6/6/2025,3256.077393,3262.52369,3231.542798,3243.473487,2070390
6/9/2025,3292.350342,3303.992342,3262.523969,3271.279547,1718678
6/10/2025,3331.798096,3353.831266,3293.601144,3309.76516,2419874
6/11/2025,3340.457275,3356.909981,3318.520648,3338.629301,2847013
6/12/2025,3304.18457,3343.151281,3293.601019,3340.457239,4060134
6/13/2025,3315.249268,3319.867591,3264.736864,3264.736864,2178493
6/16/2025,3363.933594,3376.152737,3296.487416,3309.765009,1934088
6/17/2025,3382.214355,3386.736371,3356.044167,3377.114961,2111940
6/18/2025,3320.733154,3404.054654,3312.747572,3385.870284,2696327
6/19/2025,3294.37085,3320.348657,3283.787298,3319.386516,2672768
6/20/2025,3305.627441,3315.826229,3281.7663,3295.332581,2351248
6/23/2025,3265.121826,3295.33296,3242.415204,3285.71155,3123421
6/24/2025,3262.042725,3311.785602,3253.960834,3304.569544,3403048
6/25/2025,3314.383301,3319.386387,3271.279338,3278.303014,1757699
6/26/2025,3311.496826,3320.733239,3286.000091,3314.383249,2879106
6/27/2025,3310.82373,3335.165712,3301.106012,3324.197397,1778433
6/30/2025,3330.932129,3333.722244,3300.143617,3309.668719,1468351
7/1/2025,3299.85498,3353.061425,3284.268343,3324.197195,2375183
7/2/2025,3293.697266,3357.775714,3290.522153,3355.17798,3090585
7/3/2025,3272.049072,3305.242936,3268.970268,3300.143542,2531870
7/4/2025,3290.329834,3297.257202,3261.754293,3278.976523,1109320
7/7/2025,3282.536621,3296.391593,3279.361509,3288.886846,1639174
7/8/2025,3277.244873,3295.333172,3264.92942,3276.090351,2325242
7/9/2025,3255.692627,3284.749237,3239.528612,3280.900673,2034938
7/10/2025,3253.960693,3270.31709,3228.945029,3252.036411,3035012
7/11/2025,3142.352295,3208.740019,3137.637898,3174.968779,7635550
7/14/2025,3100.69165,3148.125247,3078.851097,3142.352401,3924009
7/15/2025,3129.170898,3136.001958,3084.623728,3084.623728,2590889
7/16/2025,3121.254883,3132.646487,3109.187305,3115.365811,2540733
7/17/2025,3098.181641,3129.847012,3093.25821,3112.566335,2947640
7/18/2025,3079.549072,3117.103514,3076.749489,3113.434923,3432645
7/21/2025,3048.946045,3086.983194,3042.960573,3079.646012,3844346
7/22/2025,3050.297607,3070.088435,3045.470576,3050.297607,3198036
7/23/2025,3069.122803,3071.922386,3048.36657,3050.297383,1922875
7/24/2025,3039.098877,3063.90977,3031.375627,3055.607418,2934778
7/25/2025,3027.320801,3047.69073,3017.473705,3031.37546,2568917
7/28/2025,2972.775391,3010.136564,2963.700431,3002.413314,3374473
7/29/2025,2950.281494,2967.658807,2935.993435,2954.143119,4785312
7/30/2025,2947.964355,2962.831516,2941.785615,2954.142861,2880121
7/31/2025,2931.745605,2953.949948,2910.699703,2936.476002,2968371
8/1/2025,2899.114746,2931.745522,2896.218528,2925.084078,2053847
8/4/2025,2968.044678,2972.871709,2888.109234,2905.003842,2519252
8/5/2025,2957.907959,2971.037578,2936.765658,2968.044724,1927996
8/6/2025,2927.401123,2960.707635,2921.319017,2957.039045,1487081
8/7/2025,2941.592773,2946.033736,2906.741514,2911.66518,2543076
8/8/2025,2931.359131,2953.949776,2920.353595,2942.654571,2762140
8/11/2025,2935.607178,2944.392233,2916.781757,2931.359249,1884215
8/12/2025,2930.393799,2989.283575,2922.187846,2935.800168,3358232
8/13/2025,2931.16626,2939.082543,2923.829314,2931.069861,2148166
8/14/2025,2917.74707,2950.184576,2914.657818,2929.042275,3342174
8/18/2025,2907.03125,2943.523653,2899.501034,2941.110138,2945609
8/19/2025,2911.858154,2920.353776,2906.934724,2907.031123,2650784
8/20/2025,2991.407715,2996.041476,2906.741403,2906.741403,4952358
8/21/2025,2995.269531,3021.721568,2976.444109,3021.721568,3230726
8/22/2025,2948.350586,2988.607978,2944.488961,2979.243585,1593791
8/25/2025,3031.955078,3042.960616,2970.651779,2980.498876,3448370
8/26/2025,3047.980469,3052.614466,3012.067405,3020.756061,5522097
8/28/2025,2986.677246,3037.650743,2979.726368,3036.202633,3116051
8/29/2025,2977.988525,3007.240381,2970.747979,2986.001444,2271789
9/1/2025,3004.92334,3022.783354,2983.105066,2983.105066,1246862
9/2/2025,3003.861572,3045.856744,2995.752254,3013.129567,2185229
9/3/2025,2990.345947,3033.209892,2981.174588,3021.625016,1799774
9/4/2025,2988.60791,3010.136515,2983.877514,3008.205703,1481391
9/5/2025,2942.847656,2996.041394,2923.829202,2989.959524,2802055
9/8/2025,2914.561035,2958.873081,2911.664817,2944.488624,2626187
9/9/2025,2943.909424,2954.142823,2925.953011,2927.208086,2489301
9/10/2025,3002.41333,3014.673942,2947.771244,2950.667463,2079428
9/11/2025,3016.12207,3030.41013,3002.509984,3030.41013,2263446
9/12/2025,3025.003662,3039.774424,3013.03272,3035.237062,1447167
9/15/2025,3004.247559,3025.583131,2988.897694,3025.583131,1732539
9/16/2025,3036.878174,3041.029468,3001.544449,3019.790532,2573429
9/17/2025,3063.040771,3072.308529,3033.692282,3042.960276,2418271
9/18/2025,3066.805908,3092.196139,3052.035146,3074.818827,2633138
9/19/2025,3059.565186,3070.474322,3035.236997,3060.337558,4901694
9/22/2025,2967.465576,2999.420379,2958.969955,2987.93214,3634901
9/23/2025,2956.459961,2974.126942,2946.41983,2963.797143,3177741
9/24/2025,2930.393799,2951.246666,2928.076918,2944.488823,1625714
9/25/2025,2855.092041,2924.794553,2848.913536,2917.457372,4974361
9/26/2025,2798.809326,2852.582407,2791.27911,2839.259753,3934636
9/29/2025,2795.912842,2827.964279,2793.885395,2815.12433,3110035
9/30/2025,2788.479248,2814.448817,2785.293596,2810.297523,2253458
10/1/2025,2813.386719,2823.620119,2767.433525,2790.989342,1952902
10/3/2025,2801.512207,2822.847779,2791.086008,2822.847779,2899519
10/6/2025,2885.019775,2890.040076,2795.430269,2801.608775,2112774
10/7/2025,2870.828125,2900.562681,2853.257781,2891.391322,3062943
10/8/2025,2922.477783,2937.731249,2865.32578,2872.083624,4121889
10/9/2025,2955.78418,2959.935474,2915.526787,2929.042475,3211304
10/10/2025,2923.539551,2963.796941,2902.879717,2944.488818,8817365
10/13/2025,2903.169434,2930.490476,2894.480778,2922.284523,2866865
10/14/2025,2857.89209,2922.477672,2853.258093,2916.4922,3611416
10/15/2025,2877.756592,2887.349665,2859.539216,2878.919353,4282226
10/16/2025,2878.628662,2882.795439,2851.884214,2877.853409,3251495
10/17/2025,2870.391846,2896.167521,2863.802552,2877.950146,4374683
10/20/2025,2921.749268,2929.307568,2886.186765,2892.969813,3133039
10/21/2025,2913.512939,2937.835107,2903.144613,2937.156849,310644
10/23/2025,2977.951904,3001.983322,2942.001891,2960.316026,5564758
10/24/2025,2968.261719,2994.231149,2963.51368,2984.541081,2684318
10/27/2025,2989.289063,2998.300873,2965.354641,2971.459432,1946312
10/28/2025,2963.125977,2994.424945,2945.974602,2980.665095,3470737
10/29/2025,2962.835449,2980.665081,2951.69187,2963.125962,2895420
10/30/2025,2941.226318,2968.843012,2938.803801,2954.598659,2241536
10/31/2025,2963.2229,2972.33147,2931.34267,2940.935743,1868085
11/3/2025,2923.299805,2963.222838,2916.710511,2952.466768,2194877
11/4/2025,2897.524414,2935.412679,2883.764563,2926.013359,2670720
11/6/2025,2917.582764,2930.276849,2897.330614,2897.42761,2542721
11/7/2025,2899.074951,2910.896788,2868.744987,2907.989768,1830520
11/10/2025,2931.439453,2953.435861,2899.268473,2900.23748,1556656
11/11/2025,2952.563965,2960.994277,2924.462765,2950.625951,2806868
11/12/2025,3034.735596,3039.192885,2962.350834,2965.160859,4460315
11/13/2025,3009.44458,3034.832513,3005.859302,3034.735754,1740435
11/14/2025,3009.735352,3016.615395,2981.924902,2994.231242,2210794
11/17/2025,3006.052979,3026.692872,2990.936614,3009.735252,2232853
11/18/2025,2991.421143,3008.766271,2982.603086,3005.85925,2548350
11/19/2025,3050.142822,3057.21662,2987.93263,3001.014222,3151053
11/20/2025,3047.333008,3066.422397,3040.840709,3050.433783,2700767
11/21/2025,3052.952881,3071.751518,3038.030034,3047.332594,4177037
11/24/2025,3043.844238,3080.375749,3033.960416,3060.123601,6703764
11/25/2025,3022.526123,3052.177827,3018.456342,3047.817296,2737920
11/26/2025,3064.871582,3079.50368,3020.394264,3022.138523,2508527
11/27/2025,3039.386963,3081.441765,3028.146389,3081.441765,2836233
11/28/2025,3040.258789,3049.755103,3028.146204,3042.681306,1616690
12/1/2025,3036.285889,3056.247524,3025.43306,3040.646419,1747647
12/2/2025,3038.514648,3046.557452,3023.688797,3033.960364,2512003
12/3/2025,3081.44165,3112.352873,3041.712371,3042.681378,3952112
12/4/2025,3129.116699,3149.272088,3088.612168,3095.007707,5025905
12/5/2025,3137.837891,3170.202861,3122.527535,3129.892082,5244013
12/8/2025,3136.190674,3158.86534,3109.155477,3142.489218,2544725
12/9/2025,3108.864746,3133.477426,3082.604566,3129.892148,2734893
12/10/2025,3090.356689,3125.047183,3079.600855,3125.047183,1386849
12/11/2025,3092.9729,3108.961514,3055.375623,3105.666985,1914362
12/12/2025,3120.686523,3123.109041,3086.965038,3098.59312,1146554
12/15/2025,3130.085938,3137.837992,3098.205706,3111.578048,1562190
12/16/2025,3105.763916,3120.202023,3092.19782,3120.202023,1734623
12/17/2025,3118.070313,3136.578202,3101.306447,3101.306447,1376350
12/18/2025,3179.11792,3185.900968,3121.171259,3127.954308,2307422
12/19/2025,3180.280518,3215.067769,3177.179743,3196.753634,3902511
12/22/2025,3221.85083,3225.436345,3189.001592,3207.412722,2632816
12/23/2025,3207.412598,3217.005671,3191.423985,3217.005671,2365420
12/24/2025,3216.133789,3223.982839,3193.943626,3201.695681,1367708
12/26/2025,3178.342529,3217.102804,3170.39672,3210.416751,1176664
12/29/2025,3150.725586,3186.094334,3142.392033,3178.34228,2079473
12/30/2025,3146.171387,3166.229781,3139.09759,3149.272161,2807593
12/31/2025,3106.82959,3145.396108,3099.368285,3139.582067,3362634
1/1/2026,3127.372559,3133.865094,3099.077606,3115.356968,1255735
1/2/2026,3149.950439,3153.438959,3119.717474,3133.768073,1184324
1/5/2026,3116.422852,3146.365067,3092.100686,3140.066523,2341703
1/6/2026,3154.892578,3162.063134,3105.666982,3110.512017,2912325
1/7/2026,3193.458984,3198.304018,3123.302748,3142.392135,1989442
1/8/2026,3104.60083,3185.028395,3083.379676,3185.028395,4159336
1/9/2026,3108.380127,3129.601282,3092.100765,3092.100765,1938673
1/12/2026,3139.194824,3151.210415,3075.918627,3103.729077,2228342
1/13/2026,3166.714355,3178.342438,3110.996462,3144.427198,5645341
1/14/2026,3093.554443,3158.962407,3084.348878,3158.962407,3539511
1/15/2026,3093.554443,3093.554443,3093.554443,3093.554443,0
1/16/2026,3163.801758,3178.798369,3128.579389,3176.331813,4293470
1/19/2026,3121.278564,3176.923969,3109.932407,3145.352053,3387562
1/20/2026,3060.798584,3117.726646,3049.748462,3109.439114,4499273
1/21/2026,3080.826904,3096.514103,3040.769942,3058.529144,2015150
1/22/2026,3108.254883,3117.726554,3080.53094,3107.86033,2269827
1/23/2026,3120.193115,3151.76503,3109.833581,3147.621264,2068857
1/27/2026,3115.753418,3132.525998,3088.127992,3132.525998,4279874
1/28/2026,3157.290283,3162.321913,3128.184924,3133.512588,2751234
1/29/2026,3102.335205,3157.290262,3083.786898,3157.290262,2457641
1/30/2026,3082.109375,3098.980713,3050.636219,3098.980713,3022068
2/2/2026,3127.198242,3155.21822,3092.074391,3155.21822,2636272
2/3/2026,3182.153076,3305.184834,3143.674805,3305.184834,4366060
2/4/2026,2958.979248,3078.261796,2946.054399,3078.261796,10852595
2/5/2026,2951.480713,2989.169638,2932.537612,2950.000779,3521545
2/6/2026,2902.248291,2945.067603,2876.990663,2936.780072,4687389
2/9/2026,2908.76001,2937.174782,2898.203199,2919.514338,2380318
2/10/2026,2944.673096,2971.311899,2904.122822,2910.338591,3547763
2/11/2026,2870.873779,2957.893823,2865.348598,2940.134621,3363513
2/12/2026,2713.310059,2841.472198,2703.345077,2831.408699,10612156
2/13/2026,2656.18457,2676.706363,2550.418705,2550.418705,11168735
2/16/2026,2670.39209,2683.415456,2635.268239,2663.880286,2918730
2/17/2026,2681.047363,2723.07757,2659.144396,2679.666188,4209118
2/18/2026,2658.848389,2693.478928,2621.751534,2693.478928,2950820
2/19/2026,2642.075928,2711.928839,2630.927288,2671.773357,3238849
2/20/2026,2650.264893,2666.445644,2612.082656,2631.321792,2293482
2/23/2026,2640.497314,2667.826704,2624.612599,2650.067503,4699596
2/24/2026,2539.269775,2612.08255,2527.035755,2605.669505,7798833
2/25/2026,2594.126221,2618.693021,2560.285026,2561.271648,3621285
2/26/2026,2612.279785,2635.268133,2599.74973,2614.549065,3464267
2/27/2026,2602.117676,2652.632933,2590.969036,2645.726576,5083717
3/2/2026,2578.537354,2588.699611,2545.781542,2557.324974,3374385
3/4/2026,2553.181396,2599.749924,2545.880246,2589.8837,3446434
3/5/2026,2544.301758,2574.591016,2512.335049,2565.218103,2960636
3/6/2026,2523.385498,2584.161292,2519.439009,2537.592764,3998643
3/9/2026,2493.589111,2525.753095,2471.488868,2496.154426,3653428
3/10/2026,2479.480713,2511.151146,2456.788399,2507.00738,4323710
3/11/2026,2431.925293,2487.274902,2427.189698,2474.54757,2720664
3/12/2026,2409.726318,2439.8183,2403.412032,2426.893692,2752075
3/13/2026,2378.253174,2413.179509,2364.933772,2404.398666,2466488
3/16/2026,2376.970459,2392.55914,2334.447181,2377.759805,3807907
3/17/2026,2359.70459,2387.62605,2328.42871,2387.62605,2993367
3/18/2026,2408.147949,2449.684607,2377.759932,2377.759932,3082388
3/19/2026,2324.482178,2391.572495,2318.75972,2384.666139,2757060
3/20/2026,2358.619385,2375.58924,2332.572411,2354.080826,4206320
3/23/2026,2351.9104,2374.602714,2316.589272,2333.361852,3860515
3/24/2026,2366.709717,2402.81995,2347.273305,2371.938863,3420182
3/25/2026,2345.595947,2389.204849,2338.097762,2368.781573,5843778
3/27/2026,2357.830078,2389.698027,2353.094243,2371.741308,4979411
3/30/2026,2327.343262,2365.92029,2314.813207,2343.326736,6804756
4/1/2026,2375.983887,2438.930441,2365.821628,2396.50568,4132661
4/2/2026,2417.915283,2436.858384,2343.918609,2354.080867,5378361
4/6/2026,2440.804932,2448.796669,2415.448785,2440.90369,2572417
4/7/2026,2505.823486,2509.868493,2415.251507,2428.077597,4516550
4/8/2026,2524.963867,2545.781695,2506.119525,2537.592681,4769337
4/9/2026,2554.365234,2570.151192,2497.239897,2519.833453,5628261
4/10/2026,2490.530762,2531.475588,2467.641172,2531.475588,10480239
4/13/2026,2439.522461,2471.390169,2436.957147,2456.590834,3739587
4/15/2026,2520.721191,2524.766439,2460.043921,2468.43021,5261384
4/16/2026,2542.427002,2559.29834,2523.779936,2537.592649,3905403
4/17/2026,2546.965576,2554.365244,2521.707948,2535.619419,2718206
4/20/2026,2545.091064,2559.29833,2526.937069,2552.490732,2288558
4/21/2026,2575.577637,2579.030815,2525.753208,2525.753208,2719959
4/22/2026,2504.540771,2545.485598,2470.107749,2545.485598,5232045
4/23/2026,2488.064209,2525.259822,2482.637786,2495.167841,2509050
4/24/2026,2364.834961,2471.488931,2356.843465,2454.716351,5107719
4/27/2026,2414.856934,2426.104332,2364.834988,2364.834988,5853425
4/28/2026,2411.995605,2453.729779,2394.926991,2411.305018,4508363
4/29/2026,2441.594238,2454.617605,2414.856918,2418.211337,2835961
4/30/2026,2440.804932,2457.67627,2405.385286,2445.836802,3970446
5/1/2026,2440.804932,2440.804932,2440.804932,2440.804932,0
5/4/2026,2398.774902,2464.878598,2392.559134,2460.636074,2632358
5/5/2026,2394.828369,2427.485423,2379.930276,2397.492201,3385720
5/6/2026,2402.819824,2437.943674,2374.306536,2409.232869,3147628
5/7/2026,2369.274658,2407.06234,2365.920239,2405.582406,5829594
5/8/2026,2362.368408,2374.799946,2343.32679,2365.920345,3792199
5/11/2026,2360.888428,2382.692877,2339.281496,2339.281496,1975188
5/12/2026,2269.527344,2343.227982,2252.45873,2343.227982,6347884
5/13/2026,2242.395264,2278.30822,2238.646051,2275.151077,3171843
5/14/2026,2215.953857,2234.699683,2176.883515,2234.699683,5633313
5/15/2026,2233.712891,2274.065646,2221.873423,2221.873423,3410637
5/18/2026,2252.656006,2262.226194,2222.070714,2233.712906,3773336
5/19/2026,2295.968994,2345.793423,2266.370323,2269.231432,10394707
5/20/2026,2296.264648,2310.66943,2286.793219,2292.81147,2537422
5/21/2026,2296.067383,2304.650949,2283.044017,2299.816596,3299087
5/22/2026,2286.300049,2308.696328,2277.223171,2299.915486,2617262
5/25/2026,2308.199951,2326.100098,2293,2325,3298364
5/26/2026,2276.199951,2327.899902,2272.399902,2308.199951,3587597
5/27/2026,2284.199951,2295.600098,2260.899902,2275,2653950
5/28/2026,2284.199951,2284.199951,2284.199951,2284.199951,0
5/29/2026,2258.899902,2334,2235,2291,16331582
6/1/2026,2297.399902,2335,2280,2284,7505095
6/2/2026,2446.899902,2457.399902,2316.199951,2320,11306127
6/3/2026,2241.699951,2393,2224.800049,2393,15660062
6/4/2026,2241,2253.100098,2216.600098,2241.699951,4867263
6/5/2026,2198.899902,2271.800049,2192,2262.899902,5019717
6/8/2026,2151.399902,2177,2143.300049,2170,6536734
6/9/2026,2151,2174,2132.800049,2174,4148655
6/10/2026,2153.899902,2180.800049,2144.800049,2151.300049,2848650
6/11/2026,2135.600098,2154.600098,2110,2127,3079815
6/12/2026,2161.399902,2168,2138,2150,2124656
6/15/2026,2162,2192,2159.300049,2192,3337083
6/16/2026,2199,2209,2160.600098,2167,3079898
6/17/2026,2223,2231,2200.699951,2209,2865010
6/18/2026,2203.300049,2214,2182,2209,3735188
6/19/2026,2125,2138,2059.899902,2105,13286502
6/22/2026,2127.800049,2157,2121,2132.199951,4566101
6/23/2026,2059.600098,2114,2055,2111,6392736
6/24/2026,2109,2120.699951,2061,2061,4747277
6/25/2026,2094.699951,2148.5,2088,2133.600098,4738903
