Price,Close,High,Low,Open,Volume
Ticker,TCS.NS,TCS.NS,TCS.NS,TCS.NS,TCS.NS
Date,,,,,
2002-08-12,25.48287010192871,25.675435377540197,24.85702989544097,24.85702989544097,212976
2002-08-13,25.137853622436523,25.924165257885793,24.953312419992415,25.514962538770376,153576
2002-08-14,23.404769897460938,25.1940261921785,22.93137700057437,25.1940261921785,822776
2002-08-15,23.404769897460938,23.404769897460938,23.404769897460938,23.404769897460938,0
2002-08-16,23.348608016967773,24.391672979925094,22.947429185061107,23.284420383303214,811856
2002-08-19,22.770898818969727,23.541162303984795,22.554263820703067,23.541162303984795,205880
2002-08-20,23.404769897460938,24.85703505347973,22.778929561106192,22.93137700057437,3773624
2002-08-21,24.552143096923828,25.161935375979418,23.444890564150068,24.696566488641754,3011064
2002-08-22,25.611265182495117,26.686424280246296,25.234155989538166,25.362533743434277,6732480
2002-08-23,27.151782989501953,28.002282607117465,25.52299790325626,25.835916903988036,4841672
2002-08-26,27.05550765991211,27.761581587909536,26.838870061143755,27.58506188160926,2576912
2002-08-27,26.381515502929688,28.403457526639304,26.15685636634015,27.280156946489726,3694224
2002-08-28,26.405588150024414,26.70245898211914,25.8599835326108,26.30128019663898,1674960
2002-08-29,26.405588150024414,26.878978627170806,26.156856813306515,26.24511663583235,1236544
2002-08-30,28.27509117126465,28.965119437047665,26.47781001170562,26.485834080217433,3762384
2002-09-02,28.563932418823242,29.510713468995426,28.275083174305905,28.72440394926607,2389568
2002-09-03,27.2240047454834,28.84476881258555,26.959227596741986,28.724415117957236,986784
2002-09-04,27.81773567199707,28.082512669151615,26.566057474737587,26.87897641190226,1449856
2002-09-05,27.649250030517578,28.796620694818646,27.28016495609711,28.668242958246093,1061360
2002-09-06,26.622220993041992,27.76156962772416,26.325350185836623,27.76156962772416,907472
2002-09-09,26.27720069885254,27.400500881398905,25.354489834618022,25.354489834618022,880848
2002-09-10,26.27720069885254,26.27720069885254,26.27720069885254,26.27720069885254,0
2002-09-11,26.943178176879883,27.408547243142554,26.421645524955867,26.421645524955867,635936
2002-09-12,27.07957649230957,27.74553250512419,26.895035172691568,27.272141879867867,781968
2002-09-13,26.309307098388672,27.103640689553686,26.08464793374041,26.132789882908252,338264
2002-09-16,25.79580307006836,26.702466397600546,25.59521362162304,26.558042974160582,288592
2002-09-17,26.550018310546875,26.71851393317914,26.172911625095406,26.26116902154894,462952
2002-09-18,25.731618881225586,26.477810750199502,25.51498126837407,26.397574960047383,315432
2002-09-19,25.514970779418945,26.365470295119774,25.194027750747008,25.514970779418945,490848
2002-09-20,25.09774398803711,25.466828962573153,24.495975806272142,24.600283760272003,501072
2002-09-23,24.67250633239746,25.33846243444898,24.56820078100214,25.274274779529105,248504
2002-09-24,23.83803939819336,24.5842308181096,23.573259980874305,24.5842308181096,267912
2002-09-25,24.02259063720703,24.23120414272564,23.1079032884271,23.2844229735432,379544
2002-09-26,24.399690628051758,24.78482122593473,24.231195073252724,24.520044245965266,178136
2002-09-27,24.696569442749023,25.03356066186859,24.319462786554805,24.319462786554805,206288
2002-09-30,23.79793357849121,24.69657287330262,23.284425060227296,24.31946616472523,202232
2002-10-01,23.59734535217285,24.231207577220832,23.188142350386823,23.910264430502675,240192
2002-10-02,23.59734535217285,23.59734535217285,23.59734535217285,23.59734535217285,0
2002-10-03,24.231199264526367,25.514971410991343,23.910256227910125,23.910256227910125,673264
2002-10-04,24.078754425048828,24.624356667068596,23.83002305495696,24.552144965713232,258296
2002-10-07,23.974445343017578,24.391672295941262,23.765834315156937,24.23922483381187,110976
2002-10-08,24.624361038208008,24.857044316591253,23.91026306719665,24.046664876215313,227352
2002-10-09,23.998517990112305,25.105770576386984,23.789904509750063,24.712615814512713,277040
2002-10-10,24.02259063720703,24.71261879456787,23.517106232213305,24.71261879456787,173224
2002-10-11,24.5280704498291,24.993436833582273,24.463880378848803,24.696563570725388,192536
2002-10-14,24.35155487060547,25.03355887851369,24.118871639980558,24.985416929411688,152744
2002-10-15,24.35155487060547,24.35155487060547,24.35155487060547,24.35155487060547,0
2002-10-16,24.399690628051758,27.45667301277496,24.24724320174811,27.45667301277496,247760
2002-10-17,24.399690628051758,24.55213805435541,24.086771711196768,24.55213805435541,144512
2002-10-18,24.91320037841797,25.627298063795788,24.576209248931427,24.873082503412466,512312
2002-10-21,25.2983341217041,26.14883366652147,25.19402861325526,25.498923521491168,646296
2002-10-22,24.38364601135254,25.51497067239595,24.23119856309301,25.51497067239595,229384
2002-10-23,24.27131462097168,24.840988941465056,24.0867733735418,24.55213974881763,153320
2002-10-24,23.846067428588867,24.616328719747912,23.68559591816391,24.536092964535435,168744
2002-10-25,23.35663604736328,23.80595690507675,23.284424335084722,23.428847759641844,172296
2002-10-28,23.01162338256836,23.42885046620178,22.819057978045997,23.18814309839834,134504
2002-10-29,23.212209701538086,23.39675346093844,22.81905487727018,22.94743261237442,143024
2002-10-30,23.60537338256836,24.030622143904377,23.268382042511753,23.428853642804935,164320
2002-10-31,23.974445343017578,24.07072923941572,23.62140847055972,23.74978618289018,118928
2002-11-01,23.72572135925293,24.487961276764654,23.597343620267456,24.086782372811115,108792
2002-11-04,23.90223503112793,24.070730635295266,23.71769374236454,24.070730635295266,56560
2002-11-05,23.645477294921875,23.95839624066278,23.493027405944776,23.677571106274637,70288
2002-11-06,23.645477294921875,23.645477294921875,23.645477294921875,23.645477294921875,0
2002-11-07,24.375621795654297,25.35449900240263,24.070726901015156,24.070726901015156,204880
2002-11-08,23.95036506652832,24.223166054953005,23.76582386957636,23.910247202095274,77664
2002-11-11,23.589324951171875,24.07073974609375,23.54118298195923,24.07073974609375,66568
2002-11-12,23.709667205810547,24.070728127726444,23.428842044320405,23.428842044320405,106864
2002-11-13,23.509075164794922,23.894205792149872,23.38069747280967,23.830018170457652,106264
2002-11-14,23.830028533935547,24.327491388495492,23.517109457048686,23.87817049544165,211856
2002-11-15,24.34352684020996,24.495974280373993,24.070725771189977,24.359574970164427,154144
2002-11-18,24.592256546020508,24.86505759710451,24.287361685738503,24.552138672372838,217672
2002-11-19,24.592256546020508,24.592256546020504,24.592256546020504,24.592256546020504,0
2002-11-20,25.40264892578125,25.59521431176067,24.55214915172027,24.55214915172027,406128
2002-11-21,27.601106643676758,28.708359360988293,25.87603747844696,25.87603747844696,2664024
2002-11-22,27.175861358642578,28.997212208961496,26.5660689029289,26.5660689029289,1184016
2002-11-25,27.127708435058594,27.729476579365123,26.798741359784184,27.44062738037782,428920
2002-11-26,26.96724510192871,27.889956536145895,26.81479761556097,27.3603999189618,367496
2002-11-27,26.397560119628906,27.440624805206948,26.245112693764547,27.440624805206948,301128
2002-11-28,27.472721099853516,28.06646517719773,26.64629383054207,26.654317895492838,447680
2002-11-29,27.472721099853516,27.472721099853512,27.472721099853512,27.472721099853512,0
2002-12-02,30.417377471923828,31.452418298664767,28.547882772255793,28.804638186787376,1388680
2002-12-03,32.15849685668945,33.65088272503255,30.02422725259394,31.131479941163814,4082608
2002-12-04,31.08333396911621,32.85654481387074,30.65808540639913,31.596842360491888,2594928
2002-12-05,31.86965560913086,32.80841284885032,30.890778027267594,30.890778027267594,1720264
2002-12-06,32.7041015625,33.16946806643066,31.86162594605204,32.41525228999755,1139968
2002-12-09,31.131473541259766,33.201555080800055,30.82657864581153,32.575717159153264,975768
2002-12-10,31.8455810546875,32.41525559067969,30.345173416062124,30.56983262388357,837808
2002-12-11,33.34599304199219,34.65383537006355,32.5757290091972,32.73620058067108,3286400
2002-12-12,33.61878967285156,34.661854746233594,33.378082348224936,33.378082348224936,2568024
2002-12-13,33.75520706176758,34.45325715646679,33.55461753192252,34.019984261721994,1112288
2002-12-16,32.30292510986328,34.453243007272675,32.110359730014956,34.180441848437404,1231456
2002-12-17,31.709156036376953,32.91269177993478,31.388213171428195,32.91269177993478,855656
2002-12-18,31.41229820251465,32.55966852395795,31.195660683746592,32.0622083102179,618096
2002-12-19,34.068115234375,34.9025669192764,31.693135478423404,32.04617244719686,3770256
2002-12-20,34.34892654418945,35.27163770893226,33.69901645147652,34.50137398603548,2952072
2002-12-23,33.12934875488281,34.50940497047539,32.89666551292629,34.501380903800744,1277744
2002-12-24,34.49335861206055,34.66185422649296,33.097256639880435,33.21761030038909,1729840
2002-12-25,34.49335861206055,34.49335861206055,34.49335861206055,34.49335861206055,0
2002-12-26,35.47222900390625,35.91352567169187,34.18043281394087,34.75813124939154,2894448
2002-12-27,34.66987609863281,35.86538856094401,34.52545024600512,35.720965156917664,956984
2002-12-30,36.683773040771484,37.0528554027186,33.86749871169731,34.661831868974666,4253744
2002-12-31,38.585384368896484,39.21122489378047,35.945627815887555,36.92450526710012,9998480
2003-01-01,39.21122741699219,39.7808995070296,38.50515107029799,38.50515107029799,6027072
2003-01-02,37.421974182128906,40.39069858791455,37.17324272868049,39.49205915586504,5325328
2003-01-03,37.87931442260742,39.187156732948644,37.55034721582534,38.513176631615735,4198040
2003-01-06,36.7559928894043,38.63350871086651,36.50726160632245,38.46501316757877,4121520
2003-01-07,36.33076477050781,37.550349759222506,35.98575185258823,37.229406598887266,2650800
2003-01-08,37.630592346191406,37.967583704852004,36.539384914235946,36.8121861600742,2648456
2003-01-09,37.999671936035156,38.60946445065421,37.51825717953624,37.87129417791503,2630400
2003-01-10,35.672821044921875,38.51316659131081,35.47223163559213,38.51316659131081,1702816
2003-01-13,36.03388214111328,36.42703689541848,34.822321613681986,36.09004570681334,2421496
2003-01-14,36.51530075073242,37.63057750475651,36.26656936492525,36.410992776760914,2239360
2003-01-15,37.24546432495117,37.630595237062145,36.60357783903114,36.81218898807305,2759760
2003-01-16,37.77499771118164,38.64154545446882,36.92450054916079,37.52626879508191,2842656
2003-01-17,36.92449188232422,37.87127272090661,36.764020387744104,37.30962248987622,1284144
2003-01-20,35.74503707885742,36.89240765997275,35.480260005862036,36.74798424717553,928872
2003-01-21,34.81429672241211,36.30668238877595,34.66184926398057,35.79317400051128,1147240
2003-01-22,34.96673583984375,35.78514139834937,34.70998293125808,35.11116164648622,1081352
2003-01-23,33.6829719543457,34.96674414810602,33.233653645410506,34.50137770730836,1001872
2003-01-24,32.47942352294922,34.324845369675884,32.02208131705101,33.779243368344616,1436848
2003-01-27,30.216793060302734,32.07826155300458,29.703284595026414,30.810537299797275,916832
2003-01-28,32.32699203491211,32.57572341772339,29.687235626989295,30.898796273378604,2043224
2003-01-29,31.41229820251465,32.89665967568584,31.163566871344155,32.43129327434822,1370440
2003-01-30,31.89371109008789,32.800374098868936,31.307991085986973,31.307991085986973,1203464
2003-01-31,31.12345314025879,32.16651809821117,30.92286372526795,31.29194873857135,1083040
2003-02-03,33.49842071533203,33.682961933844595,31.21170217548302,31.33205578284349,1566808
2003-02-04,32.447349548339844,34.324866345688264,32.102336667336274,33.538556666442034,1311144
2003-02-05,31.8455810546875,32.41525559067969,31.348120680625232,31.9338409036894,845080
2003-02-06,32.48746871948242,32.67201249336362,31.53266337173795,31.89372440271205,946624
2003-02-07,32.17454147338867,33.321911923049086,31.81348053416112,32.18256553953619,1023440
2003-02-10,31.107402801513672,32.238724973897426,31.00309485216563,31.773358580193534,449688
2003-02-11,30.826589584350586,31.925818369971534,30.650069877864556,31.131484587988083,701960
2003-02-12,30.417377471923828,31.291946776732804,30.1846942548427,31.14752338643448,459064
2003-02-13,30.417377471923828,30.417377471923825,30.417377471923825,30.417377471923825,0
2003-02-14,28.876850128173828,30.71424858024236,28.604049028283494,29.29407706819513,790336
2003-02-17,30.71425437927246,30.810538290872074,29.390364062086554,29.687237415684027,795272
2003-02-18,30.529714584350586,31.452426063246858,30.37726709060111,31.19567058533069,819688
2003-02-19,30.545766830444336,31.107417371439933,30.433434763363586,30.971015546328758,455960
2003-02-20,30.449480056762695,30.642045448824234,29.414438931905355,29.783524028374355,542944
2003-02-21,29.919912338256836,30.778435890127753,29.799558706607694,30.489586684449627,494544
2003-02-24,30.10447120666504,30.642049562989904,29.84771568370841,30.642049562989904,326488
2003-02-25,29.39838409423828,30.168647935503294,29.133607046585265,29.133607046585265,264440
2003-02-26,28.8848819732666,30.13656068182851,28.66022275958191,29.703287941949867,422312
2003-02-27,29.326168060302734,29.815606648977347,28.692306093999953,28.724399905850557,280480
2003-02-28,30.84262466430664,31.1314738807555,29.5588525455126,30.417376129396512,694688
2003-03-03,30.505624771118164,31.444381319745148,29.703267490958297,29.703267490958297,500896
2003-03-04,29.743398666381836,30.16864723574305,29.526761124344265,30.16864723574305,255760
2003-03-05,29.863759994506836,30.168654996412833,28.844764551091526,29.414439111222876,471552
2003-03-06,29.053369522094727,30.104458479984253,28.884873934423698,30.104458479984253,265080
2003-03-07,28.24299430847168,29.510718641740823,28.122640639543533,29.510718641740823,518664
2003-03-10,26.333383560180664,28.403465672096168,25.916156531319384,28.1386885817122,346400
2003-03-11,26.96724510192871,27.889956536145895,25.402647452603915,25.67544860430433,497168
2003-03-12,26.566059112548828,27.713429435755536,26.44570547940403,27.713429435755536,481872
2003-03-13,26.91107749938965,27.424585951620177,26.31733327497931,27.095621244564093,390112
2003-03-14,26.91107749938965,26.91107749938965,26.91107749938965,26.91107749938965,0
2003-03-17,26.830842971801758,27.601106910178206,25.85196797496219,26.172911078568912,373856
2003-03-18,26.830842971801758,26.83084297180176,26.83084297180176,26.83084297180176,0
2003-03-19,26.774669647216797,27.761568351964875,26.517914278394198,27.52086111191894,374256
2003-03-20,27.424571990966797,27.601091579344548,26.317319877979685,26.878969997326813,537616
2003-03-21,27.424571990966797,27.424571990966797,27.424571990966797,27.424571990966797,0
2003-03-24,26.694448471069336,28.08252666687703,26.477810857341197,27.841819295446655,328920
2003-03-25,26.309307098388672,27.26411222104566,25.755680804461615,27.26411222104566,351496
2003-03-26,26.188953399658203,27.119688770250974,25.755680755179178,27.119688770250974,260264
2003-03-27,25.940217971801758,26.317326990434303,25.675440966277367,25.980335848311565,241056
2003-03-28,25.78776741027832,26.638266779089857,25.67543785936372,26.638266779089857,218000
2003-03-31,24.64040184020996,25.490901367101092,20.84524900706965,20.84524900706965,230712
2003-04-02,24.64040184020996,24.64040184020996,24.64040184020996,24.64040184020996,0
2003-04-03,24.64040184020996,24.64040184020996,24.64040184020996,24.64040184020996,0
2003-04-04,24.64040184020996,24.64040184020996,24.64040184020996,24.64040184020996,0
2003-04-07,24.64040184020996,24.64040184020996,24.64040184020996,24.64040184020996,0
2003-04-08,24.64040184020996,24.64040184020996,24.64040184020996,24.64040184020996,0
2003-04-09,24.64040184020996,24.64040184020996,24.64040184020996,24.64040184020996,0
2003-04-10,24.64040184020996,24.64040184020996,24.64040184020996,24.64040184020996,0
2003-04-11,24.64040184020996,24.64040184020996,24.64040184020996,24.64040184020996,0
2003-04-14,24.64040184020996,24.64040184020996,24.64040184020996,24.64040184020996,0
2003-04-15,24.64040184020996,24.64040184020996,24.64040184020996,24.64040184020996,0
2003-04-16,24.64040184020996,24.64040184020996,24.64040184020996,24.64040184020996,0
2003-04-17,24.64040184020996,24.64040184020996,24.64040184020996,24.64040184020996,0
2003-04-18,24.64040184020996,24.64040184020996,24.64040184020996,24.64040184020996,0
2003-04-21,24.64040184020996,24.64040184020996,24.64040184020996,24.64040184020996,0
2003-04-22,24.64040184020996,24.64040184020996,24.64040184020996,24.64040184020996,0
2003-04-23,24.64040184020996,24.64040184020996,24.64040184020996,24.64040184020996,0
2003-04-24,24.64040184020996,24.64040184020996,24.64040184020996,24.64040184020996,0
2003-04-25,24.64040184020996,24.64040184020996,24.64040184020996,24.64040184020996,0
2003-04-28,24.64040184020996,24.64040184020996,24.64040184020996,24.64040184020996,0
2003-04-29,24.64040184020996,24.64040184020996,24.64040184020996,24.64040184020996,0
2003-04-30,24.64040184020996,24.64040184020996,24.64040184020996,24.64040184020996,0
2003-05-01,24.64040184020996,24.64040184020996,24.64040184020996,24.64040184020996,0
2003-05-02,24.64040184020996,24.64040184020996,24.64040184020996,24.64040184020996,0
2003-05-05,24.64040184020996,24.64040184020996,24.64040184020996,24.64040184020996,0
2003-05-06,24.64040184020996,24.64040184020996,24.64040184020996,24.64040184020996,0
2003-05-07,24.64040184020996,24.64040184020996,24.64040184020996,24.64040184020996,0
2003-05-08,24.64040184020996,24.64040184020996,24.64040184020996,24.64040184020996,0
2003-05-09,24.64040184020996,24.64040184020996,24.64040184020996,24.64040184020996,0
2003-05-12,24.64040184020996,24.64040184020996,24.64040184020996,24.64040184020996,0
2003-05-13,24.64040184020996,24.64040184020996,24.64040184020996,24.64040184020996,0
2003-05-14,24.64040184020996,24.64040184020996,24.64040184020996,24.64040184020996,0
2003-05-15,24.64040184020996,24.64040184020996,24.64040184020996,24.64040184020996,0
2003-05-16,24.64040184020996,24.64040184020996,24.64040184020996,24.64040184020996,0
2003-05-19,24.64040184020996,24.64040184020996,24.64040184020996,24.64040184020996,0
2003-05-20,24.64040184020996,24.64040184020996,24.64040184020996,24.64040184020996,0
2003-05-21,24.64040184020996,24.64040184020996,24.64040184020996,24.64040184020996,0
2003-05-22,24.64040184020996,24.64040184020996,24.64040184020996,24.64040184020996,0
2003-05-23,24.64040184020996,24.64040184020996,24.64040184020996,24.64040184020996,0
2003-05-26,24.64040184020996,24.64040184020996,24.64040184020996,24.64040184020996,0
2003-05-27,24.64040184020996,24.64040184020996,24.64040184020996,24.64040184020996,0
2003-05-28,24.64040184020996,24.64040184020996,24.64040184020996,24.64040184020996,0
2003-05-29,24.64040184020996,24.64040184020996,24.64040184020996,24.64040184020996,0
2003-05-30,24.64040184020996,24.64040184020996,24.64040184020996,24.64040184020996,0
2003-06-02,24.64040184020996,24.64040184020996,24.64040184020996,24.64040184020996,0
2003-06-03,24.64040184020996,24.64040184020996,24.64040184020996,24.64040184020996,0
2003-06-04,24.64040184020996,24.64040184020996,24.64040184020996,24.64040184020996,0
2003-06-05,24.64040184020996,24.64040184020996,24.64040184020996,24.64040184020996,0
2003-06-06,24.64040184020996,24.64040184020996,24.64040184020996,24.64040184020996,0
2003-06-09,24.64040184020996,24.64040184020996,24.64040184020996,24.64040184020996,0
2003-06-10,24.64040184020996,24.64040184020996,24.64040184020996,24.64040184020996,0
2003-06-11,24.64040184020996,24.64040184020996,24.64040184020996,24.64040184020996,0
2003-06-12,24.64040184020996,24.64040184020996,24.64040184020996,24.64040184020996,0
2003-06-13,24.64040184020996,24.64040184020996,24.64040184020996,24.64040184020996,0
2003-06-16,24.64040184020996,24.64040184020996,24.64040184020996,24.64040184020996,0
2003-06-17,24.64040184020996,24.64040184020996,24.64040184020996,24.64040184020996,0
2003-06-18,24.64040184020996,24.64040184020996,24.64040184020996,24.64040184020996,0
2003-06-19,24.64040184020996,24.64040184020996,24.64040184020996,24.64040184020996,0
2003-06-20,24.64040184020996,24.64040184020996,24.64040184020996,24.64040184020996,0
2003-06-23,24.64040184020996,24.64040184020996,24.64040184020996,24.64040184020996,0
2003-06-24,24.64040184020996,24.64040184020996,24.64040184020996,24.64040184020996,0
2003-06-25,24.64040184020996,24.64040184020996,24.64040184020996,24.64040184020996,0
2003-06-26,24.64040184020996,24.64040184020996,24.64040184020996,24.64040184020996,0
2003-06-27,24.64040184020996,24.64040184020996,24.64040184020996,24.64040184020996,0
2003-06-30,24.64040184020996,24.64040184020996,24.64040184020996,24.64040184020996,0
2003-07-01,24.64040184020996,24.64040184020996,24.64040184020996,24.64040184020996,0
2003-07-02,24.64040184020996,24.64040184020996,24.64040184020996,24.64040184020996,0
2003-07-03,24.64040184020996,24.64040184020996,24.64040184020996,24.64040184020996,0
2003-07-04,24.64040184020996,24.64040184020996,24.64040184020996,24.64040184020996,0
2003-07-07,24.64040184020996,24.64040184020996,24.64040184020996,24.64040184020996,0
2003-07-08,24.64040184020996,24.64040184020996,24.64040184020996,24.64040184020996,0
2003-07-09,24.64040184020996,24.64040184020996,24.64040184020996,24.64040184020996,0
2003-07-10,24.64040184020996,24.64040184020996,24.64040184020996,24.64040184020996,0
2003-07-11,24.64040184020996,24.64040184020996,24.64040184020996,24.64040184020996,0
2003-07-14,24.64040184020996,24.64040184020996,24.64040184020996,24.64040184020996,0
2003-07-15,24.64040184020996,24.64040184020996,24.64040184020996,24.64040184020996,0
2003-07-16,24.64040184020996,24.64040184020996,24.64040184020996,24.64040184020996,0
2003-07-17,24.64040184020996,24.64040184020996,24.64040184020996,24.64040184020996,0
2003-07-18,24.64040184020996,24.64040184020996,24.64040184020996,24.64040184020996,0
2003-07-21,24.64040184020996,24.64040184020996,24.64040184020996,24.64040184020996,0
2003-07-22,24.64040184020996,24.64040184020996,24.64040184020996,24.64040184020996,0
2003-07-23,24.64040184020996,24.64040184020996,24.64040184020996,24.64040184020996,0
2003-07-24,24.64040184020996,24.64040184020996,24.64040184020996,24.64040184020996,0
2003-07-25,24.64040184020996,24.64040184020996,24.64040184020996,24.64040184020996,0
2003-07-28,24.64040184020996,24.64040184020996,24.64040184020996,24.64040184020996,0
2003-07-29,24.64040184020996,24.64040184020996,24.64040184020996,24.64040184020996,0
2003-07-30,24.64040184020996,24.64040184020996,24.64040184020996,24.64040184020996,0
2003-07-31,24.64040184020996,24.64040184020996,24.64040184020996,24.64040184020996,0
2003-08-01,24.64040184020996,24.64040184020996,24.64040184020996,24.64040184020996,0
2003-08-04,24.64040184020996,24.64040184020996,24.64040184020996,24.64040184020996,0
2003-08-05,24.64040184020996,24.64040184020996,24.64040184020996,24.64040184020996,0
2003-08-06,24.64040184020996,24.64040184020996,24.64040184020996,24.64040184020996,0
2003-08-07,24.64040184020996,24.64040184020996,24.64040184020996,24.64040184020996,0
2003-08-08,24.64040184020996,24.64040184020996,24.64040184020996,24.64040184020996,0
2003-08-11,24.64040184020996,24.64040184020996,24.64040184020996,24.64040184020996,0
2003-08-12,24.64040184020996,24.64040184020996,24.64040184020996,24.64040184020996,0
2003-08-13,24.64040184020996,24.64040184020996,24.64040184020996,24.64040184020996,0
2003-08-14,24.64040184020996,24.64040184020996,24.64040184020996,24.64040184020996,0
2003-08-15,24.64040184020996,24.64040184020996,24.64040184020996,24.64040184020996,0
2003-08-18,24.64040184020996,24.64040184020996,24.64040184020996,24.64040184020996,0
2003-08-19,24.64040184020996,24.64040184020996,24.64040184020996,24.64040184020996,0
2003-08-20,24.64040184020996,24.64040184020996,24.64040184020996,24.64040184020996,0
2003-08-21,24.64040184020996,24.64040184020996,24.64040184020996,24.64040184020996,0
2003-08-22,24.64040184020996,24.64040184020996,24.64040184020996,24.64040184020996,0
2003-08-25,24.64040184020996,24.64040184020996,24.64040184020996,24.64040184020996,0
2003-08-26,24.64040184020996,24.64040184020996,24.64040184020996,24.64040184020996,0
2003-08-27,24.64040184020996,24.64040184020996,24.64040184020996,24.64040184020996,0
2003-08-28,24.64040184020996,24.64040184020996,24.64040184020996,24.64040184020996,0
2003-08-29,24.64040184020996,24.64040184020996,24.64040184020996,24.64040184020996,0
2003-09-01,24.64040184020996,24.64040184020996,24.64040184020996,24.64040184020996,0
2003-09-02,24.64040184020996,24.64040184020996,24.64040184020996,24.64040184020996,0
2003-09-03,24.64040184020996,24.64040184020996,24.64040184020996,24.64040184020996,0
2003-09-04,24.64040184020996,24.64040184020996,24.64040184020996,24.64040184020996,0
2003-09-05,24.64040184020996,24.64040184020996,24.64040184020996,24.64040184020996,0
2003-09-08,24.64040184020996,24.64040184020996,24.64040184020996,24.64040184020996,0
2003-09-09,24.64040184020996,24.64040184020996,24.64040184020996,24.64040184020996,0
2003-09-10,24.64040184020996,24.64040184020996,24.64040184020996,24.64040184020996,0
2003-09-11,24.64040184020996,24.64040184020996,24.64040184020996,24.64040184020996,0
2003-09-12,24.64040184020996,24.64040184020996,24.64040184020996,24.64040184020996,0
2003-09-15,24.64040184020996,24.64040184020996,24.64040184020996,24.64040184020996,0
2003-09-16,24.64040184020996,24.64040184020996,24.64040184020996,24.64040184020996,0
2003-09-17,24.64040184020996,24.64040184020996,24.64040184020996,24.64040184020996,0
2003-09-18,24.64040184020996,24.64040184020996,24.64040184020996,24.64040184020996,0
2003-09-19,24.64040184020996,24.64040184020996,24.64040184020996,24.64040184020996,0
2003-09-22,24.64040184020996,24.64040184020996,24.64040184020996,24.64040184020996,0
2003-09-23,24.64040184020996,24.64040184020996,24.64040184020996,24.64040184020996,0
2003-09-24,24.64040184020996,24.64040184020996,24.64040184020996,24.64040184020996,0
2003-09-25,24.64040184020996,24.64040184020996,24.64040184020996,24.64040184020996,0
2003-09-26,24.64040184020996,24.64040184020996,24.64040184020996,24.64040184020996,0
2003-09-29,24.64040184020996,24.64040184020996,24.64040184020996,24.64040184020996,0
2003-09-30,24.64040184020996,24.64040184020996,24.64040184020996,24.64040184020996,0
2003-10-01,24.64040184020996,24.64040184020996,24.64040184020996,24.64040184020996,0
2003-10-02,24.64040184020996,24.64040184020996,24.64040184020996,24.64040184020996,0
2003-10-03,24.64040184020996,24.64040184020996,24.64040184020996,24.64040184020996,0
2003-10-06,24.64040184020996,24.64040184020996,24.64040184020996,24.64040184020996,0
2003-10-07,24.64040184020996,24.64040184020996,24.64040184020996,24.64040184020996,0
2003-10-08,24.64040184020996,24.64040184020996,24.64040184020996,24.64040184020996,0
2003-10-09,24.64040184020996,24.64040184020996,24.64040184020996,24.64040184020996,0
2003-10-10,24.64040184020996,24.64040184020996,24.64040184020996,24.64040184020996,0
2003-10-13,24.64040184020996,24.64040184020996,24.64040184020996,24.64040184020996,0
2003-10-14,24.64040184020996,24.64040184020996,24.64040184020996,24.64040184020996,0
2003-10-15,24.64040184020996,24.64040184020996,24.64040184020996,24.64040184020996,0
2003-10-16,24.64040184020996,24.64040184020996,24.64040184020996,24.64040184020996,0
2003-10-17,24.64040184020996,24.64040184020996,24.64040184020996,24.64040184020996,0
2003-10-20,24.64040184020996,24.64040184020996,24.64040184020996,24.64040184020996,0
2003-10-21,24.64040184020996,24.64040184020996,24.64040184020996,24.64040184020996,0
2003-10-22,24.64040184020996,24.64040184020996,24.64040184020996,24.64040184020996,0
2003-10-23,24.64040184020996,24.64040184020996,24.64040184020996,24.64040184020996,0
2003-10-24,24.64040184020996,24.64040184020996,24.64040184020996,24.64040184020996,0
2003-10-27,24.64040184020996,24.64040184020996,24.64040184020996,24.64040184020996,0
2003-10-28,24.64040184020996,24.64040184020996,24.64040184020996,24.64040184020996,0
2003-10-29,24.64040184020996,24.64040184020996,24.64040184020996,24.64040184020996,0
2003-10-30,24.64040184020996,24.64040184020996,24.64040184020996,24.64040184020996,0
2003-10-31,24.64040184020996,24.64040184020996,24.64040184020996,24.64040184020996,0
2003-11-03,24.64040184020996,24.64040184020996,24.64040184020996,24.64040184020996,0
2003-11-04,24.64040184020996,24.64040184020996,24.64040184020996,24.64040184020996,0
2003-11-05,24.64040184020996,24.64040184020996,24.64040184020996,24.64040184020996,0
2003-11-06,24.64040184020996,24.64040184020996,24.64040184020996,24.64040184020996,0
2003-11-07,24.64040184020996,24.64040184020996,24.64040184020996,24.64040184020996,0
2003-11-10,24.64040184020996,24.64040184020996,24.64040184020996,24.64040184020996,0
2003-11-11,24.64040184020996,24.64040184020996,24.64040184020996,24.64040184020996,0
2003-11-12,24.64040184020996,24.64040184020996,24.64040184020996,24.64040184020996,0
2003-11-13,24.64040184020996,24.64040184020996,24.64040184020996,24.64040184020996,0
2003-11-14,24.64040184020996,24.64040184020996,24.64040184020996,24.64040184020996,0
2003-11-17,24.64040184020996,24.64040184020996,24.64040184020996,24.64040184020996,0
2003-11-18,24.64040184020996,24.64040184020996,24.64040184020996,24.64040184020996,0
2003-11-19,24.64040184020996,24.64040184020996,24.64040184020996,24.64040184020996,0
2003-11-20,24.64040184020996,24.64040184020996,24.64040184020996,24.64040184020996,0
2003-11-21,24.64040184020996,24.64040184020996,24.64040184020996,24.64040184020996,0
2003-11-24,24.64040184020996,24.64040184020996,24.64040184020996,24.64040184020996,0
2003-11-25,24.64040184020996,24.64040184020996,24.64040184020996,24.64040184020996,0
2003-11-26,24.64040184020996,24.64040184020996,24.64040184020996,24.64040184020996,0
2003-11-27,24.64040184020996,24.64040184020996,24.64040184020996,24.64040184020996,0
2003-11-28,24.64040184020996,24.64040184020996,24.64040184020996,24.64040184020996,0
2003-12-01,24.64040184020996,24.64040184020996,24.64040184020996,24.64040184020996,0
2003-12-02,24.64040184020996,24.64040184020996,24.64040184020996,24.64040184020996,0
2003-12-03,24.64040184020996,24.64040184020996,24.64040184020996,24.64040184020996,0
2003-12-04,24.64040184020996,24.64040184020996,24.64040184020996,24.64040184020996,0
2003-12-05,24.64040184020996,24.64040184020996,24.64040184020996,24.64040184020996,0
2003-12-08,24.64040184020996,24.64040184020996,24.64040184020996,24.64040184020996,0
2003-12-09,24.64040184020996,24.64040184020996,24.64040184020996,24.64040184020996,0
2003-12-10,24.64040184020996,24.64040184020996,24.64040184020996,24.64040184020996,0
2003-12-11,24.64040184020996,24.64040184020996,24.64040184020996,24.64040184020996,0
2003-12-12,24.64040184020996,24.64040184020996,24.64040184020996,24.64040184020996,0
2003-12-15,24.64040184020996,24.64040184020996,24.64040184020996,24.64040184020996,0
2003-12-16,24.64040184020996,24.64040184020996,24.64040184020996,24.64040184020996,0
2003-12-17,24.64040184020996,24.64040184020996,24.64040184020996,24.64040184020996,0
2003-12-18,24.64040184020996,24.64040184020996,24.64040184020996,24.64040184020996,0
2003-12-19,24.64040184020996,24.64040184020996,24.64040184020996,24.64040184020996,0
2003-12-22,24.64040184020996,24.64040184020996,24.64040184020996,24.64040184020996,0
2003-12-23,24.64040184020996,24.64040184020996,24.64040184020996,24.64040184020996,0
2003-12-24,24.64040184020996,24.64040184020996,24.64040184020996,24.64040184020996,0
2003-12-25,24.64040184020996,24.64040184020996,24.64040184020996,24.64040184020996,0
2003-12-26,24.64040184020996,24.64040184020996,24.64040184020996,24.64040184020996,0
2003-12-29,24.64040184020996,24.64040184020996,24.64040184020996,24.64040184020996,0
2003-12-30,24.64040184020996,24.64040184020996,24.64040184020996,24.64040184020996,0
2003-12-31,24.64040184020996,24.64040184020996,24.64040184020996,24.64040184020996,0
2004-01-01,24.64040184020996,24.64040184020996,24.64040184020996,24.64040184020996,0
2004-01-02,24.64040184020996,24.64040184020996,24.64040184020996,24.64040184020996,0
2004-01-05,24.64040184020996,24.64040184020996,24.64040184020996,24.64040184020996,0
2004-01-06,24.64040184020996,24.64040184020996,24.64040184020996,24.64040184020996,0
2004-01-07,24.64040184020996,24.64040184020996,24.64040184020996,24.64040184020996,0
2004-01-08,24.64040184020996,24.64040184020996,24.64040184020996,24.64040184020996,0
2004-01-09,24.64040184020996,24.64040184020996,24.64040184020996,24.64040184020996,0
2004-01-12,24.64040184020996,24.64040184020996,24.64040184020996,24.64040184020996,0
2004-01-13,24.64040184020996,24.64040184020996,24.64040184020996,24.64040184020996,0
2004-01-14,24.64040184020996,24.64040184020996,24.64040184020996,24.64040184020996,0
2004-01-15,24.64040184020996,24.64040184020996,24.64040184020996,24.64040184020996,0
2004-01-16,24.64040184020996,24.64040184020996,24.64040184020996,24.64040184020996,0
2004-01-19,24.64040184020996,24.64040184020996,24.64040184020996,24.64040184020996,0
2004-01-20,24.64040184020996,24.64040184020996,24.64040184020996,24.64040184020996,0
2004-01-21,24.64040184020996,24.64040184020996,24.64040184020996,24.64040184020996,0
2004-01-22,24.64040184020996,24.64040184020996,24.64040184020996,24.64040184020996,0
2004-01-23,24.64040184020996,24.64040184020996,24.64040184020996,24.64040184020996,0
2004-01-26,24.64040184020996,24.64040184020996,24.64040184020996,24.64040184020996,0
2004-01-27,24.64040184020996,24.64040184020996,24.64040184020996,24.64040184020996,0
2004-01-28,24.64040184020996,24.64040184020996,24.64040184020996,24.64040184020996,0
2004-01-29,24.64040184020996,24.64040184020996,24.64040184020996,24.64040184020996,0
2004-01-30,24.64040184020996,24.64040184020996,24.64040184020996,24.64040184020996,0
2004-02-02,24.64040184020996,24.64040184020996,24.64040184020996,24.64040184020996,0
2004-02-03,24.64040184020996,24.64040184020996,24.64040184020996,24.64040184020996,0
2004-02-04,24.64040184020996,24.64040184020996,24.64040184020996,24.64040184020996,0
2004-02-05,24.64040184020996,24.64040184020996,24.64040184020996,24.64040184020996,0
2004-02-06,24.64040184020996,24.64040184020996,24.64040184020996,24.64040184020996,0
2004-02-09,24.64040184020996,24.64040184020996,24.64040184020996,24.64040184020996,0
2004-02-10,24.64040184020996,24.64040184020996,24.64040184020996,24.64040184020996,0
2004-02-11,24.64040184020996,24.64040184020996,24.64040184020996,24.64040184020996,0
2004-02-12,24.64040184020996,24.64040184020996,24.64040184020996,24.64040184020996,0
2004-02-13,24.64040184020996,24.64040184020996,24.64040184020996,24.64040184020996,0
2004-02-16,24.64040184020996,24.64040184020996,24.64040184020996,24.64040184020996,0
2004-02-17,24.64040184020996,24.64040184020996,24.64040184020996,24.64040184020996,0
2004-02-18,24.64040184020996,24.64040184020996,24.64040184020996,24.64040184020996,0
2004-02-19,24.64040184020996,24.64040184020996,24.64040184020996,24.64040184020996,0
2004-02-20,24.64040184020996,24.64040184020996,24.64040184020996,24.64040184020996,0
2004-02-23,24.64040184020996,24.64040184020996,24.64040184020996,24.64040184020996,0
2004-02-24,24.64040184020996,24.64040184020996,24.64040184020996,24.64040184020996,0
2004-02-25,24.64040184020996,24.64040184020996,24.64040184020996,24.64040184020996,0
2004-02-26,24.64040184020996,24.64040184020996,24.64040184020996,24.64040184020996,0
2004-02-27,24.64040184020996,24.64040184020996,24.64040184020996,24.64040184020996,0
2004-03-01,24.64040184020996,24.64040184020996,24.64040184020996,24.64040184020996,0
2004-03-02,24.64040184020996,24.64040184020996,24.64040184020996,24.64040184020996,0
2004-03-03,24.64040184020996,24.64040184020996,24.64040184020996,24.64040184020996,0
2004-03-04,24.64040184020996,24.64040184020996,24.64040184020996,24.64040184020996,0
2004-03-05,24.64040184020996,24.64040184020996,24.64040184020996,24.64040184020996,0
2004-03-08,24.64040184020996,24.64040184020996,24.64040184020996,24.64040184020996,0
2004-03-09,24.64040184020996,24.64040184020996,24.64040184020996,24.64040184020996,0
2004-03-10,24.64040184020996,24.64040184020996,24.64040184020996,24.64040184020996,0
2004-03-11,24.64040184020996,24.64040184020996,24.64040184020996,24.64040184020996,0
2004-03-12,24.64040184020996,24.64040184020996,24.64040184020996,24.64040184020996,0
2004-03-15,24.64040184020996,24.64040184020996,24.64040184020996,24.64040184020996,0
2004-03-16,24.64040184020996,24.64040184020996,24.64040184020996,24.64040184020996,0
2004-03-17,24.64040184020996,24.64040184020996,24.64040184020996,24.64040184020996,0
2004-03-18,24.64040184020996,24.64040184020996,24.64040184020996,24.64040184020996,0
2004-03-19,24.64040184020996,24.64040184020996,24.64040184020996,24.64040184020996,0
2004-03-22,24.64040184020996,24.64040184020996,24.64040184020996,24.64040184020996,0
2004-03-23,24.64040184020996,24.64040184020996,24.64040184020996,24.64040184020996,0
2004-03-24,24.64040184020996,24.64040184020996,24.64040184020996,24.64040184020996,0
2004-03-25,24.64040184020996,24.64040184020996,24.64040184020996,24.64040184020996,0
2004-03-26,24.64040184020996,24.64040184020996,24.64040184020996,24.64040184020996,0
2004-03-29,24.64040184020996,24.64040184020996,24.64040184020996,24.64040184020996,0
2004-03-30,24.64040184020996,24.64040184020996,24.64040184020996,24.64040184020996,0
2004-03-31,24.64040184020996,24.64040184020996,24.64040184020996,24.64040184020996,0
2004-04-01,24.64040184020996,24.64040184020996,24.64040184020996,24.64040184020996,0
2004-04-02,24.64040184020996,24.64040184020996,24.64040184020996,24.64040184020996,0
2004-04-05,24.64040184020996,24.64040184020996,24.64040184020996,24.64040184020996,0
2004-04-06,24.64040184020996,24.64040184020996,24.64040184020996,24.64040184020996,0
2004-04-07,24.64040184020996,24.64040184020996,24.64040184020996,24.64040184020996,0
2004-04-08,24.64040184020996,24.64040184020996,24.64040184020996,24.64040184020996,0
2004-04-09,24.64040184020996,24.64040184020996,24.64040184020996,24.64040184020996,0
2004-04-12,24.64040184020996,24.64040184020996,24.64040184020996,24.64040184020996,0
2004-04-13,24.64040184020996,24.64040184020996,24.64040184020996,24.64040184020996,0
2004-04-14,24.64040184020996,24.64040184020996,24.64040184020996,24.64040184020996,0
2004-04-15,24.64040184020996,24.64040184020996,24.64040184020996,24.64040184020996,0
2004-04-16,24.64040184020996,24.64040184020996,24.64040184020996,24.64040184020996,0
2004-04-19,24.64040184020996,24.64040184020996,24.64040184020996,24.64040184020996,0
2004-04-20,24.64040184020996,24.64040184020996,24.64040184020996,24.64040184020996,0
2004-04-21,24.64040184020996,24.64040184020996,24.64040184020996,24.64040184020996,0
2004-04-22,24.64040184020996,24.64040184020996,24.64040184020996,24.64040184020996,0
2004-04-23,24.64040184020996,24.64040184020996,24.64040184020996,24.64040184020996,0
2004-04-26,24.64040184020996,24.64040184020996,24.64040184020996,24.64040184020996,0
2004-04-27,24.64040184020996,24.64040184020996,24.64040184020996,24.64040184020996,0
2004-04-28,24.64040184020996,24.64040184020996,24.64040184020996,24.64040184020996,0
2004-04-29,24.64040184020996,24.64040184020996,24.64040184020996,24.64040184020996,0
2004-04-30,24.64040184020996,24.64040184020996,24.64040184020996,24.64040184020996,0
2004-05-03,24.64040184020996,24.64040184020996,24.64040184020996,24.64040184020996,0
2004-05-04,24.64040184020996,24.64040184020996,24.64040184020996,24.64040184020996,0
2004-05-05,24.64040184020996,24.64040184020996,24.64040184020996,24.64040184020996,0
2004-05-06,74.38658142089844,78.63105567056841,73.04664796141734,76.1437467667035,19760
2004-05-07,71.7789306640625,74.61927938669558,71.31356409463996,74.61927938669558,31344
2004-05-10,71.31355285644531,71.89125139171213,70.29455757714453,71.24936521857185,4904
2004-05-11,67.59864807128906,73.17503506352003,66.5957007705281,73.17503506352003,21032
2004-05-12,63.19368362426758,69.80511231251799,58.73257725604962,65.63285272602266,134928
2004-05-13,61.508731842041016,64.18860819297875,56.967389771268635,57.77776899082413,55456
2004-05-14,57.151954650878906,63.38627677657251,56.165055371646524,62.583918842691844,31144
2004-05-17,47.84457778930664,54.560311190253124,45.91089813100333,54.560311190253124,33968
2004-05-18,51.374961853027344,52.95560747997626,48.141461345432965,51.51136363961327,29128
2004-05-19,54.91337966918945,56.806942458939055,52.71491694282904,54.239397037066105,39960
2004-05-20,53.605499267578125,55.36266404169503,52.95559169205611,55.36266404169503,32104
2004-05-21,51.85637283325195,52.95560376973077,50.72505052977955,52.169294268954026,31176
2004-05-24,57.50495910644531,57.76171446848136,51.83229098652892,51.83229098652892,54792
2004-05-25,55.202213287353516,56.32551413913106,53.2765546843063,56.32551413913106,32648
2004-05-26,55.66756057739258,57.76973813911741,55.2021942218233,56.967380664963,18416
2004-05-27,55.8360481262207,57.3605270415526,55.49103055920101,56.165012670122664,14072
2004-05-28,53.3728141784668,56.165016896149496,52.95558735922666,56.165016896149496,17040
2004-05-31,50.84540557861328,52.1371994443286,49.87454987770699,50.78923956332078,11976
2004-06-01,51.423126220703125,54.399872444242206,50.95775466256097,52.93155828248898,29320
2004-06-02,51.350887298583984,52.71489524245262,51.20646390749716,52.71489524245262,4560
2004-06-03,50.50037384033203,53.50118740720118,50.2596666340334,52.63464244396626,13808
2004-06-04,50.363990783691406,52.15324736779209,49.58570288199309,52.14522575015495,23944
2004-06-07,50.85342788696289,51.35089061927765,50.22758988698095,51.35089061927765,9608
2004-06-08,49.730133056640625,50.85343392225072,49.17650913976896,50.32387975877293,10272
2004-06-09,51.30276870727539,52.13721802760674,49.66595654872646,49.7461923428278,31424
2004-06-10,55.99653625488281,58.572102072046846,51.35088400836984,52.15324157100061,54480
2004-06-11,60.08856964111328,65.4723878070523,58.58013325916902,58.58013325916902,1495680
2004-06-14,55.4268913269043,60.176851809147266,55.0417604547667,59.94416602327,295448
2004-06-15,55.72373962402344,57.28833706487075,55.01766586092772,56.48597940289777,172688
2004-06-16,55.146053314208984,56.389707965091524,54.881276206687616,56.16504874953411,62312
2004-06-17,55.3065185546875,55.79595971897507,54.961505702709644,54.961505702709644,30208
2004-06-18,57.1118278503418,59.855892535849584,55.434902968289514,55.434902968289514,91440
2004-06-21,56.50202560424805,59.05352190266739,55.715716101832356,57.769749687392014,49328
2004-06-22,55.186161041259766,56.64645301921259,54.88126609793401,56.48598148091454,20064
2004-06-23,54.11101531982422,56.165049455308306,53.16422913981465,55.763870530627536,22912
2004-06-24,55.00962829589844,55.523139055290414,53.45305768266932,54.55228843820425,21592
2004-06-25,55.00962829589844,56.16502505592961,54.56031005433162,54.56031005433162,60280
2004-06-28,57.6734733581543,58.57211500618291,55.972473970314965,55.972473970314965,100536
2004-06-29,57.28030776977539,58.7165248538874,56.566207587450236,58.57210147353003,47952
2004-06-30,56.00457000732422,57.9302285749113,55.8440984600253,57.12787083841668,20576
2004-07-01,56.71064758300781,57.10380485874821,56.18109340081364,56.798909878175714,15168
2004-07-02,58.69245529174805,59.69540223795016,57.448801078457414,57.448801078457414,123232
2004-07-05,56.7266845703125,58.81281441306798,56.32550575439799,58.41163559715346,22040
2004-07-06,57.26427459716797,57.769759009056585,56.57424398179346,56.57424398179346,39312
2004-07-07,56.558204650878906,58.25117769100609,56.16504736047419,57.769762999344884,39640
2004-07-08,54.19926834106445,57.79383023605709,53.7499499406416,56.16504491302016,80424
2004-07-09,54.96147155761719,55.36265018212534,50.10721020106852,50.56455481244782,29280
2004-07-12,56.03665542602539,56.6223754808206,54.56031551783836,55.36267309898304,22272
2004-07-13,56.702598571777344,57.93020441724554,56.4859610938239,56.975397150103085,48160
2004-07-14,58.16288757324219,59.374445240209404,57.04760887268768,57.761708889186714,74376
2004-07-15,58.34743881225586,59.02141617893443,58.130801306208554,58.89304093686277,36024
2004-07-16,60.32124328613281,61.30012053591109,59.39051043059408,60.1607717664053,167704
2004-07-19,61.24394226074219,62.39131241759778,60.1768078476835,61.13963677324643,174480
2004-07-20,62.38328552246094,63.065289287015176,60.834736777677946,61.62104602090032,157816
2004-07-21,61.829673767089844,64.03615713390037,61.30011971793615,64.03615713390037,129968
2004-07-22,61.508731842041016,62.583892988154275,61.30814244143796,62.583892988154275,64272
2004-07-23,62.17472457885742,62.583925207873186,61.476672125944056,62.583925207873186,42576
2004-07-26,62.22284698486328,62.503672213034804,61.70131441825901,62.26296487460207,29512
2004-07-27,62.22284698486328,62.222846984863274,62.222846984863274,62.222846984863274,0
2004-07-28,64.87062072753906,66.11427517562423,63.5467305086097,64.50955975874015,182768
2004-07-29,64.35710906982422,65.44831847864879,63.54672975281712,65.15144515061553,93344
2004-07-30,64.27688598632812,65.63287272398135,64.18862858091086,65.63287272398135,73272
2004-08-02,64.20468139648438,64.67004800816935,64.02816167558206,64.06827957136876,99528
2004-08-03,64.12444305419922,64.62992754156397,63.891757309010366,64.34910228222758,25104
2004-08-04,64.156494140625,64.30092238677372,60.97916087496754,60.97916087496754,43656
2004-08-05,63.4504280090332,64.63791609007524,63.065297401290024,64.02812636924865,44048
2004-08-06,62.624027252197266,64.12443734069124,62.583909361580865,63.08137218466489,32392
2004-08-09,63.20970916748047,63.38622875865352,61.18776772637193,62.59189304697502,19040
2004-08-10,64.95884704589844,65.07117903023155,63.14552145103851,64.9748951718318,50656
2004-08-11,68.23249053955078,69.96558095289772,64.50954941069928,65.19155335347408,271960
2004-08-12,68.23249053955078,68.23249053955078,68.23249053955078,68.23249053955078,0
2004-08-13,68.60159301757812,71.73078848855536,67.3980562979715,70.60748755025584,119976
2004-08-16,65.72915649414062,68.0880856507063,65.33599918611115,67.23758828285949,39776
2004-08-17,65.73717498779297,67.95168550172308,65.4723978875414,66.75617039514026,74976
2004-08-18,65.75322723388672,67.06106957831705,65.47240198029476,66.3549956344409,21432
2004-08-19,66.7962646484375,66.99685403176613,66.19449649845157,66.43520375844594,19856
2004-08-20,65.92973327636719,66.90058413578085,65.72914385109968,65.95380302795874,22184
2004-08-23,68.68986511230469,70.44703105770556,62.656136985034735,62.656136985034735,108624
2004-08-24,73.92926025390625,74.73963978925052,69.6446670285233,70.57540025112885,455456
2004-08-25,79.2689437866211,96.17863036835192,78.55083254034069,96.17863036835192,136928
2004-08-26,78.55084228515625,79.9950865764053,78.25396886806978,79.5939076066139,40443200
2004-08-27,77.23979187011719,78.82365065109832,76.91082705412309,78.82365065109832,30646000
2004-08-30,79.17344665527344,79.43340975820242,77.42751557238923,77.82067279168965,24465208
2004-08-31,79.28096771240234,79.43341764454078,78.31011678896141,79.15259243064594,21194656
2004-09-01,79.2649154663086,79.83458744801139,78.91989775354511,79.43340861661434,19935544
2004-09-02,79.72711181640625,80.60489176275706,79.11250767423469,79.42542928821767,21356352
2004-09-03,80.06410217285156,88.25938877497731,79.46233361302218,80.71722282511561,9869856
2004-09-06,79.82337951660156,83.43720275249943,79.66612049718638,83.43720275249943,9038672
2004-09-07,79.88270568847656,83.04399599740313,79.83456620040204,83.04399599740313,5772232
2004-09-08,79.73025512695312,80.29992691713923,79.52163926643925,79.91479634791476,6593984
2004-09-09,78.62783813476562,80.06726788340036,78.50748449323163,79.99505373959907,7947184
2004-09-10,79.33710479736328,79.43338867216373,78.31008822629475,79.43338867216373,6415072
2004-09-13,80.51660919189453,81.47943859927145,79.51366189254358,79.51366189254358,20904912
2004-09-14,81.49227905273438,81.74422060475588,80.47328845330149,80.63696769936949,15335472
2004-09-15,80.7251968383789,81.84047587039557,80.33204454947969,81.68000434908106,11988288
2004-09-16,80.91456604003906,81.4393062106596,80.43635908983866,80.79742005333419,7358224
2004-09-17,82.20152282714844,82.63479781996418,81.06217423995267,81.1985759893355,14627896
2004-09-20,82.07318115234375,83.19648207003705,81.85333100194438,82.83542106077849,8552224
2004-09-21,83.91059112548828,84.1272238356281,82.00097545065515,82.23044862932707,13897080
2004-09-22,84.4128646850586,84.7289889767054,83.21253068102493,84.11919896946664,15371584
2004-09-23,82.66371154785156,84.16732920985937,82.40214213396146,84.0870934336822,15819680
2004-09-24,82.54658508300781,83.44522201774339,82.32192095211991,82.57064994348352,8083208
2004-09-27,81.9014663696289,82.84343353738777,81.43930754522866,82.44225468248517,8229512
2004-09-28,81.48423767089844,82.43423133413859,81.23871641273917,81.51954160527703,6339416
2004-09-29,82.72308349609375,82.88355504506774,81.53238244793738,81.78111628716889,11737176
2004-09-30,82.41017150878906,83.51742924200697,81.89345286568859,83.09217567048238,12521432
2004-10-01,84.06301879882812,84.76588498182448,82.35079007731987,82.5626137017961,10968888
2004-10-04,86.37381744384766,86.7348784549924,84.6054177128308,84.8092197288871,15129824
2004-10-05,86.71077728271484,87.3767379729053,86.29355527076184,86.67869081595214,14341288
2004-10-06,86.78298950195312,88.48399336211013,86.258254331384,86.73485000847022,17670664
2004-10-07,88.02666473388672,88.25935043482335,86.89534229173971,86.89534229173971,10080128
2004-10-08,88.10367584228516,89.1419217871695,87.85814973622917,88.09885699578047,8558920
2004-10-11,87.40080261230469,89.18203226749769,87.05578498446692,88.25932118240887,9332056
2004-10-12,87.01245880126953,89.46286175429113,86.4668615748359,89.06168300202974,15600512
2004-10-14,89.55911254882812,90.1849551231366,87.30128786081382,88.50000489396768,19225984
2004-10-15,90.34547424316406,91.54901075617246,89.64421441847026,90.00045652500623,17799744
2004-10-18,91.24893188476562,91.62924864814156,90.2861026520356,90.9873624929882,13693344
2004-10-19,91.72554779052734,92.16684461907492,91.15587566164743,91.4816376582182,11767128
2004-10-20,90.92797088623047,92.263095001139,90.58616579242509,91.85389461675898,7206832
2004-10-21,90.31019592285156,91.38856018455655,90.02455182359303,91.24895070057524,6413520
2004-10-22,90.31019592285156,90.31019592285156,90.31019592285156,90.31019592285156,0
2004-10-25,89.65223693847656,90.42571092061507,89.12268282630522,90.26523938393252,9390272
2004-10-26,91.24410247802734,91.54578971958898,89.51101201855695,89.51101201855695,6932760
2004-10-27,91.4607925415039,92.11070057798936,91.0836783959414,91.65014785865218,7837656
2004-10-28,93.79854583740234,94.5097086706001,92.11236970562038,92.11236970562038,18591416
2004-10-29,93.01822662353516,93.95945844025289,92.1252613425014,93.95945844025289,8661776
2004-11-01,94.17665100097656,94.482345537094,91.89516161476168,92.51460329130816,6137568
2004-11-02,93.29495239257812,94.90873379319393,90.50342835281806,90.90566581216392,8864040
2004-11-03,94.54190063476562,95.24984258205728,93.39955003189907,93.39955003189907,8978136
2004-11-04,94.15571594238281,95.56354659397273,93.93850189256057,95.0695979754995,6555808
2004-11-05,93.75829315185547,94.92800235727914,93.31905316478287,94.44209655866638,5023848
2004-11-08,95.26268005371094,95.64400028080996,92.99727651961896,93.72130375895856,10291728
2004-11-09,95.60379791259766,96.36804905826511,94.68669457374669,95.49116946392296,7338712
2004-11-10,96.083251953125,96.4565294423242,95.74054489942809,95.81294959617024,5734392
2004-11-11,96.23616790771484,96.81056447949793,95.82105588217514,96.45659336548174,5235128
2004-11-12,96.27632141113281,97.18055024868781,95.74858125897697,96.8587603472021,1813408
2004-11-15,96.27632141113281,96.27632141113281,96.27632141113281,96.27632141113281,0
2004-11-16,95.8049545288086,96.37612996270033,95.24986467098263,96.37612996270033,4005504
2004-11-17,96.97137451171875,97.33338809763589,95.8531528045031,95.8531528045031,5467936
2004-11-18,99.03089904785156,99.3172969383488,97.05993476948247,97.29805629083677,7472128
2004-11-19,97.91268920898438,99.51359705944036,97.4300040171035,99.19180693151978,6812760
2004-11-22,98.34382629394531,98.62861352441567,96.13474156743615,97.16447327132097,4738272
2004-11-23,99.397705078125,99.91578219802429,98.48060173158102,98.9986788514803,4312792
2004-11-24,99.26416778564453,100.15713303175698,98.9632949346873,99.67444805329069,3223304
2004-11-25,97.89337158203125,100.07671853295732,97.23370582205398,99.2722433035927,6310872
2004-11-26,97.89337158203125,97.89337158203125,97.89337158203125,97.89337158203125,0
2004-11-29,100.06859588623047,100.37429033728085,96.98424306794672,97.82410982343622,5281488
2004-11-30,102.54322814941406,103.45550018363315,100.15715219955153,100.41136908653205,10508144
2004-12-01,101.48930358886719,103.05319751661877,101.12245845307555,103.05319751661877,8481864
2004-12-02,99.96408081054688,102.73147730819336,99.68251450625661,101.76610712205529,9657704
2004-12-03,99.49427032470703,101.03403695397522,98.27147201389856,100.49986427117894,9777216
2004-12-06,97.70832824707031,100.55938316483874,97.2208116437661,99.75490809952004,11473872
2004-12-07,98.00593566894531,99.18368780914996,97.74367613090841,97.824123600975,7863224
2004-12-08,96.60133361816406,98.6768726177568,96.22001336553369,97.98502628455923,7329408
2004-12-09,97.45891571044922,97.90459795949933,96.9279642262391,96.93600701140505,3801224
2004-12-10,98.60130310058594,99.39290389141811,97.6632823344246,98.14596742009721,6216808
2004-12-13,99.44593811035156,99.88839915462071,98.56905880402333,98.62858914072342,4996232
2004-12-14,99.20459747314453,100.13295453009782,98.97451890449422,99.91575030535891,3083504
2004-12-15,100.19734191894531,100.94228641084344,99.59398578535071,100.0766706922264,5772672
2004-12-16,101.57783508300781,101.76607946848088,99.59399713990462,100.43547478101357,4350464
2004-12-17,101.08226776123047,102.55446070646575,100.72829685316981,101.3638339666935,5509752
2004-12-20,101.56977081298828,102.04762411047606,101.08225439086573,101.36382055908541,2268424
2004-12-21,102.38552856445312,102.73145673999454,101.61806609790179,101.76286570467968,3458512
2004-12-22,99.76774597167969,102.57857610844496,98.95039685449649,102.57857610844496,6001712
2004-12-23,98.77826690673828,100.37434256894684,98.54818823345607,100.37434256894684,3948912
2004-12-24,102.00422668457031,102.32923778353363,98.27146989206534,99.18856369524353,6661856
2004-12-27,102.21337127685547,103.3750283604306,101.54082159449548,102.16831596711818,4400504
2004-12-28,105.33474731445312,105.70802492794098,101.86263013868661,102.32922961060953,9614448
2004-12-29,106.2116470336914,107.5502949889446,105.64047158695855,105.94616628085926,6633224
2004-12-30,104.31302642822266,106.83424756306086,103.9268746173652,106.02977280731491,5626792
2004-12-31,107.43439483642578,107.70309650605716,104.31303832043038,104.58173016981216,4899312
2005-01-03,108.86632537841797,109.14305991406745,107.43435672975451,107.43435672975451,4734168
2005-01-04,107.90100860595703,108.925908913064,107.24938585642093,108.6041189310461,4979104
2005-01-05,106.59290313720703,107.81570081490811,102.99690497456434,107.81570081490811,9604320
2005-01-06,106.22770690917969,108.28233928292771,103.97839786269247,106.19070420019656,8006888
2005-01-07,107.79643249511719,108.20189105090374,105.60022156519415,106.99517851130258,7623136
2005-01-10,106.79084014892578,109.3603385243519,106.35159992108181,108.49633311999293,7521568
2005-01-11,105.68869018554688,107.42153217962407,104.66217947669656,106.9951565749473,7986376
2005-01-12,104.42567443847656,110.0489461793369,103.51178230277061,106.670151571661,20720032
2005-01-13,104.01056671142578,107.69505603578848,102.57055460817074,105.38621689153229,27757952
2005-01-14,104.29214477539062,106.02176608859936,102.73146125430539,104.95985315764104,15757776
2005-01-17,101.62612915039062,105.35406426657742,99.77100473043942,105.35406426657742,13651184
2005-01-18,101.67436981201172,103.29458353910029,101.1627249224444,102.54641790779618,6183264
2005-01-19,100.9937744140625,102.46595749422055,100.64784630121274,101.84651578916356,3538488
2005-01-20,100.05256652832031,100.96162734004096,98.95043954442262,100.96162734004096,4536200
2005-01-24,98.19902801513672,100.34697189771965,97.77265242424224,100.05253135827083,3628192
2005-01-25,99.38964080810547,99.74683272694828,97.10815144662423,97.7276029367044,4465928
2005-01-27,99.79995727539062,100.86508141070661,99.37680263145297,100.01716160155941,5455344
2005-01-28,103.71287536621094,104.16338905862406,99.95598241016157,99.98494232120277,8393816
2005-01-31,104.61387634277344,105.53097932798347,103.79813794025878,104.42080047953243,5853384
2005-02-01,105.80936431884766,106.1906846280283,103.53591751232759,105.14486727941892,8019840
2005-02-02,105.30252075195312,106.46900910642482,104.8230569570083,106.11021652056327,4870456
2005-02-03,105.75743865966797,106.05266850289759,105.02340607042613,105.83003745345552,3327616
2005-02-04,105.38320922851562,106.63671812806703,104.9073043698064,105.6687600210044,2684040
2005-02-07,105.9720458984375,107.33847525758675,104.94278307227752,105.87847386517433,5944216
2005-02-08,106.15276336669922,106.71740572503273,105.50745781431807,105.972078599759,3284432
2005-02-09,107.5078353881836,108.37899137974003,106.53664804561359,106.55600641120988,5537936
2005-02-10,107.49657440185547,108.37096033857642,106.71736548413593,107.28200762955463,4376648
2005-02-11,111.4571762084961,111.87985055914734,107.92735403614934,107.92735403614934,10367096
2005-02-14,113.70767211914062,114.38040034863376,112.20733879474405,112.20733879474405,8875264
2005-02-15,111.42487335205078,114.13838352428101,110.83119361297676,113.73506768143903,3976720
2005-02-16,110.36009216308594,112.8477408190977,109.78254128291063,112.8477408190977,3126832
2005-02-17,111.4652099609375,111.7991566754536,108.94367841009816,110.36012844036713,4124976
2005-02-18,110.91187286376953,112.28314692826703,109.29860925847834,111.31518876509232,2545144
2005-02-21,110.15037536621094,110.97636523092937,108.5000006286434,110.58917817396566,1777152
2005-02-22,109.98101043701172,110.50532107929052,108.97595041825642,110.08103198719705,2139040
2005-02-23,110.90859985351562,111.48453591717514,109.31147541622376,109.98097364289798,5166816
2005-02-24,110.3439712524414,112.59770502322833,109.79868751275276,110.90861336246175,10806440
2005-02-25,110.02942657470703,111.23452980724657,109.15019590713216,111.05707474256026,5070896
2005-02-28,111.38780212402344,111.71851923692488,108.08867565160962,111.23454009221618,6402408
2005-03-01,109.49702453613281,116.15496579592372,108.97594360437009,111.39583872511851,4958152
2005-03-02,110.34727478027344,110.9119172681842,109.83102825058118,110.9119172681842,2658112
2005-03-03,112.08635711669922,112.52516018345686,110.02460106826894,110.50858025185369,2891160
2005-03-04,112.30413818359375,113.21079168768742,111.47653303340506,112.44449135207428,4017872
2005-03-07,112.94456481933594,113.57374147351653,112.4444571122742,112.52512028093436,3658032
2005-03-08,114.0544662475586,114.61427363773298,112.55413360287383,113.25106441161134,5027680
2005-03-09,113.53340148925781,115.06600158040942,112.52995647172415,113.6543962332961,5422088
2005-03-10,112.89295959472656,113.7350784277914,112.14278811752864,113.7350784277914,2302280
2005-03-11,115.14347839355469,115.74361767003403,113.33178622866296,113.41244942170827,5205744
2005-03-14,117.11164855957031,117.76824805566203,114.54172071167129,115.18702618046943,6534032
2005-03-15,116.3695297241211,117.92955264987577,115.34833125124649,117.04225779409695,4146480
2005-03-16,117.12773895263672,118.38123761478523,116.15493663198734,116.15493663198734,5473416
2005-03-17,117.84569549560547,118.87334378845377,116.15499811834444,116.80030366344634,6805328
2005-03-18,118.47000122070312,118.77652522443003,114.94502441073874,117.68757236159145,6123464
2005-03-21,117.48269653320312,118.97819509911729,116.5260323630127,118.58778804986834,4354120
2005-03-22,116.44213104248047,117.53430367452493,116.1630297770949,117.34878429046675,2684432
2005-03-23,114.64332580566406,116.80025795841298,114.00608485991802,116.15495266582506,3439416
2005-03-24,111.66680145263672,115.99357261696106,111.12636245904494,115.34826762326448,5954576
2005-03-28,112.31542205810547,113.64313494760587,111.63784932697826,112.20249162848755,3699728
2005-03-29,110.58118438720703,112.76715516829168,109.87940862949797,112.52516556492624,3053400
2005-03-30,112.16696166992188,112.92841712762568,109.70189092397924,110.59724997617582,4115256
2005-03-31,115.51446533203125,116.5663060214544,112.70738401600256,113.29138438380433,6914640
2005-04-01,117.03903198242188,117.52624068841142,114.05772431943291,115.59032457549318,5562672
2005-04-04,115.16766357421875,117.51012549082698,114.80790893948256,117.1229382851368,5257360
2005-04-05,114.9820327758789,116.35653531097505,114.22702725347385,115.26758333406124,3367832
2005-04-06,116.26470184326172,116.80030664093978,115.10637954186538,115.10637954186538,1953408
2005-04-07,114.9611587524414,116.96160952992993,114.7030405183175,116.2356409190545,2483216
2005-04-08,112.40896606445312,115.74357858175681,112.12664498413844,115.40478737743247,4052280
2005-04-11,109.99226379394531,112.92840427439465,109.70994278325932,112.68641483666381,2822992
2005-04-12,111.47650146484375,112.84777536129987,110.10522756838765,112.84777536129987,4112696
2005-04-13,113.05748748779297,113.4930705380648,111.76365704669912,112.44444941724402,4638600
2005-04-15,106.39473724365234,112.52513908634951,106.07208451508933,112.52513908634951,9862480
2005-04-18,106.36732482910156,108.79044035981146,104.1361782377778,104.86214694741375,6024304
2005-04-19,97.49755096435547,108.8065311400259,95.02926040448125,107.2819955497406,27235152
2005-04-20,90.03617858886719,96.79575258286663,88.18900085433599,96.79575258286663,47498256
2005-04-21,92.14959716796875,92.60130890060748,89.53610878020409,90.7460561961528,13252336
2005-04-22,94.11459350585938,94.50984514461832,91.97701876295551,93.56930950069773,12958672
2005-04-25,93.32404327392578,94.20650333458242,92.60130453577068,93.95644951638829,6880584
2005-04-26,91.6897964477539,93.87577563712057,91.48007423214374,93.32726229176255,5539000
2005-04-27,89.99268341064453,92.0447499208887,89.61679024626875,92.0447499208887,6537368
2005-04-28,89.92334747314453,91.14942428596864,88.50044731420547,89.94754052739458,8728872
2005-04-29,91.23809814453125,92.33511514926614,90.10559407581646,91.05257878480725,11065704
2005-05-02,91.06065368652344,95.02121332524649,90.18948752046202,92.76264458746475,5129600
2005-05-03,89.42316436767578,91.55267345524508,89.16181655452519,91.14935771315149,5503048
2005-05-04,90.41210174560547,90.70571680819226,89.25378003402822,89.25378003402822,4792144
2005-05-05,91.70272827148438,92.76264348383691,90.79124037824226,92.75941380620202,6495064
2005-05-06,94.17424011230469,94.51302144859599,91.323606770358,91.95600319317117,8188664
2005-05-09,94.80016326904297,95.36480525240768,94.0741950047169,94.37587436238864,4739040
2005-05-10,92.96427917480469,95.02118947324938,92.46094191302898,95.02118947324938,7075952
2005-05-11,92.69004821777344,92.97236931746433,91.79145930745355,92.60132069861486,3213288
2005-05-12,92.50128936767578,93.70639229364728,92.21090395088798,93.4886056927008,3608944
2005-05-13,92.64972686767578,92.84332046959555,91.96893435271046,92.68199410909234,2388752
2005-05-16,93.10948944091797,93.48053800726096,92.13830184450731,92.35931811497768,5775200
2005-05-17,92.80777740478516,93.9483454204367,92.31088975717026,93.6579601160392,4666576
2005-05-18,92.17378997802734,93.0852876343954,90.58472964768286,93.0852876343954,4588224
2005-05-19,93.77095031738281,94.53725055653561,93.02077877621176,93.04175199153602,3659448
2005-05-20,94.34850311279297,94.7550388668842,92.53680129375772,93.9726099160862,3265616
2005-05-23,98.71560668945312,99.61096604595355,94.37592353199932,94.37592353199932,10362016
2005-05-24,99.60778045654297,100.40150376668045,97.22015116685981,100.40150376668045,6128856
2005-05-25,101.68077850341797,102.39383822669345,98.00575945542288,99.19150421143706,7894472
2005-05-26,104.06035614013672,104.5394907463656,100.92255618468357,101.47428962880241,9782096
2005-05-27,102.37763214111328,104.78139715378609,101.25319292880474,103.49078718114515,7363480
2005-05-30,106.40276336669922,107.52882768051285,101.95822559678743,102.37767005459939,17893184
2005-05-31,107.62567138671875,108.32260254745444,105.3106417140677,106.47541348063329,10365568
2005-06-01,105.2251205444336,107.28203167811168,104.6653227897046,107.28203167811168,7530088
2005-06-02,102.32609558105469,105.5881100845031,102.04699426284962,105.50744689880067,11076624
2005-06-03,104.31037139892578,104.59591228050019,101.72108601524192,102.32605969584922,6548528
2005-06-06,103.2811050415039,104.99922432524625,102.46640914997172,104.45878512846316,5792512
2005-06-07,103.06007385253906,103.95866244549248,102.36637279333219,103.95866244549248,3698192
2005-06-08,104.22483825683594,104.53942646319284,102.93422805358665,103.24881625994354,4832512
2005-06-09,103.0311050415039,104.78149247054706,102.55196053307895,104.37817648721162,3598336
2005-06-10,102.13250732421875,104.86214691455184,101.72434685679255,103.24888311586642,6642624
2005-06-13,102.5761489868164,103.4908667511756,101.65174218750313,102.8455612687053,2590032
2005-06-14,102.12438201904297,103.24075714435416,101.6516873431767,103.00683206385266,3452384
2005-06-15,102.61648559570312,103.07949151428241,102.14380048827684,102.42289197218248,2791072
2005-06-16,103.06336212158203,103.88613263297012,102.02764943664855,103.07143631848886,4593552
2005-06-17,102.25347900390625,103.76994072406211,101.88565021456185,103.46664641071523,3067992
2005-06-20,104.5313949584961,105.02020860632457,102.46641995387608,102.84553288155355,6412672
2005-06-21,105.27351379394531,105.86235894403359,103.51506238548886,104.86213354703823,10463544
2005-06-22,107.5530776977539,108.00801930419482,105.58812342732712,105.58812342732712,11537376
2005-06-23,105.45902252197266,107.90795499800815,105.26542895916901,107.28200805800367,3676944
2005-06-24,106.9399642944336,107.95148321167082,104.45876534303824,104.8620810393434,6021320
2005-06-27,106.18986511230469,107.52403749058828,105.50745764267778,106.45121307286739,3548128
2005-06-28,106.76252746582031,107.12066713863202,105.99622751264485,106.31403560897364,5776112
2005-06-29,107.48853302001953,109.53736993673053,106.64963396970606,106.87871464632076,6446640
2005-06-30,109.54859924316406,110.10517683162773,107.9918066801557,107.9918066801557,7189000
2005-07-01,109.08889770507812,109.43574350643453,108.11770976811896,108.89530408405702,4820568
2005-07-04,109.6260986328125,110.66181103607154,107.36268523059401,109.60512541972183,3951648
2005-07-05,106.4915542602539,110.4892272371336,105.8785159005963,110.4892272371336,5187376
2005-07-06,107.13115692138672,107.90037013998909,106.56923116706953,107.36597135439372,3057216
2005-07-07,106.04293060302734,108.49955202081141,105.52472181060344,107.13116017150801,3488888
2005-07-08,106.15953826904297,107.64129005767106,104.7393342237063,106.11905335551775,6088000
2005-07-11,107.3708267211914,107.68984301557458,106.15951169065659,106.15951169065659,3791264
2005-07-12,104.11915588378906,106.96119629141303,103.0179676489625,106.7668666302043,6150600
2005-07-13,102.8932113647461,105.26076815939496,102.58876404457955,104.04622083447886,6469840
2005-07-14,99.18802642822266,104.26483003139343,98.48844601900677,103.53286960238933,8860408
2005-07-15,101.08759307861328,102.17583275804141,98.38320860283476,99.67386297781523,9341720
2005-07-18,107.05831909179688,119.75439402824846,101.37424024568429,101.37424024568429,14475608
2005-07-19,106.81217956542969,109.95704546192734,102.02200094405629,109.17973695534684,4677744
2005-07-20,105.9295425415039,108.09467402297376,105.67853815915102,108.09467402297376,3494304
2005-07-21,104.47537231445312,106.96114206361356,103.64137913809641,106.96114206361356,4198984
2005-07-22,104.7717056274414,105.08748990376009,102.86406179876654,104.04621919964114,5179296
2005-07-25,103.99441528320312,105.45187230183274,103.25272883286576,104.98548526515022,5433024
2005-07-26,102.44790649414062,104.6130393506615,102.02200432030456,104.11588331813005,5229680
2005-07-27,104.00569152832031,104.28908578316586,102.42678067989505,102.42678067989505,2597408
2005-07-28,208.01138305664062,208.0113830566406,208.0113830566406,208.0113830566406,0
2005-07-29,102.73452758789062,104.45108408593026,102.18392877243721,103.23653659655898,8358552
2005-08-01,101.3904037475586,103.23651958072425,100.61795839276452,102.58876102649225,5430792
2005-08-02,104.47537231445312,105.09883603222589,101.86004293416038,104.61301706751607,4821520
2005-08-03,105.32231140136719,105.85995223077613,103.88428650439674,105.05834897853062,7274320
2005-08-04,104.87699127197266,106.86399422363282,104.28914946794625,105.66563668918467,6346936
2005-08-05,104.07862854003906,105.90854484573927,103.4146699584576,105.26078616166747,3162848
2005-08-08,103.88915252685547,104.45107839030379,102.60982528753988,104.45107839030379,4109360
2005-08-09,103.99764251708984,104.20816207984277,102.34585615300796,103.23652420497243,4743752
2005-08-10,106.31824493408203,106.60973433214683,104.09966971523485,104.09966971523485,6958080
2005-08-11,106.30206298828125,107.60891739235583,105.79519099900774,106.60975233397923,3645312
2005-08-12,103.87294006347656,107.56030875689724,103.28509839107585,107.56030875689724,3821832
2005-08-16,102.75556945800781,104.45107282606814,102.42682722866371,104.45107282606814,3653408
2005-08-17,105.1927490234375,105.42270053357605,102.12723297280512,103.64136457985971,5637488
2005-08-18,106.6162338256836,107.53331435615505,105.93452111678437,106.07248442527897,7813656
2005-08-19,107.56256866455078,108.1014539783146,106.40526551934882,106.72178076687965,4966272
2005-08-22,106.95389556884766,109.43244122989357,101.04077934173954,107.53335954040554,4492016
2005-08-23,106.8078384399414,107.9927325664877,106.55949244557452,107.69569419289977,4686416
2005-08-24,105.1554183959961,106.96522857824682,104.20588277273818,106.80778830818011,4036760
2005-08-25,107.42454528808594,107.93907917730407,105.50436310563555,105.9101491175803,6341224
2005-08-26,110.76013946533203,111.18540254822088,107.53332728203844,107.81412812118958,8198664
2005-08-29,109.99726104736328,111.83466190640839,107.93911490241157,111.18540407240891,4081336
2005-08-30,112.35079956054688,112.88968465021973,110.02159148199212,110.02159148199212,5807592
2005-08-31,114.01451873779297,114.86666945688918,111.99695165264485,112.06188138447331,7408896
2005-09-01,115.5890121459961,116.3794828759075,114.35055186342655,114.42034590142912,7600184
2005-09-02,115.82758331298828,116.86639971767818,114.8423433556516,116.05482749741653,4920864
2005-09-05,114.45277404785156,119.04951986332851,114.13625893010531,116.86638881315,7254784
2005-09-06,113.49517822265625,115.23519502209773,112.64627645645356,114.83752246821454,5023440
2005-09-08,114.11522674560547,114.83752837542305,113.23548477918939,113.62016941737969,2878192
2005-09-09,112.96757507324219,114.75628296519423,109.64337926872518,109.64337926872518,3741776
2005-09-12,116.0710220336914,132.9354919467049,114.14760038036657,115.97363735765647,6631072
2005-09-13,115.43803405761719,116.13598418243744,114.48037487938161,116.13598418243744,2244984
2005-09-14,113.63312530517578,115.81138287916308,112.56509323994337,115.24328219229962,3890080
2005-09-15,117.66988372802734,118.06430672382622,113.78244996813744,113.78244996813744,11040736
2005-09-16,118.29480743408203,119.92606620273864,116.55804027604984,118.06432361447426,5480184
2005-09-19,118.01553344726562,120.1126323076834,117.10981649999131,119.92596682174941,2877448
2005-09-20,119.3384780883789,120.11272136794199,115.24328671789029,118.08379026375378,6293424
2005-09-21,117.97502899169922,119.78807884748079,113.62012898812542,119.62576437749776,6215320
2005-09-22,113.73861694335938,120.68081009009856,113.37665884052973,119.78808049292904,6482408
2005-09-23,114.63134765625,116.03862127699098,113.64934707118343,113.64934707118343,3815824
2005-09-26,118.96842193603516,119.54463646443111,114.9186729352576,115.24330195484872,2290048
2005-09-27,118.6762466430664,120.19388320422581,117.37773068677498,119.70693972061652,6404008
2005-09-28,119.26054382324219,119.6987948258144,117.43450623493123,118.81417907943285,5900064
2005-09-29,119.53324127197266,121.28137124486412,118.89534660800824,120.11270510570115,8421888
2005-09-30,120.30426025390625,121.07038984760842,118.83531600622166,120.11273033220341,4982976
2005-10-03,121.56542205810547,122.13352269268529,118.11623963387093,118.11623963387093,4472520
2005-10-04,120.90479278564453,121.89815646387767,120.38052026293487,121.71961452502141,6350472
2005-10-05,119.30113983154297,120.84312735317516,118.89535364163976,120.43734116327195,6577720
2005-10-06,115.62146759033203,118.90022182037454,115.01278833624824,118.90022182037454,8233792
2005-10-07,117.25604248046875,118.00268549609058,114.85377905929678,115.64912436858947,6206624
2005-10-10,117.55626678466797,119.70693372964118,117.13425308274999,117.66177516359247,5371728
2005-10-11,119.11932373046875,119.69067373767803,115.40556849738311,118.48954290167325,11565120
2005-10-13,116.97196197509766,120.51853024930698,116.08409640538086,119.30117135789983,13605792
2005-10-14,115.57276153564453,117.84028962617543,114.83747232853872,117.67797517765453,5226192
2005-10-17,116.39244842529297,117.02871829451905,115.55977450534822,116.05483159581293,4388816
2005-10-18,117.18949890136719,119.12835079829931,116.38761212182568,117.27408255384628,10941600
2005-10-19,113.98845672607422,118.73797782458958,111.59418336316152,118.73472155245585,10058832
2005-10-20,115.1888198852539,116.70476308627877,113.13124360764367,115.08634661613638,6352952
2005-10-21,116.15656280517578,116.8511013184292,114.59019777452828,116.21674422980902,5923416
2005-10-24,114.46827697753906,117.43672607855518,113.94453346307388,116.47705911045124,3149632
2005-10-25,117.11140441894531,118.00600542492336,114.54959244728087,115.35147906677513,5420312
2005-10-26,115.6685791015625,117.51796131095684,115.41158202580483,117.11132476662826,4142808
2005-10-27,113.96406555175781,116.20869933274791,113.04506215454572,115.72886578843062,6771944
2005-10-28,110.7808837890625,114.59025469998382,110.1985770890547,114.59025469998382,4501496
2005-10-31,113.96070098876953,114.50884623405867,110.63441220567356,111.0117720948083,2851968
2005-11-02,116.21672058105469,116.7860117245588,112.91483393426074,113.96395816996255,2852888
2005-11-04,116.21672058105469,116.21672058105469,116.21672058105469,116.21672058105469,0
2005-11-07,119.12508392333984,119.36418163519319,114.5089414278183,114.5089414278183,4188480
2005-11-08,120.12051391601562,120.71095135953773,119.58375531126546,119.87653182952405,5782184
2005-11-09,118.47770690917969,120.61336426514055,117.9458227759764,120.12051567792342,5000792
2005-11-10,119.53169250488281,120.11237100325445,118.49395467453647,118.49395467453647,3095696
2005-11-11,120.58084869384766,121.01513409695131,119.14460447045275,119.14460447045275,5919888
2005-11-14,122.82868957519531,123.18327559783036,121.17774054834084,121.17774054834084,8040360
2005-11-16,122.94258117675781,123.37362020853618,122.17485556974033,122.90680189925702,6742576
2005-11-17,122.61397552490234,123.45489740866769,121.37779404748568,121.99100534453329,4878464
2005-11-18,124.18362426757812,124.51218998364038,122.96697012100866,122.96697012100866,8707720
2005-11-21,123.50859069824219,125.13838396975063,122.47898371278585,124.38204560461105,6597336
2005-11-22,121.97966766357422,124.00797742854635,121.01512624917055,123.12963786373939,4751000
2005-11-23,123.34596252441406,123.78024786793877,121.90971849805534,121.99104586196331,6054776
2005-11-24,123.96402740478516,124.69108914909475,123.29226269903316,123.29226269903316,4544088
2005-11-25,124.73179626464844,125.2441627195646,122.8336180327859,123.96407057792926,3344264
2005-11-28,125.86711883544922,126.05742209939069,124.91883893204135,125.14655953657417,2535248
2005-11-29,125.68008422851562,126.05744447943769,123.6631710734401,125.63454605611871,3303424
2005-11-30,123.7070541381836,126.26073540994511,123.21095919231358,124.5935244109732,4023376
2005-12-01,126.06551361083984,126.43637106375948,123.51671743645733,123.61756254853458,4161968
2005-12-02,126.05741882324219,128.0418085631524,125.33035692769192,126.43640713312573,4784360
2005-12-05,124.54146575927734,126.3908491454382,124.12669820567474,126.22006367367905,1913080
2005-12-06,126.3826675415039,127.68390478774847,124.12990453000393,124.83744831158847,3233064
2005-12-07,129.76266479492188,130.12375344545885,126.89506178415522,127.03331430112921,5618952
2005-12-08,131.47055053710938,132.13254645422361,129.4942918880547,129.7171280410727,9585192
2005-12-09,136.8495635986328,137.81736130180823,131.04279723489554,131.58768665107738,6194224
2005-12-12,134.20645141601562,138.66319623983185,133.5395708069231,134.21946657781217,6191488
2005-12-13,135.62144470214844,136.46725086467083,133.78344914921544,134.35274042219083,6027072
2005-12-14,136.9470977783203,138.25646585173854,133.37682588050072,135.00337253758,4819208
2005-12-15,136.857666015625,138.13450141590823,135.68655021179018,137.4350882043966,4249016
2005-12-16,139.4276885986328,140.37108439933027,136.8740063986517,137.44329816620402,7907432
2005-12-19,141.0671844482422,142.56685613887203,139.63907130088035,140.37101751037827,4701168
2005-12-20,137.72787475585938,142.3228702821104,137.1992469519544,142.3228702821104,4628568
2005-12-21,137.12611389160156,139.4439445674205,135.89807225591022,138.66320358846616,3282432
2005-12-22,137.01214599609375,138.23205592041697,136.5453279259316,137.44318480708225,2519208
2005-12-23,135.95982360839844,138.66314417032774,135.41004987894175,137.19925173920404,2455032
2005-12-26,135.2392578125,136.14198944876176,134.69924299517191,136.14198944876176,1625280
2005-12-27,138.10684204101562,138.5004635970386,133.62082307101258,135.22785214512948,1565208
2005-12-28,137.0902862548828,139.069791501541,136.35833998382208,137.8498810497731,2582056
2005-12-29,139.07472229003906,139.87498103354122,136.765022412209,137.44329006985032,3461784
2005-12-30,138.4891357421875,139.87495742046926,136.62999309884015,136.62999309884015,2380248
2006-01-02,137.248046875,139.14297828055538,136.74056495714225,138.90712695768386,1653504
2006-01-03,140.9565887451172,141.50636254115378,136.7926315189331,137.05775953000162,3396936
2006-01-04,141.76168823242188,142.31471813055714,140.06194479456175,141.50957545708087,3545616
2006-01-05,140.8882598876953,141.99756623563147,140.0375789048518,141.91623887810817,1431824
2006-01-06,138.7119140625,141.50144589498726,137.60586418460846,141.10293992925276,2965744
2006-01-09,137.35862731933594,140.69630468359261,136.7112648399533,139.08277296338062,3883272
2006-01-10,136.02003479003906,138.24027610027602,135.084769976834,137.44326385361197,3972648
2006-01-12,136.1175537109375,137.36186588092,131.34364321947058,134.43408188345813,13919696
2006-01-13,134.33334350585938,137.44330240633178,133.70224210414762,136.6300284275961,3608568
2006-01-16,130.8362274169922,134.27149491173887,130.33200166761154,134.27149491173887,4804912
2006-01-17,132.02682495117188,133.3768570060681,130.93703645107905,131.018363802912,3753056
2006-01-18,131.95843505859375,132.3039007750536,130.53582327122686,131.84761629275062,3165120
2006-01-19,134.4678955078125,134.8215068869135,132.30384717846155,132.30384717846155,3574728
2006-01-20,133.94973754882812,136.05675594959354,133.21643606589657,134.84599491685555,3294240
2006-01-23,132.1702117919922,133.21638539146127,131.28536286603537,133.21638539146127,2280272
2006-01-24,133.83566284179688,134.3571236492915,132.8416359478521,133.21643248428845,1890064
2006-01-25,134.53640747070312,135.25015521666145,133.9090311389459,134.35715993192687,6365736
2006-01-27,135.18487548828125,136.88287214114294,134.4874198894664,136.88287214114294,3003816
2006-01-30,135.16378784179688,136.85037761053178,134.6097337435439,135.693394573994,1383144
2006-01-31,136.10072326660156,136.85031617261748,134.63085836700947,136.85031617261748,1503160
2006-02-01,135.79600524902344,136.7199621607381,134.47117335397607,134.92744775815393,3896696
2006-02-02,133.3630828857422,136.5570138371707,132.7813292585678,136.06814624586818,3135736
2006-02-03,132.8742218017578,134.25934671161608,131.37502579246853,133.61566902900393,4357520
2006-02-06,136.80636596679688,137.1273843027119,132.51247220787678,132.800907321941,2894976
2006-02-07,136.40219116210938,137.98286488367154,133.97089268444918,136.88291290497088,7002784
2006-02-08,135.45706176757812,136.23924792451743,134.63087434468636,135.74223452919406,3332648
2006-02-10,136.0355987548828,136.72001560169164,134.03613639848467,136.08123118615538,2728200
2006-02-13,134.5200653076172,136.0681460107333,134.27563151238832,136.03555284882881,2020544
2006-02-14,131.87692260742188,136.06814253512493,131.50537847406684,136.06814253512493,6962064
2006-02-15,131.94203186035156,134.2674139726325,130.77201057916082,134.2674139726325,4209320
2006-02-16,132.74057006835938,133.60749632504258,131.34240618536725,132.40161913847504,5284488
2006-02-17,132.40162658691406,134.96003539140062,131.9942369666466,134.43857468825118,2923448
2006-02-20,134.4271697998047,134.84596753297825,132.59717876453576,133.54232071694943,2643608
2006-02-21,135.74217224121094,136.14956171372356,134.52814962391687,134.84591540168313,2301240
2006-02-22,135.40492248535156,136.06815408260803,134.54452064704398,136.06815408260803,1156592
2006-02-23,136.11373901367188,137.68951897240936,135.25332752950845,135.25332752950845,4141584
2006-02-24,136.07301330566406,136.8828990174205,134.95187638469577,136.08930491046655,1097336
2006-02-27,137.72703552246094,138.1050943193137,135.77482746041932,135.82371223026308,2521112
2006-02-28,138.57766723632812,138.8383926337516,136.06814301547251,138.10509126420715,2821744
2006-03-01,141.78782653808594,142.21151755264557,137.4743916227528,138.51241919207436,4506152
2006-03-02,141.91831970214844,142.91234687072364,140.17142700631445,142.21163837926568,3277696
2006-03-03,138.98184204101562,141.93460243490824,138.29742520654173,141.93460243490824,2124440
2006-03-06,142.1219024658203,142.83075620502493,139.3272065662251,139.81607395768555,3631584
2006-03-07,140.52496337890625,142.58635871473908,140.14202113677212,141.78461877405573,1985168
2006-03-08,140.35060119628906,141.77157125128585,138.9198442433577,141.119747935188,3813488
2006-03-09,140.5380401611328,140.7938820894727,137.69772033056068,140.14205856128072,4662712
2006-03-10,143.6993408203125,144.62329758166288,137.69767488056917,137.8606307088302,6434944
2006-03-13,148.99053955078125,150.53862020770995,144.52555499210348,144.52555499210348,7178552
2006-03-14,146.91773986816406,148.91720140940475,145.93511130625862,148.68906918416866,3477456
2006-03-16,149.54458618164062,149.91123684572798,147.1735805430828,148.0453903659429,4600064
2006-03-17,151.63046264648438,153.2192826473476,149.91942572247783,149.91942572247783,5932240
2006-03-20,155.45986938476562,156.03021481751898,151.99705782876325,152.68962013996372,7012872
2006-03-21,156.04652404785156,157.65979100398116,154.6988858792668,155.4598869434605,5301384
2006-03-22,154.2671356201172,156.43771004045348,153.27636067163596,156.43771004045348,5121168
2006-03-23,152.7058563232422,156.3560697464921,152.22188243433874,154.80798984801197,2644488
2006-03-24,154.11219787597656,155.2154119129336,152.28710072684552,153.74880959564604,2917384
2006-03-27,154.071533203125,155.62287647384787,153.63156025264738,154.40070728688048,2928432
2006-03-28,153.79771423339844,155.7042994815633,153.2599619700788,154.808042394019,3751272
2006-03-29,154.65814208984375,155.0443466616249,152.1192871424688,153.0970222499726,4284296
2006-03-30,160.35670471191406,163.7706318120287,155.04434789722183,155.04434789722183,5784168
2006-03-31,156.07095336914062,159.52561911342545,155.62282481600553,159.52561911342545,2920168
2006-04-03,158.94386291503906,159.37080640645743,156.4376013805717,157.0079468022717,3105672
2006-04-04,158.76461791992188,159.6967205350706,158.07205561147896,158.9145345053303,2971608
2006-04-05,157.42030334472656,160.11722168029522,156.43767442812594,158.89015889740065,2776928
2006-04-07,153.9329833984375,162.7114141291834,152.77110740722028,158.71899585560806,7385560
2006-04-10,154.32733154296875,156.43434943246126,153.1784948210182,154.80805327656097,7034440
2006-04-12,145.09591674804688,154.80808303139074,143.64560546544308,154.66141876378813,13157376
2006-04-13,146.42892456054688,149.0802104559793,144.21598051531907,147.06770894358812,8601672
2006-04-17,155.342529296875,155.7042864441875,147.90359211471767,148.69718616464792,9688752
2006-04-18,163.72984313964844,170.12585841034382,161.16328924121652,161.16328924121652,14778488
2006-04-19,163.99546813964844,167.02970451277343,162.79285347147382,165.3186685153255,9803312
2006-04-20,162.13294982910156,164.98956114606446,160.91892657107937,164.57728795423188,6296944
2006-04-21,162.87928771972656,165.39694798847287,160.10414444196797,162.95587220556538,4973000
2006-04-24,161.26600646972656,162.92815820972476,160.1041304070692,162.79290206276045,5234808
2006-04-25,157.00474548339844,161.31819327707694,154.7266252112044,161.31819327707694,5702208
2006-04-26,158.2594757080078,159.3708359003465,155.62285100698455,157.08945379134357,7071136
2006-04-27,158.544677734375,163.2003288482126,157.25243868050438,158.25950491811503,7164848
2006-04-28,161.16822814941406,162.22254771860105,149.13393273024195,155.37840205895137,5292360
2006-05-02,164.02809143066406,164.94390245141835,161.3262808314456,161.65219250989293,6239280
2006-05-03,165.52731323242188,166.20683640420648,164.182927346914,164.9113352889643,3148160
2006-05-04,166.5164337158203,167.6734162888852,164.69133612665362,165.23723425351469,3929824
2006-05-05,163.49853515625,167.43717621477649,162.5484995369728,167.43717621477649,2710520
2006-05-08,164.5413818359375,170.45179278572212,163.7706039671613,164.66686100379752,1484712
2006-05-09,164.98138427734375,166.5734660591391,163.36323393671185,165.56313783511146,1800392
2006-05-10,164.72396850585938,166.78536463140463,163.1433042233894,166.5735239493659,1978192
2006-05-11,164.4794464111328,165.3431201796846,163.3957962187584,165.3431201796846,1964024
2006-05-12,162.64297485351562,164.98138728379084,160.53595694150994,163.85210445555776,2777136
2006-05-15,159.77008056640625,163.0373436855398,156.43763112255692,161.32630709513683,4034504
2006-05-16,160.89443969726562,162.5484454008106,156.42130998366517,159.69345598908475,2671568
2006-05-17,164.30516052246094,164.58543986377444,162.1411016479758,162.5484913506089,1343368
2006-05-18,156.8988494873047,162.947772374508,154.8081222721486,162.141138590303,4542360
2006-05-19,154.1855926513672,159.68047007219144,150.85640523146597,158.88198228536788,4868216
2006-05-22,145.0714874267578,156.43766125210615,142.09754230399642,156.43766125210615,4699416
2006-05-23,149.1208953857422,152.6896325037861,138.5939513815049,146.66026601217447,5388136
2006-05-24,145.89923095703125,153.17846434478164,143.40111555681685,152.3636852791179,5705568
2006-05-25,152.93080139160156,154.67769325802146,142.1789776991577,145.03070504555916,5839048
2006-05-26,152.067138671875,154.8080572581167,150.0008596906278,153.99327800938977,2208184
2006-05-29,150.77984619140625,151.95638306419588,149.94388159398656,151.95638306419588,2802688
2006-05-30,151.57826232910156,154.4088044792873,149.51198346772577,151.95632107210278,4516056
2006-05-31,145.26702880859375,150.00904118605277,140.95684356808457,150.00904118605277,5769856
2006-06-01,139.2751007080078,148.69720887951985,137.69768931856905,148.69720887951985,5942760
2006-06-02,146.17140197753906,146.66026954268133,137.53474166002562,139.72649989962068,4213560
2006-06-05,144.0203399658203,147.01873078737964,142.93342752006913,146.17135860337086,3211680
2006-06-06,142.4967498779297,145.6662432576517,137.6976979426731,142.16269236325232,2971136
2006-06-07,138.8351287841797,146.66027227190798,137.96331892186674,146.66027227190798,5410536
2006-06-08,134.26748657226562,140.54943316085658,131.27724049043874,140.54943316085658,5360992
2006-06-09,136.16268920898438,137.86068684600298,132.40166437633266,136.43156046747936,4061912
2006-06-12,133.522705078125,138.4309322755436,132.07565698567166,138.4309322755436,3591904
2006-06-13,127.94969940185547,132.7601602650884,127.18706706066648,132.07574356524046,2736984
2006-06-14,120.88553619384766,132.398360571916,118.24564953938695,127.26525150058943,12786016
2006-06-15,126.33642578125,129.2239988890103,122.2983747366989,129.2239988890103,5967360
2006-06-16,137.68991088867188,140.14136330805476,129.14251544808732,129.60011790470838,8390168
2006-06-19,136.33016967773438,137.6899098059918,133.7071176046173,137.281334405974,4294088
2006-06-20,131.34556579589844,137.9350718470099,130.74414393081508,137.9350718470099,3687920
2006-06-21,134.1189422607422,134.58471414849396,130.335530702397,132.3784073591744,5963496
2006-06-22,137.01657104492188,138.0984778485293,134.8298748225286,134.8298748225286,3668104
2006-06-23,138.49563598632812,138.91565274515597,132.7870210063991,134.8298982526514,3304720
2006-06-26,133.4815673828125,140.5499209662917,132.21989148492145,140.5499209662917,6575056
2006-06-27,134.3853759765625,135.48362202087316,130.74414670289326,135.48362202087316,5002632
2006-06-28,138.80117797851562,139.94192682698645,131.23436655920176,132.37837722659205,4785400
2006-06-29,137.34671020507812,140.54993734527872,136.46418335268342,139.73278654675966,6318576
2006-06-30,142.08290100097656,144.39053386244322,139.37813408208163,141.77565152877136,5449760
2006-07-03,147.103515625,147.70003983118738,141.5632379582335,142.34770090507794,4285520
2006-07-04,148.32106018066406,149.620332126955,147.4957397537705,147.98603030142846,3584768
2006-07-05,150.56820678710938,152.1534813591025,147.0871463192183,148.47630270112205,4245072
2006-07-06,147.43858337402344,149.70208802945112,146.44656069848892,149.37522757523834,2310920
2006-07-07,142.73170471191406,149.6856649507506,142.1842177485082,148.69690465193767,2928672
2006-07-10,146.95314025878906,148.52533770897708,142.18424905640143,142.18424905640143,3859312
2006-07-11,144.6324005126953,148.31285041696574,144.07674402780398,147.0871243804619,3618984
2006-07-12,154.466064453125,155.99413290171645,145.45288452857795,145.45288452857795,9521616
2006-07-13,152.59146118164062,155.157316530404,151.19413539480936,154.6049218256708,5383576
2006-07-14,153.15859985351562,154.93181334750875,149.13821137026542,150.35576822754015,4949808
2006-07-17,151.90830993652344,156.40263863287026,151.25458939887298,154.01656266043963,8996832
2006-07-18,149.90631103515625,159.34440257212032,148.3537245485561,151.99004553033015,11043936
2006-07-19,143.61911010742188,154.8500219510691,142.63852949348373,153.78772628596943,14046384
2006-07-20,147.5904541015625,148.72138757451899,144.6356351686256,145.1177559475173,6312720
2006-07-21,144.43629455566406,147.47936297791705,143.21383032007103,146.9236965094671,4391664
2006-07-24,148.56292724609375,149.70203070483944,141.77566772538015,146.67857266112816,6825088
2006-07-25,150.95228576660156,151.58148795301577,149.13494301092118,150.3557616353364,4636600
2006-07-26,154.34339904785156,154.85002839614683,149.74283748598367,151.82657137733025,5908720
2006-07-27,155.23416137695312,156.88970999320463,153.25666007564928,154.85010442194368,7399848
2006-07-28,151.97679138183594,159.58831672659468,151.2483745926251,153.88375894149306,3019608
2006-07-31,153.2371368408203,157.9595504939991,152.23044762634112,153.0488908931494,1724700
2006-08-01,152.55776977539062,153.82635638028256,141.263256776998,141.263256776998,1762508
2006-08-02,153.90005493164062,154.27653678984555,150.5935425428731,151.41198570886698,1784732
2006-08-03,154.6366729736328,155.83159814613873,153.3926332124624,154.27655593774762,3010272
2006-08-04,155.2668914794922,157.76314378620674,154.35842132667673,157.141128816129,2674200
2006-08-07,153.2289276123047,155.83158091165046,152.39411956801112,155.6678922762391,1719964
2006-08-08,156.28990173339844,156.81370734690566,153.04886886154154,153.86731201053374,1178400
2006-08-09,158.1396026611328,159.59643565987147,154.44024312316796,155.50421936090044,2052120
2006-08-10,158.08233642578125,159.5964566555907,157.141126553197,157.30481522668993,2279124
2006-08-11,158.3851318359375,159.40818588611475,156.65003616314175,158.76162371901248,1893972
2006-08-14,157.90225219726562,159.59642564239556,156.97740737544342,159.3918148402899,1721428
2006-08-16,159.1381378173828,161.15150659744074,158.4506433583775,160.25121885108632,3804268
2006-08-17,157.16558837890625,160.90586829984784,156.81365394837664,159.59635970737705,2497168
2006-08-18,158.72889709472656,159.18722334888952,157.14111507962357,157.95955838732996,1803640
2006-08-21,158.66342163085938,159.76013768896703,156.65005304133345,159.76013768896703,2414088
2006-08-22,159.66189575195312,160.90592535964998,158.77797314227925,159.10535040649012,2178096
2006-08-23,157.6485595703125,160.21029134132223,157.15749354321267,159.76014748314736,2497736
2006-08-24,158.843505859375,159.58010495086697,156.03624088104976,158.7780263882699,2369852
2006-08-25,159.49822998046875,159.90745161938543,158.39333155539373,158.941684555237,2611752
2006-08-28,160.59495544433594,161.28244987919314,158.49974239729434,159.59645852066606,2300316
2006-08-29,162.0681610107422,162.37917350468797,160.90597535797204,161.23335272390892,2679596
2006-08-30,161.036865234375,162.87017980927476,160.58672152133428,162.23179018356728,2744772
2006-08-31,163.3694610595703,164.3434105605468,161.0696374418108,161.0696374418108,6076856
2006-09-01,163.56590270996094,163.8523578810817,162.2318360595788,163.03391453502235,1728728
2006-09-04,166.4958953857422,166.96240398881824,163.52494273022492,163.52494273022492,2010492
2006-09-05,164.63809204101562,168.59936056904328,163.852388281177,167.45353967197212,3945288
2006-09-06,162.6410369873047,166.55319967876684,162.23181536647232,166.55319967876684,2800432
2006-09-07,161.5115509033203,162.8701643464503,160.46393981976289,160.46393981976289,1583584
2006-09-08,162.21551513671875,164.67084584009996,161.23338285536627,164.67084584009996,1570564
2006-09-11,156.06895446777344,163.5249709131588,155.34053793452222,163.5249709131588,4073480
2006-09-12,160.07113647460938,160.41487864683333,155.83159639978095,156.32266235482226,1835256
2006-09-13,163.68043518066406,164.9981265542998,160.5785338787382,160.90591111396498,2307632
2006-09-14,165.88206481933594,166.30765126919275,163.9996455382378,165.16183083721995,2388728
2006-09-15,164.1305694580078,165.9802487327155,163.1484378087018,165.9802487327155,2359700
2006-09-18,163.0584259033203,165.48919796013976,162.39547898713258,164.83444346771586,1390388
2006-09-19,165.333740234375,166.96244450985424,162.11726384195217,163.19760507482812,3973944
2006-09-20,168.6074981689453,169.2540603294316,162.7228793436255,165.48922146330307,2695896
2006-09-21,172.36416625976562,173.16624472394642,166.6350629177981,168.92670425458513,5107184
2006-09-22,170.1625518798828,172.50328769298565,168.61568207774567,171.05464707055924,2488644
2006-09-25,167.87913513183594,171.87314360818002,167.3307819556781,171.3820774835852,1349580
2006-09-26,170.9400634765625,171.87308077961347,167.76449970204382,168.59930781238276,3717008
2006-09-27,170.6699676513672,172.69151839648094,169.60599147167324,171.87307518133176,3352740
2006-09-28,167.0361328125,171.70944311259734,165.81665002198392,171.06288075221164,6121572
2006-09-29,167.29800415039062,169.43413930818772,166.96244437308764,167.3061865857856,1752804
2006-10-03,166.0294189453125,169.41777647292372,165.16187097698554,169.41777647292372,1632712
2006-10-04,161.6261444091797,166.30763485870122,160.96319751777446,166.30763485870122,6947628
2006-10-05,163.6477508544922,165.1618710799526,162.54285231158863,163.36129567670238,5849400
2006-10-06,162.73928833007812,164.83450144462762,161.7244165117101,163.85236936054838,2766944
2006-10-09,164.04055786132812,165.16182093479924,160.50487760305438,161.23329397500223,1546832
2006-10-10,165.57107543945312,166.60231197344945,164.17972186433167,164.17972186433167,2769780
2006-10-11,171.0137481689453,176.6855649185929,168.59934014263095,168.59934014263095,6773716
2006-10-12,177.201171875,177.6022011107039,170.39989986750484,171.8730978490683,5052848
2006-10-13,180.64671325683594,183.33120997056528,177.1274087797224,178.32234340874416,4874112
2006-10-16,184.91905212402344,188.2419395716809,182.51283706297755,184.14972349403564,9727060
2006-10-17,182.8238067626953,191.47474553316002,181.69435139286824,186.93238674833833,8749216
2006-10-18,181.08059692382812,182.84025018207097,180.22123137910486,181.7107943269863,4995084
2006-10-19,178.8135223388672,182.14458306086163,177.21755767039414,181.03968444422642,3103620
2006-10-20,178.3551788330078,180.3849224283254,177.78226846231894,180.05754507364605,2129404
2006-10-23,177.28831481933594,179.7176044918579,174.21889263120275,179.7176044918579,1327904
2006-10-26,177.14877319335938,179.2251561498729,176.4511755226883,177.43601929304748,5140212
2006-10-27,176.39370727539062,178.91326158486598,174.38298484014786,177.46062122062148,3126408
2006-10-30,177.16513061523438,178.5849506363637,174.02183450800044,176.61526368081556,4154172
2006-10-31,178.43722534179688,180.3576822018078,176.46753832846818,177.27183119958255,3430936
2006-11-01,177.79701232910156,181.52301434539257,177.32102082614117,180.06215963545242,1910904
2006-11-02,177.280029296875,178.91321994129595,175.95868970373326,178.91321994129595,2204376
2006-11-03,175.1298065185547,178.58497419012787,173.66075615179713,178.0925523862948,3144440
2006-11-06,173.8905487060547,175.61402493725774,173.3324666809931,175.05594291219614,2536892
2006-11-07,174.83438110351562,178.07615826884398,174.0218730324662,176.2870215474754,3219180
2006-11-08,174.53076171875,175.77822665540586,172.53644880752157,174.80979280996362,2436760
2006-11-09,174.57992553710938,176.4511322492305,172.8974845086865,175.46628872039759,3365420
2006-11-10,175.41705322265625,179.6847088717352,174.82615106319963,175.63044401978803,3313476
2006-11-13,176.57424926757812,177.27184681290672,174.9902884808462,175.76176131769665,2023316
2006-11-14,181.5804901123047,182.19601719743113,177.4359410724532,177.4359410724532,6003860
2006-11-15,180.02938842773438,184.16572285143238,179.00350984678832,183.0167388407728,2698040
2006-11-16,178.47824096679688,181.5394665391946,177.84630379314407,180.55462314024777,2101688
2006-11-17,179.7584991455078,180.14422537017072,177.4687268101356,179.56973353527724,2221684
2006-11-20,183.48446655273438,184.00151317067557,174.899929833597,178.10066980400572,5174936
2006-11-21,188.52369689941406,189.08997396301083,182.85263107186987,183.21373238246858,4158152
2006-11-22,188.44979858398438,192.20862192704382,186.3570061590742,189.41823202716358,5591464
2006-11-23,187.80148315429688,191.94603356155176,187.12029561467625,189.74654537768924,3870324
2006-11-24,188.7615966796875,189.8941702671025,186.48825450092554,188.7615966796875,3205304
2006-11-27,190.5344696044922,191.05971165622105,188.76174261568232,188.76174261568232,2933708
2006-11-28,188.73703002929688,189.74649854011398,182.38479799769078,188.76165512208573,2682960
2006-11-29,191.14991760253906,191.8475150571339,188.7616641844848,190.40306996000209,2603156
2006-11-30,196.77178955078125,197.78945341258193,191.3879690282743,192.50413329457615,6254552
2006-12-01,195.22056579589844,196.9686667203796,193.89103130287364,196.9686667203796,3762140
2006-12-04,195.72128295898438,198.7742945407934,195.32734145627097,196.96874768699593,2234092
2006-12-05,195.63919067382812,198.56088141434452,194.5066164944959,198.56088141434452,2116476
2006-12-06,196.73890686035156,198.11769182154353,192.40559128375963,192.40559128375963,3180856
2006-12-07,196.0330352783203,202.6232612690974,194.85121148682236,197.78933086552274,2872872
2006-12-08,193.17713928222656,196.80464372044247,192.5944319471062,196.80464372044247,1887268
2006-12-11,192.6107940673828,195.16318861099384,186.13545490737343,192.86522003189046,4279432
2006-12-12,183.91954040527344,193.685906004661,181.3753611314834,192.04450002157066,5118300
2006-12-13,183.97698974609375,187.2844268837638,177.32929536503113,183.91954454273213,3617220
2006-12-14,188.69602966308594,190.40309590961442,181.3835779585738,181.3835779585738,2916024
2006-12-15,190.4359588623047,191.78192410651954,188.43345110737621,191.78192410651954,2305716
2006-12-18,193.89108276367188,195.06469205504055,184.49403346147486,189.58239203559026,2351424
2006-12-19,187.4239044189453,194.3096132999889,184.65813984285927,193.85001169281492,3623628
2006-12-20,185.2736358642578,191.69152701731238,183.02491846467768,188.76162236447087,3755660
2006-12-21,186.6196746826172,188.76171784325652,182.36023349900697,186.6278897285067,2255816
2006-12-22,189.41001892089844,190.40307746892626,185.1669888311923,186.29956286830284,1750016
2006-12-26,195.55709838867188,196.0495201472282,189.25409587181244,189.25409587181244,1797392
2006-12-27,196.3121337890625,197.95353958997438,193.85824013137596,196.1479932089713,2394400
2006-12-28,198.92202758789062,200.25156264400724,194.99906264023002,197.85511352462336,2418308
2006-12-29,200.5797882080078,201.7944325040035,197.3790469068162,199.17637823819322,1874468
2007-01-02,204.92955017089844,206.48888595513836,199.59498038270925,201.79446854887098,1545060
2007-01-03,210.12460327148438,211.41310303653412,203.39483834563197,205.66818175836744,4384972
2007-01-04,206.66114807128906,210.92058692883498,205.1920782648313,210.92058692883498,3970700
2007-01-05,207.30950927734375,208.22869232618444,205.68451386711965,207.63779036883597,2718740
2007-01-08,204.15809631347656,206.6530255412343,199.4308387868147,206.6530255412343,4951892
2007-01-09,206.22622680664062,207.12078494466707,201.11324377972392,204.83103188958071,4020568
2007-01-10,202.77928161621094,205.99643305741859,201.89291845468117,204.2811719681513,2931428
2007-01-11,209.71426391601562,213.05452147416108,196.78819029036833,196.78819029036833,7400664
2007-01-12,217.31390380859375,218.14282171768272,211.7659644581045,211.7659644581045,6175748
2007-01-15,217.7078857421875,224.5443458946373,213.3909998862592,221.58981502760258,12255832
2007-01-16,217.33856201171875,227.9830757948307,216.50144896845927,227.9830757948307,7625964
2007-01-17,214.14596557617188,219.12762709875744,213.3827080362432,218.2905143284143,2633828
2007-01-18,215.91868591308594,217.64216174739474,214.20342512123517,214.20342512123517,2719816
2007-01-19,213.07919311523438,217.73257662952793,212.0943491953119,215.91881439565702,2882056
2007-01-22,216.08990478515625,217.56237845878113,212.24013291913923,213.89355543002813,3180956
2007-01-23,214.32118225097656,216.17204076843834,213.87698424002585,216.03220214151682,3124152
2007-01-24,215.0532989501953,216.18026205310653,213.57261222380416,215.76896018466454,2355148
2007-01-25,216.41885375976562,225.22894963292137,214.35413000400797,217.99003525465363,5553976
2007-01-29,213.5068817138672,216.34486569349673,212.39636624357738,216.34486569349673,2982324
2007-01-31,210.24111938476562,216.16386776355367,209.2704427171768,213.39991048687764,4865928
2007-02-01,212.56915283203125,213.05448126189359,209.7640645628682,212.22364301214577,1859904
2007-02-02,213.95919799804688,215.02858268623396,213.06256810042066,213.71241691615754,4274616
2007-02-05,214.83126831054688,216.16388277167596,212.88991484058224,214.69964363752692,3010736
2007-02-06,213.61375427246094,216.1638259984048,212.2400099722015,216.0157533009235,3411964
2007-02-07,214.9134979248047,215.917070642731,213.08730124299967,213.87700900178575,2599984
2007-02-08,214.61732482910156,216.32834469717628,213.44099741460647,215.75252205485978,2650024
2007-02-09,211.8040313720703,216.74786818195147,211.1048181389954,215.4234881079876,1993360
2007-02-12,206.605224609375,213.6631507240632,205.65099595490224,205.65099595490224,1786388
2007-02-13,206.12811279296875,211.39277835354272,203.18318647840164,206.6381232525283,4130352
2007-02-14,207.4195098876953,208.4477644479159,204.005704747763,206.1444742330218,3137876
2007-02-15,212.60198974609375,213.8770258618084,201.55441473976492,208.11879824245202,3673556
2007-02-19,215.4893035888672,216.95352231429746,213.08728438059978,214.10732516190401,4738696
2007-02-20,213.80296325683594,217.79259171605042,213.05438576011417,216.16383216350354,5400148
2007-02-21,211.22007751464844,215.8102129911159,210.58667629398005,213.8770931110735,3938188
2007-02-22,212.93922424316406,215.9170459341849,211.57369392409967,213.87698452669483,6939112
2007-02-23,210.1505584716797,213.79469679691928,209.4348972854777,213.05435348365563,3167688
2007-02-26,211.5902099609375,212.86524623986298,202.7718985516999,209.27047055396534,4677684
2007-02-27,207.9789276123047,212.9227645155353,206.30903784281006,206.30903784281006,4709968
2007-02-28,196.33909606933594,204.82012993477323,192.81834748263995,202.85411471509818,9347956
2007-03-01,206.41603088378906,208.61237960193588,195.8455692202052,197.42496492296772,7858564
2007-03-02,198.83160400390625,207.29619041250885,197.58946403605012,206.44069035833365,5311752
2007-03-05,190.11204528808594,197.26046702311132,189.19894668605338,195.77977961426393,5120880
2007-03-06,196.9724884033203,219.63522407052216,191.02505865625108,199.07012818376913,3623920
2007-03-07,196.0758514404297,201.4885684231994,190.41633323249613,197.75395517321837,4440632
2007-03-08,200.45217895507812,202.31125224402163,195.77978346746806,195.77978346746806,2274988
2007-03-09,199.42388916015625,202.85414377921785,197.0959158536115,202.08090406244992,3232148
2007-03-12,203.18319702148438,206.25972808484244,199.23469764616806,201.4886246730019,3636936
2007-03-13,208.18450927734375,208.76033175909856,197.44129894165198,201.62012896872005,2032088
2007-03-14,199.6541748046875,204.31833429840532,198.2475142842026,201.5379294590441,3824948
2007-03-15,203.06805419921875,205.81554383345664,202.03156500997983,202.36060664680392,3823288
2007-03-16,203.61923217773438,206.94254528443608,199.9175130862101,204.23618535965508,4224284
2007-03-19,207.44430541992188,208.07770655866767,197.7211289996055,200.10668088345662,1213696
2007-03-20,206.14456176757812,210.01080055571705,205.32195777010176,207.29620736404505,2775592
2007-03-21,208.44784545898438,208.84269938018429,204.0057840324709,207.46072069753694,1970036
2007-03-22,214.3788299560547,215.02867906305687,210.09305521310148,210.09305521310148,4125592
2007-03-23,211.93572998046875,217.1675005263939,210.58666717710923,215.85133385653697,5265296
2007-03-26,207.5182647705078,213.6631113815478,206.51469211166017,211.40918491414723,6098736
2007-03-28,197.58949279785156,208.92498062277593,196.44608120166453,208.92498062277593,8818048
2007-03-29,205.37957763671875,206.76979072393033,195.6070361504702,195.6070361504702,10266624
2007-03-30,202.99403381347656,206.44075745108887,200.75655441275507,205.3795859863796,2807056
2007-04-02,195.6480712890625,200.71531851093923,194.95709216021555,199.07011098216103,3875896
2007-04-03,197.86097717285156,200.18895089816718,195.4507430338012,196.6023888260879,3256852
2007-04-04,197.16171264648438,201.48859723961738,195.8455463672463,200.38631601399692,2402496
2007-04-05,196.47076416015625,198.41211795782962,195.1381494740762,197.33449850450003,2533992
2007-04-09,200.25477600097656,201.82595819420072,197.50728576493822,197.50728576493822,2284524
2007-04-10,196.98902893066406,201.5380342927512,196.65998724202285,200.25476367380608,3480240
2007-04-11,195.87020874023438,198.979635194741,195.28615197950657,198.3133381329617,3826336
2007-04-12,197.58120727539062,198.9056074841876,192.8183390996426,195.45067137404044,3694956
2007-04-13,207.62530517578125,208.67824259424572,196.43788778120665,199.07022128581244,9778848
2007-04-16,210.62770080566406,214.84766227252064,208.98249322272585,211.2446536492659,9986220
2007-04-17,205.69227600097656,216.34500535195696,203.6768947724127,211.52453446181758,10464964
2007-04-18,205.23973083496094,208.11884529557162,204.17034546387697,206.3091162060449,2853584
2007-04-19,204.4828643798828,205.3219162711012,198.26397138266182,202.36054247872954,3164652
2007-04-20,206.90957641601562,208.6041285101627,205.66743641313573,205.98002993204966,2870752
2007-04-23,205.2890625,208.90852010399797,204.82839622624897,206.47360422806622,2265224
2007-04-24,201.51329040527344,207.62524191568824,200.55084777751503,204.66386762529015,6922516
2007-04-25,200.9376220703125,201.85072121158242,198.74127180007315,201.53812744626623,21752404
2007-04-26,204.0716094970703,205.5851928621028,200.7153810755788,201.86702670470095,5941756
2007-04-27,203.10093688964844,203.4299785046985,200.2629529598417,203.18319729341096,4805284
2007-04-30,208.28326416015625,208.92489908532627,198.2474986674473,204.17847958613206,3888052
2007-05-03,212.2646942138672,213.02150583943805,209.36091862427904,209.73109036513782,6643028
2007-05-04,209.4432373046875,218.79624187695217,208.77691995244717,213.71254453761142,7101200
2007-05-07,209.41851806640625,211.39276755073135,208.14348194111295,210.91565324206528,5553328
2007-05-08,208.3738555908203,210.5866526182927,206.84380390964725,208.94144439471228,8191004
2007-05-09,203.9235076904297,213.87701492340344,201.53795637013016,213.87701492340344,4699828
2007-05-10,202.3111572265625,212.21531837672302,201.7024384878568,204.82833272217104,3044200
2007-05-11,206.0704803466797,207.13163118647603,199.07011416650994,205.65094438689042,3867656
2007-05-14,205.69227600097656,210.33999189541976,205.00951018039018,210.33999189541976,1260376
2007-05-15,203.68504333496094,207.2962679053049,201.53803824126862,207.2962679053049,4203120
2007-05-16,201.40640258789062,208.11886083624847,199.16070920741055,208.11886083624847,6523616
2007-05-17,205.6510467529297,206.25976581807433,202.3606300048828,202.87064058420808,2931260
2007-05-18,206.11990356445312,209.92856453162892,205.6510232480691,207.28799735988062,2921004
2007-05-21,203.52037048339844,208.94132032796017,202.36049134125275,208.94132032796017,2856844
2007-05-22,202.46751403808594,204.6638625658819,200.8881184722048,203.5944774318962,6160224
2007-05-23,202.91995239257812,204.25256681429448,201.55442176202757,204.25256681429448,1271812
2007-05-24,201.4969024658203,205.6510537516027,200.87994930456549,205.6510537516027,4552804
2007-05-25,202.35231018066406,203.18314809071285,198.74108736322358,200.871623271501,5244168
2007-05-28,201.62025451660156,205.6510143988184,201.29944696738218,205.6510143988184,2585172
2007-05-29,202.5497589111328,203.18315988687218,200.71534822832717,201.52150405340572,2967280
2007-05-30,199.99964904785156,205.6509326607492,199.10299893159137,205.6509326607492,2600056
2007-05-31,198.79876708984375,202.19612669329817,197.42502199508365,202.19612669329817,5176492
2007-06-01,200.50157165527344,202.21259268080777,199.25945116501822,202.21259268080777,1728988
2007-06-04,198.757568359375,205.6509936842935,197.75399552681662,202.03153619544992,1853384
2007-06-05,198.74937438964844,200.35345230196577,197.4249738236719,200.35345230196577,1751600
2007-06-06,197.4824981689453,200.22177294941753,193.83835917218568,199.89273141622212,3832020
2007-06-07,198.5765838623047,199.79404166565362,191.71607528655005,197.4249383883725,2008940
2007-06-08,200.7317657470703,202.44278558660835,195.77969512235995,198.4942875337204,6019076
2007-06-11,200.9376220703125,203.90723271613618,200.39471508298243,203.43835210972196,2648136
2007-06-12,200.27935791015625,202.3605496939543,197.42492653068715,199.0701342517762,1402072
2007-06-13,197.95956420898438,200.7152863785256,196.32259101315222,200.55076565198584,1768488
2007-06-14,198.17347717285156,200.71531472361167,197.63878473608784,199.07010722587714,4176068
2007-06-15,195.50772094726562,201.38417311639503,194.78141334208698,201.38417311639503,4983152
2007-06-18,191.9091339111328,197.2573712709939,191.4799587233079,196.92723341112614,2874456
2007-06-19,191.4798583984375,192.3877370373956,188.7232167728759,192.3217054700158,3495436
2007-06-20,189.3341522216797,193.62594643071515,188.34373817344073,191.64511833423722,4024968
2007-06-21,189.10299682617188,189.96136750945536,186.52792507636053,189.00395948002904,3043728
2007-06-22,188.17030334472656,190.65459859859268,187.27068580961335,189.0039094332369,2677304
2007-06-25,185.8263702392578,189.8292922719489,184.67088759064595,188.17034126643458,2803776
2007-06-26,185.16619873046875,188.17870876107366,184.5224254336486,186.6930873761178,2832744
2007-06-27,187.0478515625,187.96397198257839,185.5374669077586,186.51137757010656,2956696
2007-06-28,187.65866088867188,188.8306465854764,185.7025975577347,188.8306465854764,4342792
2007-06-29,189.72201538085938,190.81972805408117,188.18688606005605,188.34369352050746,3004456
2007-07-02,187.26243591308594,190.32447256465707,186.69295617573908,190.32447256465707,1477152
2007-07-03,186.1317596435547,189.82930846451978,185.5375154035828,189.82930846451978,1829368
2007-07-04,184.48928833007812,188.17857477930082,184.2169205734208,186.19774767636082,2415464
2007-07-05,183.4989776611328,186.23085781561392,181.70798284806904,186.23085781561392,3179204
2007-07-06,191.257080078125,192.28876067649443,181.5922881725953,184.0518187491104,7605684
2007-07-09,194.24490356445312,195.17754724190914,192.30534323568122,192.86658174379795,5359768
2007-07-10,195.3013153076172,198.0827228442181,192.8005169017056,195.60668880866538,7492968
2007-07-11,189.64764404296875,195.60662669976983,181.57577162003952,195.11142004989702,6062124
2007-07-12,191.90097045898438,192.96565742927316,187.18824253618115,190.65469147203635,5763944
2007-07-13,187.5183868408203,208.23454665466093,186.56924007644116,204.04178996113762,5784648
2007-07-16,186.24725341796875,187.84841373514368,183.88676001840955,187.3532070205519,3990240
2007-07-17,190.77845764160156,194.08809847315553,189.82931108617072,194.08809847315553,6164688
2007-07-18,192.5777587890625,193.13073592602518,189.39191893129842,190.98483886018047,4371180
2007-07-19,195.1444549560547,195.60665595840894,192.38781225276423,192.6354156147369,4075512
2007-07-20,194.1045379638672,196.42374409119955,192.7014522096042,196.26693668455212,3744932
2007-07-23,196.58888244628906,197.25741983712612,191.82664667520444,193.09768983864444,4716456
2007-07-24,193.4442596435547,196.76214070428705,192.6354179546166,196.41550002331743,3127176
2007-07-25,189.53221130371094,193.29579243591414,189.00399858165815,192.80058545273076,2670172
2007-07-26,196.2835235595703,199.73346933259228,189.02048831111242,190.65467527201992,6002804
2007-07-27,190.805908203125,194.44661070136328,186.33777331892347,191.96431354347354,3203236
2007-07-30,188.0670623779297,193.61914068919648,187.0410544991148,190.30941178852646,1835848
2007-07-31,191.3519744873047,192.2952390943804,186.99967312964705,190.4748882940033,3218540
2007-08-01,184.54217529296875,189.48194062182245,183.85540264702595,189.48194062182245,4382172
2007-08-02,181.2324676513672,186.08949032622192,180.3802084976273,185.3448013920574,1912008
2007-08-03,181.5220489501953,184.35186254876442,179.3045269942426,184.35186254876442,1993184
2007-08-06,181.9440460205078,185.01382735440995,177.73242448894123,180.38020734911169,2737548
2007-08-07,183.57415771484375,184.98079277469483,181.0587511342831,184.20299420924437,2985212
2007-08-08,190.73973083496094,193.45371340366162,185.01390212599975,190.30946998649347,4055164
2007-08-09,189.59783935546875,196.738584529346,187.86023143186173,191.96430394134657,5074436
2007-08-10,189.39923095703125,190.88860891999613,178.79155417211118,184.5173809673131,6290560
2007-08-13,187.74440002441406,190.30944030681022,186.19710557168182,190.30944030681022,1205524
2007-08-14,187.0410919189453,188.65458508082077,185.34485551799935,187.8271526901154,1222796
2007-08-16,180.04931640625,185.27868589402777,179.55285689410042,182.03515445484834,6663120
2007-08-17,174.77853393554688,180.87670612660847,171.9735262350422,180.04927380215005,6901104
2007-08-20,174.67930603027344,181.9358859653507,173.94287888824243,179.30464623058273,4386844
2007-08-21,168.01010131835938,178.1461453525869,166.23112216133168,178.1461453525869,4363364
2007-08-22,169.7725372314453,170.89783286570673,164.8244887986004,168.79616322748237,3826620
2007-08-23,166.7937774658203,173.4297792936345,166.14837634619184,170.78199640365537,3113748
2007-08-24,168.53140258789062,169.87183877573452,165.40370468226658,167.96874462481298,1926972
2007-08-27,169.8719024658203,171.90739461862702,168.80451245653035,169.61539029499858,2666856
2007-08-28,170.2442169189453,171.94045334511222,167.30683188826606,171.44399390330727,2263504
2007-08-29,170.71585083007812,172.07285210338065,165.65196851991635,168.79621167863604,3196688
2007-08-30,173.0988311767578,175.25015508239628,169.62361563688026,172.43688535963827,7003172
2007-08-31,176.13552856445312,177.0208771802759,173.2643422155014,174.09177460430513,2377496
2007-09-03,175.62246704101562,177.89790536545755,174.3234026559847,177.07047324747867,2496264
2007-09-04,176.42507934570312,179.9995822008597,175.58110259116313,176.24304831252473,2182756
2007-09-05,177.45938110351562,179.21353333927712,176.25960440533694,176.57403268367665,3516964
2007-09-06,178.3943634033203,178.8908226706765,175.5810942216353,176.24303991144353,1871860
2007-09-07,178.10482788085938,179.47009136984158,177.07053735890315,178.22894274349412,1691576
2007-09-10,173.30567932128906,178.1047862206134,172.76784837567516,178.1047862206134,2201060
2007-09-11,169.3505401611328,181.11662171502905,168.7961646409885,181.11662171502905,3386556
2007-09-12,168.06813049316406,171.73366149271106,167.7206127900387,170.45114077330032,2344104
2007-09-13,170.5834503173828,171.27848536601078,167.20752250765307,169.60707616737014,2153072
2007-09-14,169.2016143798828,173.760763829795,168.48174229800773,173.760763829795,1900228
2007-09-17,165.0975799560547,170.74894691664113,164.77487932117552,169.6236308462428,5086176
2007-09-18,165.89187622070312,166.76067999101903,164.32802741403646,164.98997314380094,4942808
2007-09-19,169.30087280273438,171.06329704092406,168.3327813268618,169.62357332818826,4642668
2007-09-20,165.82569885253906,169.14370022797627,165.02309359256873,168.7961827155233,2355156
2007-09-21,168.43212890625,169.62363352280138,161.84576935151196,163.99709348399625,7928660
2007-09-24,166.68626403808594,170.45108161750161,165.51958632478332,168.7962167474288,3595068
2007-09-25,165.76780700683594,167.80328866581976,164.85763137797795,167.14134275392303,5400496
2007-09-26,172.2300262451172,173.56220027436765,166.31388554056474,167.14131780693572,8340892
2007-09-27,175.829345703125,176.65677791819854,173.26430583639706,173.76076516544117,8602140
2007-09-28,175.4404754638672,178.72537767067303,169.62362232633322,169.62362232633322,6249532
2007-10-01,172.37896728515625,175.58112610080371,169.29264090586446,175.58112610080371,2176580
2007-10-03,178.59295654296875,181.2076503545039,173.7442160102361,173.76076061390785,5122872
2007-10-04,178.60952758789062,179.55279224092945,174.42271246261717,179.55279224092945,4359804
2007-10-05,177.53384399414062,178.60950575163446,174.96880441857846,178.60950575163446,1744048
2007-10-08,178.45230102539062,181.83651089123052,175.7796909418788,178.89912654021816,2662144
2007-10-09,181.1993865966797,182.82944434618656,177.9475939028114,178.72537216424394,3707640
2007-10-10,186.25491333007812,187.04097360401673,181.77023664948638,182.81278868170514,3983236
2007-10-11,177.40147399902344,187.8933189455055,175.41563660351198,187.8271203254586,5598340
2007-10-12,175.99484252929688,177.89793673624274,170.5007003774638,174.09174832235104,4912920
2007-10-15,177.75729370117188,180.65330689212942,175.37428452098698,177.07052081854783,6871600
2007-10-16,176.80569458007812,184.51735768623064,175.5810910359558,182.03506139448763,7060528
2007-10-17,181.1580047607422,184.51738770244415,165.48644636990505,175.41563315209936,6924440
2007-10-18,185.98193359375,190.29286348342708,178.27855184784417,187.82711146018517,13645436
2007-10-19,183.49960327148438,190.3093731419326,179.12249576961113,189.95357331716733,8094132
2007-10-22,177.87451171875,185.34991244006946,176.73785784670872,185.34991244006946,3836808
2007-10-23,176.4888916015625,182.5289443568934,175.72559279450007,177.2190114301474,5862364
2007-10-24,173.90023803710938,182.52887580230947,173.12035003372023,182.52887580230947,4100988
2007-10-25,174.16580200195312,175.8915343143076,172.2658496628541,175.7255989045771,4925272
2007-10-26,177.76657104492188,179.87394215419394,172.93783554445903,174.23213954050152,2960060
2007-10-29,177.21905517578125,180.86963496404638,176.12388529046,180.70369951912525,3536052
2007-10-30,173.98329162597656,178.38058035090586,172.6226292549178,177.88277408015915,3145804
2007-10-31,172.24090576171875,176.50543646294776,168.75626315960307,173.73432401976834,47216528
2007-11-01,169.76014709472656,175.06178321872946,169.17107866492387,175.06178321872946,5518404
2007-11-02,169.45321655273438,170.9134459096853,166.43319053147025,167.5947382221186,3494680
2007-11-05,167.8104248046875,171.04617439978867,166.80651791864383,169.41999979600632,1876468
2007-11-06,166.64892578125,169.22092456747507,165.93540556290816,168.4244366463518,2198988
2007-11-07,165.4458770751953,167.4537013527425,163.62888254557646,166.7816549270164,3504016
2007-11-08,164.2179412841797,165.90217919563798,162.61666092897767,164.29260409759945,2686964
2007-11-12,159.93685913085938,163.48788136129332,159.29801178060552,163.48788136129332,5280988
2007-11-13,157.1988525390625,161.4053198123576,153.76399883589883,159.93678586226787,4697988
2007-11-14,163.72842407226562,173.41904315771475,159.29794787151107,159.29794787151107,3588368
2007-11-15,162.6498260498047,165.58688366121083,160.95728351713933,164.44192573761347,2295396
2007-11-16,163.097900390625,165.60352075164212,160.4844179739533,162.6166837040173,3666816
2007-11-19,164.85684204101562,167.0969702418749,159.31459488550965,159.31459488550965,2943548
2007-11-20,159.51370239257812,164.1101151248903,158.98270707235875,164.1101151248903,4111392
2007-11-21,156.77581787109375,162.61674798765833,155.31558787392675,159.5137529137431,3337028
2007-11-22,157.6718292236328,160.90756973127546,155.14960895619927,160.90756973127546,2402356
2007-11-23,159.45562744140625,160.29359920046772,157.5971489033584,158.05347126133074,2273540
2007-11-26,163.46295166015625,164.93978070961873,160.9573312759861,162.61668520666638,2234300
2007-11-27,165.2633514404297,165.7528628598269,160.97391559073992,164.3590015516945,1503964
2007-11-28,162.03587341308594,166.56590655819633,160.9572936105411,165.93535423767122,2927688
2007-11-29,160.30191040039062,166.01838764265045,158.46832603571332,165.93541993268408,5029688
2007-11-30,167.9597930908203,168.92221626597146,160.3018712786866,160.3018712786866,5334612
2007-12-03,174.215576171875,176.8871319941759,167.66112803513022,168.59036220082805,6516348
2007-12-04,170.8636474609375,174.23214367428693,170.09206417214924,174.21555418795074,1783824
2007-12-05,171.44444274902344,173.4024885207587,169.3370713257744,170.91345758505403,2069240
2007-12-06,171.83438110351562,174.5142211337111,171.11254603687883,172.57278540027107,4163452
2007-12-07,176.32298278808594,177.89108474546606,170.29123399564654,172.57284614418748,4805808
2007-12-10,171.8426971435547,178.21462059011262,170.91346294954934,177.56746847536,3864020
2007-12-11,172.7884979248047,174.0661920904584,170.12522730290036,174.0661920904584,2907456
2007-12-12,174.79632568359375,175.89149509244675,170.26628190578649,170.61474213736022,3718608
2007-12-13,170.84706115722656,176.23996094284473,170.53177988783372,174.18235820425218,4645736
2007-12-14,172.63922119140625,175.06187435886395,168.47423592376188,168.47423592376188,2720436
2007-12-17,167.99298095703125,177.94910364999103,166.7650551070762,177.94910364999103,3203328
2007-12-18,166.74847412109375,172.57280214223735,166.48297142567802,167.5947405419805,3845860
2007-12-19,170.00083923339844,170.71436964777212,167.2629047801519,167.92664646578743,2671020
2007-12-20,173.46060180664062,174.88764248727296,169.751948909483,170.83052923002222,3036020
2007-12-24,184.1385040283203,185.84764673903837,174.23216881784847,179.21023078407273,4655664
2007-12-26,182.57875061035156,185.79788155164084,180.2307603677109,185.01799318046014,2905996
2007-12-27,184.312744140625,185.84764657888815,180.29711559364557,183.3752050866368,4008568
2007-12-28,179.56695556640625,182.528897719147,175.8914832566326,182.528897719147,2196596
2007-12-31,178.77880859375,181.8735079342329,174.5640452745568,179.7080428064116,2156168
2008-01-01,174.98715209960938,178.71239304451018,174.56400880485117,178.71239304451018,928388
2008-01-02,174.23220825195312,176.05749805268786,171.16240267799014,175.89156261625743,2864924
2008-01-03,167.76902770996094,173.40253802842528,166.82319365877223,170.9300958752349,5168280
2008-01-04,166.79827880859375,169.73533763785275,166.31706206078806,167.76899692136442,2318868
2008-01-07,161.88648986816406,167.39554437234085,161.3720944408958,165.9353156204584,3647344
2008-01-08,163.91928100585938,164.60791696771827,160.84118135830172,162.61669216568941,3207732
2008-01-09,165.32142639160156,166.93100169395075,164.25944597644707,165.07252330756484,2450128
2008-01-10,162.8905029296875,167.51180015064023,159.6298679989261,165.6035428928568,3342376
2008-01-11,164.23451232910156,166.59909106180146,151.8889182630073,151.8889182630073,2149188
2008-01-14,159.4888153076172,165.90221250306791,158.56786572637287,165.90221250306791,4158864
2008-01-15,155.9792938232422,160.62548555414728,154.98368130947682,160.1276792972646,2935588
2008-01-16,156.8007049560547,160.40980098096378,153.49029071452438,155.979322455841,3131956
2008-01-17,153.1085968017578,160.29359765231288,152.49463379138254,160.26040854647496,6302096
2008-01-18,149.8728485107422,155.9792689283147,148.86063653989734,154.23694730730693,4333816
2008-01-21,137.9006805419922,150.12183286473757,133.61954712416485,150.00567600154614,4840032
2008-01-22,132.78981018066406,164.27605383174935,120.30317073537199,135.18757885055467,6376872
2008-01-23,145.23178100585938,148.23818256283812,134.08060332930864,143.07483013649207,5359120
2008-01-24,140.4515838623047,147.90513663768346,137.53678668757559,144.90705954367635,2013336
2008-01-25,147.33877563476562,149.52071482738666,141.5924632905533,142.07549071342413,2243116
2008-01-28,142.2920379638672,144.90702890957402,137.41183775907882,144.90702890957402,2485660
2008-01-29,144.52391052246094,147.3387644591267,142.40859946792426,142.5751592333838,3258712
2008-01-30,144.882080078125,148.57138478693864,143.24146963763144,146.90578630278014,3032856
2008-01-31,145.53167724609375,148.23827496311694,139.1357745745407,144.90707777293454,5966956
2008-02-01,154.81736755371094,156.74945758480524,145.45670273781099,147.40545485210777,4169520
2008-02-04,162.5041046142578,164.72767431130964,156.3996826878865,157.3990416826973,3730520
2008-02-05,159.0729217529297,162.39579152031513,155.8416680007424,159.8973947276949,1722872
2008-02-06,150.91983032226562,154.90061359834488,148.98774071367686,154.90061359834488,4007952
2008-02-07,146.41436767578125,150.91980754079822,145.08188948037503,150.91980754079822,2574652
2008-02-08,149.63739013671875,154.0678785786309,146.57268448561643,147.23892396055106,2576820
2008-02-11,150.91983032226562,155.2337331974811,143.25807954213244,149.63732799839386,3200988
2008-02-12,144.0159454345703,154.06782601695022,143.24143824278616,150.7366297787459,5161328
2008-02-13,144.732177734375,149.40417930140157,141.7923924364567,145.73986275220332,2185376
2008-02-14,145.5399627685547,149.90383190842294,143.4079991923913,147.40543470994925,2246480
2008-02-15,145.356689453125,147.74681769390497,143.24137868813511,143.24137868813511,2213044
2008-02-18,142.10885620117188,145.73985864624282,141.5758626849216,145.35677305100242,1723160
2008-02-19,145.8147735595703,147.23885776379097,142.40862374212816,142.5751835359786,1947288
2008-02-20,147.58868408203125,149.01277898119392,145.44839400250532,146.5560211094081,3060624
2008-02-21,152.34390258789062,155.0671508484197,146.90572185639758,149.57067826195583,3562052
2008-02-22,149.9954071044922,153.38490471034194,147.40540457149294,153.23499684268194,2401516
2008-02-25,150.02874755859375,154.7340621503565,148.27986956873505,154.5675023417985,3255460
2008-02-26,149.63739013671875,153.90131870989728,149.07108251662126,153.90131870989728,4999584
2008-02-27,146.16456604003906,152.37724520919912,145.58160667788724,151.23631452396089,2364056
2008-02-28,146.7225341796875,148.2382243169765,145.2401478701163,147.4054253039598,5579004
2008-02-29,146.13961791992188,148.52142176557322,143.8244319153338,146.5726694678561,3416480
2008-03-03,141.34263610839844,144.690494043392,139.91022595667178,144.2407805696164,3141328
2008-03-04,143.0415802001953,144.90705233238805,141.09282815286906,142.90833436918268,3010532
2008-03-05,145.78981018066406,147.039008845812,140.74304960666737,140.74304960666737,2209348
2008-03-07,140.9345703125,144.2574299887265,140.2849830653865,143.67447072398463,1996828
2008-03-10,138.85255432128906,142.24204152543007,138.24460710316973,140.93455141621632,2494168
2008-03-11,137.1619873046875,139.91022384448996,136.57902803866878,139.91022384448996,4043520
2008-03-12,137.17031860351562,141.57582726150062,134.95507533956572,139.74366949694002,1884412
2008-03-13,129.86668395996094,135.7462431323708,126.75201352605423,135.7462431323708,3408600
2008-03-14,133.88914489746094,135.39651982521994,124.91990013422648,129.91669613959553,2216056
2008-03-17,131.89035034179688,132.8647310998407,128.0428237056284,129.08382227234083,1958904
2008-03-18,136.19598388671875,138.04479405362204,128.25107744552832,131.5822742622953,3596080
2008-03-19,135.15493774414062,139.9102175083982,134.17223095952593,137.9115001154211,4361924
2008-03-24,137.1953582763672,139.49388230381368,135.1549999978935,135.1549999978935,3301984
2008-03-25,145.98960876464844,149.8787745381283,139.07737971304215,139.91017839395857,2928896
2008-03-26,146.29782104492188,156.56623852068594,141.8340196820012,156.56623852068594,2171768
2008-03-27,141.9922332763672,145.90638868046645,140.0934474394665,145.24014946274744,6151152
2008-03-28,145.0818328857422,145.6897798916444,141.90887245386418,142.07543216331706,3633696
2008-03-31,134.98841857910156,145.0819403843529,132.74818679385857,145.0819403843529,4051860
2008-04-01,138.635986328125,142.05879689092063,134.9133804524118,136.57897774194774,2086728
2008-04-02,141.78402709960938,144.74046349434425,141.45090750583643,141.5758273535013,1428844
2008-04-03,147.47206115722656,148.57135184664085,141.5758397641757,141.5758397641757,3287172
2008-04-04,145.39007568359375,148.22159271589098,143.2497758272249,147.57200533031494,2020844
2008-04-07,150.5867462158203,153.25170363702986,146.2728524898408,149.07105574890969,3659528
2008-04-08,147.79685974121094,151.06976443737534,145.7398499258031,150.73664478040206,4055352
2008-04-09,145.94802856445312,148.57134548301534,144.74046998289273,146.57262783077746,1482600
2008-04-10,149.828857421875,153.17671530853357,146.07293618153662,146.57261555273914,2925932
2008-04-11,151.2362823486328,154.06779864811162,148.77952555937912,150.41180939293704,2189264
2008-04-15,162.25428771972656,164.06145809015447,146.6393012263743,153.56818716662175,5703772
2008-04-16,161.87948608398438,166.8929323815391,160.23053987129802,164.06141556468665,6438768
2008-04-17,166.70968627929688,168.2253761964482,163.1536289105925,166.50981251200167,3999556
2008-04-21,165.4604949951172,172.38937800606126,164.32788032082607,168.05882358272058,3399296
2008-04-22,147.77186584472656,164.053087314042,146.90575279730132,164.053087314042,13785196
2008-04-23,148.0966339111328,150.85319626406553,146.58093379861228,147.73852631420704,6326156
2008-04-24,148.36314392089844,150.7199691901971,143.90766920870755,150.57006130170328,15290096
2008-04-25,148.1217041015625,151.90261553458333,147.4054986273095,151.90261553458333,6828568
2008-04-28,146.85580444335938,149.23760798401025,119.92307784429396,134.7469027444914,6598136
2008-04-29,151.66104125976562,154.90063177470637,144.93203066721983,146.9140864150569,16209848
2008-04-30,153.4015655517578,155.85832243763016,150.98644861310365,152.58541851988048,9487980
2008-05-02,157.19082641601562,160.23054305929222,153.9012700486341,154.06782986470404,5298780
2008-05-05,154.4759063720703,158.14854835274838,153.42658154416293,157.39902916624246,3613764
2008-05-06,156.07489013671875,158.23184201635328,145.34010682146084,151.5694486682963,3982796
2008-05-07,161.02171325683594,163.2119790551515,158.23183614584343,158.23183614584343,12585540
2008-05-08,157.73216247558594,160.7302394814577,152.90192729945923,160.7135875644939,10845832
2008-05-09,152.73532104492188,159.73083193247555,151.56940256366292,159.73083193247555,4492296
2008-05-12,154.38427734375,155.70841957512374,151.61937865983055,152.73533131441238,3898508
2008-05-13,150.74501037597656,156.79946783304618,148.07172645904575,154.90068122262377,4462876
2008-05-14,161.7545623779297,163.053726853332,148.42977767430796,150.73662695972087,9373188
2008-05-15,164.0198211669922,166.89297873503546,159.9141165758203,162.0627428235424,7177896
2008-05-16,163.40353393554688,165.56048596191388,161.31320991359516,165.56048596191388,3838648
2008-05-20,159.24789428710938,164.89427818217496,157.77384344249015,162.39588002789958,4946904
2008-05-21,160.7468719482422,161.2298994738113,152.40222935799312,154.56750693357117,3140184
2008-05-22,160.0889434814453,164.1446702320409,158.3983575755159,159.31443640481697,5445200
2008-05-23,155.30043029785156,163.1787102903337,154.2510949607787,162.3792249298084,5401384
2008-05-26,159.13954162597656,160.38041400295862,152.56875636295248,153.23499547370773,5457272
2008-05-27,161.3797607421875,165.5604067868018,157.56553804860613,163.22857007149472,5682072
2008-05-28,168.1338348388672,169.0998798909826,161.5796989449172,161.5796989449172,5469588
2008-05-29,165.668701171875,171.28175802922445,163.8948353207523,168.05883012056813,8258940
2008-05-30,173.08059692382812,174.72120666644975,162.89546245928298,165.06073956763746,15485284
2008-06-02,163.8698272705078,176.1203066080961,160.73017964132407,169.05816822377608,7054764
2008-06-03,162.4208221435547,164.8942315504087,156.25810843914547,159.8974366549418,4900256
2008-06-04,159.3560333251953,164.86083077085368,157.62380794018338,164.86083077085368,3787856
2008-06-05,163.5366973876953,166.02676784961554,160.5636097181324,160.5802616278438,5905256
2008-06-06,160.93006896972656,166.3349361158336,159.53096268611702,164.89418988528334,4137784
2008-06-09,152.2523651123047,160.71361419717076,148.23827652231674,150.27863482276436,6140140
2008-06-10,146.4060821533203,153.06847497030873,144.4073643082238,151.56943658648635,6155372
2008-06-11,148.2965087890625,151.56941281346886,146.5726189844534,148.23821692745855,4113368
2008-06-12,147.94674682617188,150.30357213387967,142.74175291869327,148.90446570514794,2464004
2008-06-13,151.50277709960938,153.55147059778292,146.57261150625456,146.57261150625456,6732432
2008-06-16,151.70265197753906,154.56748234734997,150.44512761879724,153.0684442642399,6541784
2008-06-17,153.45155334472656,154.40094630993022,150.73663043202464,150.73663043202464,3504824
2008-06-18,150.87246704101562,154.2385818394772,149.21452379910335,154.2050860749136,6431336
2008-06-19,148.7122039794922,150.38689096124324,147.37245439409136,147.41432156863513,3289068
2008-06-20,144.66783142089844,150.7050861919539,140.9332814806347,150.7050861919539,8157760
2008-06-23,143.7634735107422,147.28031537782286,141.17608066423767,144.66779814367743,3572312
2008-06-24,141.4105682373047,145.31258673382513,137.89372568978814,142.34838882805133,9287176
2008-06-25,146.83651733398438,148.20976237428988,139.21669339270733,140.67367276203785,5914196
2008-06-26,147.59848022460938,150.38683713990227,144.09002043065206,148.0422762045363,7028316
2008-06-27,144.94418334960938,147.59855858636843,142.54101120357757,147.59855858636843,6260948
2008-06-30,143.72157287597656,147.03744953416066,142.3483281367159,145.86516918479947,3258044
2008-07-01,141.96322631835938,146.03271389286715,139.84474306606973,144.86043293271797,5059616
2008-07-02,146.78627014160156,148.7121595958268,140.67366448253884,142.34835096447384,8141112
2008-07-03,143.4620361328125,147.5398940418603,137.41641118617977,147.5398940418603,4172528
2008-07-04,141.4272918701172,145.70611434598945,139.92007383952978,145.6810001783655,3939584
2008-07-07,142.72525024414062,144.6930081677178,139.33400786520974,141.51110173810363,1794132
2008-07-08,139.03250122070312,141.51103565895508,136.98938126511865,139.0241298309359,3947624
2008-07-09,146.8282012939453,149.0387904578079,142.3484130023992,142.3484130023992,3578548
2008-07-10,145.42979431152344,148.87964475839175,142.74191403268645,145.6977400897647,3504368
2008-07-11,133.7405242919922,157.92301310154136,131.52994522321623,153.56882610192307,5523784
2008-07-14,128.59083557128906,133.9749582964176,127.44367907946726,133.9749582964176,4559896
2008-07-15,125.71031951904297,131.7056938717513,123.44949322408377,128.590771510257,4509844
2008-07-16,121.93392944335938,129.56213522029338,119.89081993191255,126.38023062325034,5739900
2008-07-17,131.1698455810547,131.7811103608308,122.26050962688103,123.08948164963319,10350716
2008-07-18,132.9450225830078,134.30989656814572,125.43405552311862,130.62558519096464,8339496
2008-07-21,136.1185760498047,136.4870092848081,131.12801014724508,133.80750971602657,3582068
2008-07-22,139.30885314941406,141.33523083075394,134.9881621399857,136.6544779782567,4241164
2008-07-23,144.1151580810547,145.69773901464697,137.1400942944461,138.99899239328388,5971420
2008-07-24,134.4020233154297,146.4514001334248,132.69384027472327,146.4514001334248,11742336
2008-07-25,133.8409881591797,142.264661792535,130.9605244517509,133.8409881591797,8842536
2008-07-28,135.02163696289062,136.81355406517437,131.4629271514656,133.97495760658916,1969372
2008-07-29,135.47378540039062,136.28600437784493,132.63518934177327,135.09698088521515,2472192
2008-07-30,140.49786376953125,141.67851602544772,133.97495605243284,141.67851602544772,4420076
2008-07-31,140.12806701660156,141.51464159277782,138.0692138580368,141.1785023015836,5195580
2008-08-01,141.28781127929688,144.02734560662054,136.34655751092157,138.6575161128016,4011724
2008-08-04,137.03567504882812,141.17859874625466,136.30457569430064,136.97685473594947,5238928
2008-08-05,139.44744873046875,140.33821619480344,135.33814202498857,137.04405378619006,4768200
2008-08-06,144.6323699951172,146.2122291878465,140.57349312760996,141.16173704390027,5009932
2008-08-07,143.4222869873047,146.2038489731141,142.018908972322,144.371884978964,3072320
2008-08-08,142.03570556640625,144.03573918696924,140.0692981971035,142.01050126520235,2086672
2008-08-11,140.1616973876953,144.1701547434705,138.57343702210505,143.19535275055608,3405100
2008-08-12,137.6910400390625,141.8003444147157,136.9767441340689,140.33813662815646,3323504
2008-08-13,139.2121124267578,140.7919715053889,134.4557425844642,134.4557425844642,3697968
2008-08-14,140.03562927246094,141.960028745694,136.30448112829185,139.32973471683593,3741508
2008-08-18,141.43907165527344,143.26263428301215,140.33821703436078,141.17856563935698,1956648
2008-08-19,141.38856506347656,143.0272438264708,140.3549328174027,141.93479131780796,1953300
2008-08-20,141.44744873046875,142.69116855494187,140.3381928661678,141.63233154662552,1127256
2008-08-21,137.45582580566406,141.51471392470285,137.0104471720811,140.5062955356907,1976516
2008-08-22,137.64903259277344,138.61543300474958,135.04395322135954,137.64903259277344,2645284
2008-08-25,137.51463317871094,140.338202140199,137.1448777801226,138.48943540541794,942244
2008-08-26,140.17852783203125,140.66593405346882,136.12805226357744,136.12805226357744,2205004
2008-08-27,137.556640625,140.50626164986946,136.6574616234213,137.83394946020252,2131788
2008-08-28,133.16995239257812,138.53137709559692,131.539685369709,137.81708124766695,6580688
2008-08-29,136.50621032714844,137.80875048244917,134.45575796652685,134.45575796652685,1998500
2008-09-01,136.96836853027344,137.81711824343375,135.63221271030616,136.9767699614616,1527432
2008-09-02,142.65756225585938,143.36345706207618,136.96840689657816,136.96840689657816,2647848
2008-09-04,141.8844451904297,143.6659799372854,139.8928130568615,142.01889890107077,2461676
2008-09-05,140.9096221923828,142.8592263546652,138.6574844030574,142.8592263546652,2445368
2008-09-08,143.98526000976562,146.96009463506215,141.51463429525984,144.5398877600041,5170432
2008-09-09,145.3466339111328,146.50631862048172,141.17850856697737,143.69955336281626,2815328
2008-09-10,143.010498046875,146.2542408925421,142.53989472571342,144.73321230580322,3063456
2008-09-11,140.62393188476562,145.8845118861716,139.32979303414314,143.01052387739284,1908976
2008-09-12,136.22886657714844,145.38026199974684,134.6154018767152,145.38026199974684,3573964
2008-09-15,127.83377075195312,134.2876493680221,125.21188833438858,131.09432604137328,8550948
2008-09-16,125.85896301269531,126.22031689134657,121.85050565409622,125.96821239688983,5072364
2008-09-17,122.70768737792969,128.51450388561597,122.35474510109465,125.71613919727857,4200868
2008-09-18,121.2034683227539,125.88420536698027,112.77476876000502,122.35474166510232,6357104
2008-09-19,128.8842315673828,131.04393313646347,122.7076707524956,131.04393313646347,9544368
2008-09-22,128.8758544921875,145.88451158064103,126.55649449334413,145.88451158064103,4472944
2008-09-23,121.1782455444336,129.02710205782012,120.22864770007949,120.22864770007949,2966120
2008-09-24,119.84210968017578,125.71614834218138,116.01852361762948,121.77491142607829,7380724
2008-09-25,115.69918823242188,120.98497221192186,112.7831727157578,119.85050171094595,15122632
2008-09-26,113.64874267578125,117.64879981795961,111.96804553552468,117.64879981795961,4217244
2008-09-29,104.20316314697266,114.08565463250608,102.85860620314074,114.08565463250608,5578636
2008-09-30,111.8671646118164,113.73274404305958,99.16110207616741,99.49724140523917,8391372
2008-10-01,112.90079498291016,115.11091513235911,108.46375182114478,112.5394411078371,6017916
2008-10-03,110.50578308105469,111.75790389155111,107.9595240520462,111.75790389155111,4172404
2008-10-06,104.03514862060547,109.45539667070972,100.84182418798592,109.45539667070972,5882984
2008-10-07,96.79131317138672,111.76631451693416,95.12741957381162,106.0771611068162,8884604
2008-10-08,91.86687469482422,94.6148198697498,85.37938973550762,93.2786639826904,8301380
2008-10-10,88.20295715332031,92.43831471555558,80.74066513664401,90.75761808436367,13742076
2008-10-13,96.2787094116211,101.32921136192455,88.20296356347072,88.73238714403529,13866024
2008-10-14,99.61489868164062,104.10236106737268,97.70730171056408,100.67373558524599,7424624
2008-10-15,91.27865600585938,98.9342395538918,89.96771431075771,98.32078100504037,5308752
2008-10-16,83.19447326660156,88.85842228608037,78.63978491649314,88.23656255548651,8031800
2008-10-17,76.27845764160156,88.9088984240396,74.79103931700874,84.03487563708848,9743540
2008-10-20,82.58103942871094,84.87518956642307,76.51372287151308,83.47180669332074,12413060
2008-10-21,93.96773529052734,95.44675638681402,82.91716115803963,90.48870181318351,11804900
2008-10-22,91.87529754638672,93.27867531497891,85.90041715822265,93.27867531497891,6020668
2008-10-23,91.98454284667969,98.82498154614889,84.2449353741618,88.17777037569097,10501016
2008-10-24,83.841552734375,90.15257168163582,73.9506520031393,84.65669162886178,8479936
2008-10-27,83.4886474609375,87.0601296120093,69.80777097629523,80.84154892543722,8972576
2008-10-29,91.44435119628906,97.22726169512285,89.66044437189372,95.02908012636355,10955572
2008-10-31,90.88630676269531,100.60902795126272,89.5758530372797,96.21266706599745,10375980
2008-11-03,92.5603256225586,98.57995511730815,89.11932099692739,94.68241350138128,7532020
2008-11-04,85.9826889038086,100.87958721892915,82.85450848154615,100.87958721892915,9422540
2008-11-05,85.62760925292969,92.81397586086584,84.54542879638466,87.0817916602762,9233164
2008-11-06,84.57923126220703,89.3644994626173,81.51868635073873,89.3644994626173,7861916
2008-11-07,88.79805755615234,90.46359817948694,82.13587442184259,84.5454188593336,5877720
2008-11-10,92.3996810913086,93.4226784930633,87.0902251899343,92.98304648717216,4099016
2008-11-11,89.42369079589844,92.61951194983818,87.92724091997417,91.64723957428077,6498776
2008-11-12,90.44670867919922,93.7524330573753,87.09024878464943,89.42370067980387,7742044
2008-11-14,89.76184844970703,92.74630524437863,88.51903517854552,92.154487435162,6617464
2008-11-17,87.75814819335938,90.80178339081694,85.47542179526621,89.44905663639135,8090972
2008-11-18,81.69625854492188,87.92725857399311,81.16362329907057,87.92725857399311,9755152
2008-11-19,81.61170196533203,83.86906596229326,79.76016015767347,82.85452080952358,8175088
2008-11-20,79.97998809814453,81.1636242856435,77.78180660707501,81.1636242856435,5016448
2008-11-21,85.63607788085938,87.41998459327833,77.78180447370993,79.42198806692711,6845692
2008-11-24,87.91034698486328,89.89716469704996,82.89679858719292,85.22179803762414,8370556
2008-11-25,85.22178649902344,91.30060448502523,84.55387559232472,87.77505414887509,5774020
2008-11-26,89.18700408935547,89.6181838532305,84.06354633141049,85.09500193233632,6135556
2008-11-27,89.18700408935547,89.18700408935547,89.18700408935547,89.18700408935547,0
2008-11-28,94.58943176269531,96.04360903896365,87.5890659897591,87.5890659897591,12138064
2008-12-01,95.39261627197266,100.39770178209342,94.07369925954005,94.58943465771591,11958704
2008-12-02,90.10005187988281,96.38178084752562,88.44296367677696,96.38178084752562,6658808
2008-12-03,90.4297866821289,93.28742624377763,88.1977853445645,90.69187544180988,9997992
2008-12-04,92.89852142333984,93.62561004793763,85.11188432384206,90.46360894230546,8256508
2008-12-05,88.23163604736328,92.20527248971541,87.6313653722975,91.03855138617,7105448
2008-12-08,88.30770874023438,92.36588970675542,86.64216776341983,90.46361737869869,7621404
2008-12-10,91.48661041259766,94.1497915354291,89.53361298661875,92.96615548083734,8088380
2008-12-11,85.83898162841797,92.94925601555741,84.88361921708719,92.94925601555741,7300252
2008-12-12,81.38343811035156,86.22789592854888,80.36044035509451,86.22789592854888,7121036
2008-12-15,79.41351318359375,84.88360297296383,79.00769619346084,84.88360297296383,5997716
2008-12-16,81.0536880493164,81.99214006458905,78.62723367691578,79.47268780247401,5847868
2008-12-17,80.70706176757812,83.19269936137508,79.8108823141647,82.06824622522628,6476068
2008-12-18,86.32088470458984,86.92960767715213,79.8108865437148,80.30124900949824,5723936
2008-12-19,86.83660888671875,90.29451902976503,83.5477947635223,85.05270238196968,4943988
2008-12-22,86.329345703125,87.84271112539841,85.12034695741328,87.84271112539841,4106852
2008-12-23,84.64688110351562,86.50688046585309,83.23497146460171,83.73379153950769,3567120
2008-12-24,80.85081481933594,85.34863390355858,79.85317951650428,83.98745418870924,9148436
2008-12-26,79.75169372558594,83.69996587518094,78.66106090275206,78.66106090275206,3154564
2008-12-29,80.62251281738281,81.07906016289782,77.78178868599166,80.4872422055044,4875608
2008-12-30,81.59480285644531,83.44635007416426,79.47271435634691,82.00907758048565,3522528
2008-12-31,80.80854797363281,83.24345613949508,79.85318532733471,83.24345613949508,2543696
2009-01-02,84.25796508789062,86.0165139850609,83.55623912078059,84.04660153392717,5375740
2009-01-05,87.12409973144531,88.43455440959902,84.20728125426446,84.88364495911799,4829776
2009-01-06,85.62760925292969,88.26542766342558,84.24951979559731,87.0817916602762,5918992
2009-01-07,85.3570556640625,87.89341831446343,78.55960685713379,87.7581477038726,9013828
2009-01-09,90.79332733154297,92.96614046694246,82.00905625237215,84.52850870106656,14219980
2009-01-12,86.66751861572266,89.61815619998954,85.40779479924629,86.51533787309214,7595416
2009-01-13,88.88260650634766,90.80178346250979,82.55015231809588,84.47778691262569,13359808
2009-01-14,91.13152313232422,94.28506155070524,89.27997610914505,89.27997610914505,5958904
2009-01-15,86.31244659423828,88.43453519299341,84.26644579959816,87.92726252458236,7171524
2009-01-16,85.05268096923828,87.75813404181842,82.26268248814,86.01650069044184,9790076
2009-01-19,84.67225646972656,87.57216913203226,82.39798211502921,87.57216913203226,6868376
2009-01-20,83.94514465332031,85.88123156149867,82.85450673525915,83.64923570069439,4635196
2009-01-21,83.24344635009766,84.7145392149339,82.00908486874839,83.02363024856795,3669860
2009-01-22,83.97052764892578,85.23025154290377,81.69625336775816,83.6999812230248,4848136
2009-01-23,82.20353698730469,84.35944588321492,81.72162690793466,82.8714480819002,3031220
2009-01-27,84.39328002929688,87.081824651538,83.02364253185468,83.02364253185468,5243956
2009-01-28,86.32402801513672,86.75781501362572,80.83787206574569,80.83787206574569,4789396
2009-01-29,87.43827056884766,88.1187240363095,84.39324234024546,87.10654742688081,10017036
2009-01-30,87.03002166748047,87.60840622367704,84.76751019770818,85.90727212224641,8707524
2009-02-02,83.57672882080078,86.55371394334132,82.87075910145975,86.55371394334132,3234692
2009-02-03,85.03117370605469,86.72379871571157,83.86589601922208,83.86589601922208,3808560
2009-02-04,84.82705688476562,87.25117834093712,83.86591708827112,85.56705130912854,2484756
2009-02-05,82.14775848388672,85.4989944858895,81.35673222505883,85.05669861480276,4341548
2009-02-06,85.53299713134766,86.40057632389424,82.84520806336586,83.35554815410528,6840388
2009-02-09,87.60841369628906,89.0798989726972,84.48683131561678,85.05671232649424,4595224
2009-02-10,89.24147033691406,89.81985995188391,86.92793264282705,87.948612869553,6790772
2009-02-11,87.56588745117188,88.96932323839317,87.0980755220981,88.11875609462268,4502732
2009-02-12,86.74080657958984,87.72746724335789,85.75415110726988,87.09804569592917,2844372
2009-02-13,86.96199798583984,88.45899427389477,86.2475194170474,86.75785976862757,3257208
2009-02-16,85.18428039550781,87.59989262009769,84.71646857106917,86.3495581601265,2501996
2009-02-17,82.54749298095703,85.02263984383823,81.6543980028014,84.37621126956144,2950388
2009-02-18,81.78202819824219,83.50867840532337,81.14410286128242,81.8840972904457,2629412
2009-02-19,83.27051544189453,83.83188762672083,81.48432461014808,81.99466484778992,3477072
2009-02-20,80.64224243164062,82.93026937613584,78.98363704411791,82.7601560030566,4771388
2009-02-24,79.76612854003906,80.922902141434,78.33717780085344,79.95325421585476,4495532
2009-02-25,81.78202819824219,82.47098548557886,79.95330889895753,79.95330889895753,5517928
2009-02-26,82.02867889404297,83.45763033453112,81.14408718774386,81.82454074906666,8808288
2009-02-27,82.1817855834961,83.18545361748266,77.44412629725763,81.99465980291747,6750148
2009-03-02,78.22663879394531,81.99464912085685,77.36756311048642,80.65075445778808,3988944
2009-03-03,75.90460205078125,79.27284533388159,74.73932420876379,76.89125770582505,3560896
2009-03-04,78.34568786621094,79.00913397089761,75.90456586438168,76.21076776543202,3258300
2009-03-05,78.79652404785156,80.10639403138218,77.91193234637872,79.09422247930607,4284496
2009-03-06,81.943603515625,82.47945953470106,77.85237429610827,78.25214171052762,5805604
2009-03-09,78.76251983642578,81.6544482105494,78.08206610133787,80.1404396882688,4535184
2009-03-12,81.21214294433594,82.50500593123905,78.53285666924931,78.53285666924931,8617456
2009-03-13,86.22201538085938,86.75787178595296,80.52321399884089,80.52321399884089,10199700
2009-03-16,88.42493438720703,88.93527453609383,85.46496256195327,86.75782531075619,4672896
2009-03-17,84.63992309570312,88.11874432568081,83.87441276854953,87.60840410757841,6946172
2009-03-18,85.9327621459961,87.52332308881512,85.05667938660362,85.05667938660362,6413800
2009-03-19,87.59990692138672,88.11875077116221,85.3288917464269,85.99233304019786,7382584
2009-03-20,86.7237777709961,89.97294876159702,85.99229249303478,89.97294876159702,4139380
2009-03-23,88.39944458007812,90.09206483576736,86.92795931522234,89.22449053000805,4587312
2009-03-24,88.73963165283203,90.58535731539631,87.13205844643056,88.83319191714223,6681544
2009-03-25,89.4796371459961,90.14308347571252,85.67760209589461,85.67760209589461,3831616
2009-03-26,94.99982452392578,98.31703562200664,87.20863335475637,87.20863335475637,15230328
2009-03-27,97.7896499633789,99.51630452844036,91.29132864065777,91.29132864065777,7079424
2009-03-30,89.0118408203125,96.96464265184544,88.11874542746656,90.79803160600439,5148188
2009-03-31,91.61454772949219,92.52466043302482,89.30951378365505,89.30951378365505,4777672
2009-04-01,92.62671661376953,94.20876865015306,88.54399632225352,91.18075317719094,6724568
2009-04-02,98.453125,99.856560475162,92.82237591341814,92.82237591341814,8503764
2009-04-06,98.5892105102539,101.04735100781468,97.93427812910284,99.48230578431289,5414580
2009-04-08,102.7740249633789,104.39860601803737,95.43362687169252,99.53335606542738,10193512
2009-04-09,102.5018081665039,105.45328134125438,101.08986928379743,104.10938157624574,6586724
2009-04-13,100.7496337890625,103.59903246524114,97.84920318332237,102.83352237313345,4121008
2009-04-15,98.27450561523438,98.97196634784406,93.57086631780719,93.82603639796642,9767236
2009-04-16,97.31336975097656,100.19679399778094,96.48832390262605,98.66577337642266,8868964
2009-04-17,97.49195098876953,101.98294731737111,96.13104426893806,98.12137242327044,6664024
2009-04-20,95.50164794921875,98.97195439037476,94.03016317825505,94.03016317825505,5330200
2009-04-21,93.68995666503906,100.11173762573851,92.71180459817755,98.59772418648058,11488980
2009-04-22,92.36309051513672,96.0460401094961,91.37643468041064,95.2635224709306,6584924
2009-04-23,96.64141845703125,97.44945710761812,92.74582782394066,93.47731336789234,7373712
2009-04-24,99.32917785644531,99.85652502796705,95.25496151339331,95.25496151339331,5377524
2009-04-27,102.39130401611328,103.56508075539385,97.38996373407574,99.32074750821914,8141124
2009-04-28,101.8128433227539,103.40339904439571,98.04482834319815,101.91490718295195,8388692
2009-04-29,106.08273315429688,107.00134984988834,102.40828713773098,102.40828713773098,10531292
2009-04-30,105.8275146484375,105.8275146484375,105.8275146484375,105.8275146484375,0
2009-05-04,113.36357879638672,119.01133561335003,107.19696778075497,107.34156002382421,11142936
2009-05-05,110.7437973022461,114.81801434870044,108.20910408640975,113.80583778064921,8822316
2009-05-06,108.08155822753906,110.52269205649642,104.61975425219131,108.57489130318878,52522096
2009-05-07,107.46064758300781,109.72315395226543,105.35123705929304,108.19213319944312,7738864
2009-05-08,107.33304595947266,109.2127968504912,105.21513216826916,106.83120938023127,9001752
2009-05-11,104.66230010986328,108.81307244291912,103.59909104739008,108.61743782226364,5298612
2009-05-12,109.0596694946289,109.85920435259092,103.76914822204041,103.76914822204041,9487452
2009-05-13,105.75950622558594,109.70613930788691,104.61974433269883,109.21280627901243,7324800
2009-05-14,105.43624877929688,106.66106693551811,102.96960528557278,105.13004683596522,9443176
2009-05-15,109.56149291992188,111.3987148880014,106.15072258025998,106.15072258025998,10942472
2009-05-18,126.53887939453125,134.66179623179985,118.22884192464281,130.4089601913451,73380
2009-05-19,113.93347930908203,127.58508321285781,111.52636991930585,127.58508321285781,13015576
2009-05-20,115.1072006225586,119.41106623337467,112.78514927837533,113.97594270967039,8507664
2009-05-21,110.13993072509766,116.5276872719666,109.55303737685618,113.97598609082864,4459324
2009-05-22,107.86041259765625,109.72315663572634,107.17145531861642,107.17145531861642,5861456
2009-05-25,107.40105438232422,109.55299231305996,105.92107661236084,108.19208557625176,5673644
2009-05-26,106.227294921875,108.8130201968664,105.55534504044526,108.01348528919921,6058900
2009-05-27,110.32706451416016,110.9139579325612,107.30755108884885,107.30755108884885,9222868
2009-05-28,112.81918334960938,114.63939839304831,106.04867364291557,106.04867364291557,16863676
2009-05-29,119.86184692382812,120.7804630494745,111.02446782814269,113.76328825962828,13871224
2009-06-01,118.67959594726562,120.75497074119691,114.54583277733981,114.54583277733981,7905804
2009-06-02,118.18626403808594,120.78049293564737,117.37822552900943,119.0793592323284,4118172
2009-06-03,118.54349517822266,119.887394925437,116.2044363910999,117.37822277197805,3914944
2009-06-04,120.30419158935547,120.61039361504268,116.757321175028,116.86789903178324,7020704
2009-06-05,122.71127319335938,123.96161267116918,118.45843901624295,120.61037726302224,13220132
2009-06-08,126.24115753173828,127.54252927267493,122.48165532020799,123.2811904245724,9267824
2009-06-09,133.05419921875,135.2401522433609,124.3699018910184,124.3699018910184,9690708
2009-06-10,132.99465942382812,136.94129254007197,130.51951143027358,133.53902440243044,9383796
2009-06-11,131.85491943359375,134.80639376323083,130.9873450674757,134.0493869002219,3883200
2009-06-12,130.0601806640625,135.2061103323699,129.49030500271434,133.53900130979505,6358660
2009-06-15,132.3481903076172,133.53898379367544,128.43558313914008,130.08568476068555,6595868
2009-06-16,133.25558471679688,134.7451455954739,127.109020812905,131.25238287651067,4344006
2009-06-17,129.69444274902344,135.2588907877604,128.41033935546875,134.23160807291666,3741568
2009-06-18,128.88967895507812,134.57397622401717,127.40011758625155,129.437564917757,4753108
2009-06-19,130.05392456054688,134.2315430918984,128.41027719250485,129.09513200419823,7727732
2009-06-22,126.57831573486328,132.79337239913687,126.01331248357612,131.62912105859357,4106208
2009-06-23,125.55107116699219,129.35201942679222,122.5890746652326,123.27392983096016,5135694
2009-06-24,130.72166442871094,133.03304945790228,123.34235788590732,127.70830738549098,7303954
2009-06-25,130.2936248779297,134.23153995308394,126.80086123994484,130.80726597468893,9694662
2009-06-26,136.08065795898438,138.4776499578343,128.94104398668443,130.9784913657292,6099700
2009-06-29,132.24551391601562,137.65586461384993,131.26959338284598,136.9196475274443,4745206
2009-06-30,133.49537658691406,136.28615890667461,131.2011079227831,132.69066978978998,5923948
2009-07-01,134.55691528320312,135.25888760848903,130.96142586576227,132.55371194633125,3684738
2009-07-02,133.5466766357422,135.36153754846265,130.53331990705993,133.5466766357422,3715428
2009-07-03,133.8719940185547,134.36850747039387,131.83454684188547,131.83454684188547,2919844
2009-07-06,130.3621368408203,136.44022419235475,129.55743022821144,135.9437002005166,4488916
2009-07-07,133.25558471679688,134.65953876853905,130.12237694099133,131.49208617194913,3804568
2009-07-08,130.5162353515625,133.17004839150005,126.09892283316184,133.1015691637298,6694766
2009-07-09,132.91323852539062,133.9234038797421,127.04060870363072,130.8415562292497,3964808
2009-07-10,135.3102264404297,137.46752599084363,133.54672688060765,133.88915438542972,7468748
2009-07-13,136.11492919921875,137.31342543116156,132.94747487194132,133.54672298791272,5119832
2009-07-14,139.35084533691406,140.77191706629375,137.10793942422762,138.68310767549127,4464136
2009-07-15,144.8982391357422,146.31931160814725,140.3953182147213,140.70350096957063,4470094
2009-07-16,143.75103759765625,148.88744928575815,141.49102481493648,146.55894683384116,7596876
2009-07-17,148.64776611328125,152.63704402988375,144.16196418750658,144.29893308484674,9094956
2009-07-20,171.40200805664062,176.31585313210815,152.3801727006585,152.3801727006585,34539536
2009-07-21,163.54331970214844,175.71661939996895,162.3276962262467,172.2409731132856,13005820
2009-07-22,159.67391967773438,166.07731733007114,154.87993525995913,165.63216581415756,10674690
2009-07-23,162.87562561035156,165.35822479216094,160.94091247591845,161.28333994927146,7662678
2009-07-24,165.92324829101562,167.78948242866394,162.9954972164164,167.78948242866394,7909322
2009-07-27,165.14955139160156,168.1238334815786,164.0492483437024,165.73409492790594,4652338
2009-07-28,165.26991271972656,166.74845981200085,162.05494400594407,166.5421496952453,6334984
2009-07-29,171.8546142578125,173.53947185304997,163.3272184197707,165.04645229787357,11072150
2009-07-30,183.30470275878906,187.39648767332508,168.5708772143993,173.72857870999542,15672482
2009-07-31,180.84619140625,185.6772337537926,179.2816929858575,185.3333870246189,5634966
2009-08-03,182.8060760498047,183.90636851744097,179.17847717866962,182.2387206944587,3520548
2009-08-04,182.2903594970703,186.08986181614458,178.97223002694687,178.97223002694687,5481292
2009-08-05,181.89486694335938,184.62845184429705,174.51935254575753,182.06679025805064,6424010
2009-08-06,177.90631103515625,183.75170559427457,176.80599727373902,181.89492481021182,4178748
2009-08-07,175.0523681640625,179.47080063779083,174.02082799868012,177.63120808414922,4552666
2009-08-10,185.35061645507812,189.7174750857555,176.73725816779034,177.13269038912776,10623976
2009-08-11,186.33055114746094,191.86647509880623,183.64852986744137,184.81761714266727,8843480
2009-08-12,178.679931640625,184.30181633757132,175.7056495307816,183.95796966529971,11326536
2009-08-13,181.12124633789062,183.75168194565578,178.66273407738498,183.75168194565578,10033928
2009-08-14,179.31605529785156,182.23875226819047,178.11259183947672,182.23875226819047,5151814
2009-08-17,175.41336059570312,177.9406354882678,173.72851416511557,177.69993864388385,5962820
2009-08-18,174.96633911132812,177.0294081543213,171.75137140183003,173.64252764349183,8149844
2009-08-19,171.2528533935547,176.97790963262003,169.860278385515,176.32459247490357,5603370
2009-08-20,172.26718139648438,174.8116446517709,171.27002815374112,173.60818130868168,3660960
2009-08-21,175.1039276123047,176.22142935946226,170.20411225938307,172.61103909941474,6929022
2009-08-24,179.333251953125,180.81178864629032,176.58247820333347,177.40771872296622,4207204
2009-08-25,181.6542205810547,182.58261093570258,176.77159288975784,178.11260351166467,5529298
2009-08-26,188.59991455078125,190.8349180960503,181.05247530440988,181.10406070399551,8852624
2009-08-27,188.34205627441406,194.617259427327,186.02109072470654,189.11571145764992,10230928
2009-08-28,185.95228576660156,189.11567951215213,182.61696867603996,187.65433107955823,4563136
2009-08-31,181.22445678710938,183.54542275171443,179.24733763207544,182.58265588226405,7170352
2009-09-01,181.17283630371094,184.42217085943443,178.49081522946568,183.95798620482742,9862194
2009-09-02,183.8204345703125,186.67437892537635,179.144127917637,179.144127917637,8161418
2009-09-03,183.4937744140625,187.1901259266798,182.3934609292389,185.64281599116558,7796744
2009-09-04,182.89210510253906,187.05264261903804,181.27602108844542,185.67725554095688,6263446
2009-09-07,189.4423828125,190.3363760230297,183.47662873942625,184.23309583350442,5925720
2009-09-08,190.71450805664062,196.16446778534555,188.9952752101433,189.7689299910671,9892042
2009-09-09,192.7088623046875,194.20458686166995,186.7603193608853,191.17874049010862,7532186
2009-09-10,191.36788940429688,195.6487853011154,189.82057915147612,193.92955168687007,4898914
2009-09-11,192.67446899414062,195.6487510203388,191.00682107521652,192.8979777195256,9130296
2009-09-14,192.24472045898438,193.89520174220263,183.4938369634084,183.4938369634084,3200972
2009-09-15,196.64601135253906,197.9526251150428,193.24191932559305,193.92961298867343,4308186
2009-09-16,196.16461181640625,199.41396847942568,194.34222785840552,199.0873098014009,5816522
2009-09-17,200.4454803466797,202.18190235149987,197.02420076090038,197.71189430631367,5283220
2009-09-18,200.80641174316406,202.8694913158678,199.08717876591095,201.1502583386147,3925348
2009-09-22,207.21917724609375,208.3710550467914,200.20469769140973,202.85232090502734,3763280
2009-09-23,203.17904663085938,210.31386647076528,201.9239976378187,209.0588174777246,4522410
2009-09-24,207.1848602294922,209.50582585040527,200.11881353650497,202.1818940884277,6803348
2009-09-25,201.97549438476562,205.6202598264623,190.83485652790398,190.83485652790398,3068206
2009-09-29,209.8840789794922,211.2766542150869,203.21344317761168,204.5716421305464,7146124
2009-09-30,213.52886962890625,214.14778969135142,210.5030218894847,211.44860061972543,4373424
2009-10-01,216.5718536376953,223.4659973362702,211.48292625120664,212.4972782980353,5686944
2009-10-05,211.56887817382812,219.71804946397086,210.0903415062382,212.73796539196223,6259596
2009-10-06,211.1907501220703,216.07337983575164,208.02735474512554,214.88710394605394,7448054
2009-10-07,203.45407104492188,212.80670430810287,202.40534293893074,212.80670430810287,10075972
2009-10-08,196.4740753173828,205.87827716128427,195.47691117526531,204.58885162582737,10162172
2009-10-09,193.15589904785156,203.00711617903295,191.40228913343438,197.72905632328784,10032478
2009-10-12,199.37953186035156,200.89246597225423,193.77483396895724,194.96110946729678,5174220
2009-10-13,199.77490234375,199.77490234375,199.77490234375,199.77490234375,0
2009-10-14,203.88392639160156,205.62034821176107,199.67180387388572,201.133152502481,3979580
2009-10-15,200.04998779296875,205.5859317549722,197.7118346415118,204.24492135140525,4232380
2009-10-16,205.72354125976562,207.82101938296407,194.61729354625894,194.61729354625894,7189942
2009-10-20,213.54600524902344,215.17927719954315,210.45138471119662,211.1218900250735,7840584
2009-10-21,217.5860595703125,219.85545904740823,212.49713560115725,213.18482859663024,5731638
2009-10-22,215.19647216796875,221.42011070582083,211.5860814259252,217.31113799729002,4292924
2009-10-23,219.99314880371094,222.09062659317067,216.48590771888115,216.6578310957185,7494460
2009-10-26,221.62640380859375,226.1308085267371,218.3426717613418,221.09344557880752,4071746
2009-10-27,221.00747680664062,226.2167629510373,218.18792953684735,226.2167629510373,3940880
2009-10-28,221.7318115234375,223.81859434588793,219.0241979694381,221.5766143666732,3582314
2009-10-29,218.69644165039062,222.64577841364422,217.71342843150458,219.36903961437292,4882712
2009-10-30,216.71322631835938,223.76684435073136,213.8503946010843,221.4386344095099,2876124
2009-11-03,209.03872680664062,219.36908328829088,207.29688530858934,219.36908328829088,2768288
2009-11-04,215.8164825439453,216.60979445970133,210.4012334720029,210.78063711146248,4555798
2009-11-05,215.40249633789062,217.29955595335642,208.8835012383932,217.29955595335642,2731302
2009-11-06,214.59194946289062,219.00692049207487,211.660129967822,213.85036316971156,4179484
2009-11-09,214.79888916015625,216.60971881586212,212.1257596684,215.57495901260162,3432086
2009-11-10,216.14418029785156,216.95473407899496,213.85045330520964,215.91997382106652,4610406
2009-11-11,222.5596160888672,223.16322605113842,213.33300666557824,216.28206827079734,4049412
2009-11-12,226.04335021972656,228.16461698447296,221.97329777043834,222.47343606195776,4727766
2009-11-13,231.14808654785156,232.78645612347347,223.35288393565332,225.90529969541325,4597896
2009-11-16,229.6304931640625,233.51084321752958,227.6472031367349,231.0964031842612,3523808
2009-11-17,238.1500244140625,238.9950826465248,227.4057577132847,230.40656600190252,5344330
2009-11-18,236.92552185058594,243.4100126939707,235.75278560080397,238.33968522334388,5582914
2009-11-19,234.51112365722656,238.82262379026687,230.92394712563834,237.9603237636588,3464664
2009-11-20,239.08128356933594,240.06429705448036,231.13086148744617,233.855737647899,2800774
2009-11-23,239.40896606445312,241.4440025064777,236.61512245634813,239.71940248857427,2543474
2009-11-24,241.11630249023438,242.82366056402404,235.2354211713983,242.82366056402404,2721872
2009-11-25,242.40977478027344,245.46232944928187,238.68464294476394,241.11632476431552,3893254
2009-11-26,237.2704620361328,243.97913878761554,236.27018567587717,243.15134346914914,4409118
2009-11-27,231.2515869140625,236.7530643799704,225.92256942481478,233.35559020841922,3769058
2009-11-30,237.4429473876953,239.01232924973124,232.47609073739224,232.47609073739224,3882888
2009-12-01,236.52880859375,242.61665291939173,234.63174924666197,242.61665291939173,3229964
2009-12-02,236.0287628173828,239.70216940991168,233.5280927005455,239.70216940991168,2161954
2009-12-03,238.01206970214844,240.02986457013074,234.28693747573698,237.2187578195629,2978706
2009-12-04,239.78836059570312,241.78889215486672,234.89049294930703,234.89049294930703,3933408
2009-12-07,241.23699951171875,243.47897898282307,239.719343448844,240.7541032047383,2207652
2009-12-08,240.85769653320312,241.73723855917882,238.08109399728886,241.3923184664627,4226172
2009-12-09,243.75486755371094,245.20353516594375,239.09844947654375,240.75406058242237,4708848
2009-12-10,243.39279174804688,244.89318523669772,242.1165836145334,243.16858534066463,1659484
2009-12-11,243.5479736328125,246.4108261225974,241.443970312416,243.91015643007594,2688312
2009-12-14,243.203125,245.5658400337511,241.73721475033494,241.78896118004653,3008842
2009-12-15,241.77163696289062,245.58299810220242,240.4781871835602,244.2033183375833,2087152
2009-12-16,245.97972106933594,247.56634474292318,239.71941427562746,242.03038262369807,3565378
2009-12-17,249.29086303710938,251.10169255069613,246.61773375514798,247.65249347719757,3782302
2009-12-18,250.92930603027344,252.30898606342956,248.18718775392625,249.2909359909005,2795290
2009-12-21,253.1885223388672,258.3450805605041,250.58438054366647,251.82608412546202,9326994
2009-12-22,249.73941040039062,256.1031908687932,248.06655622773832,255.24089056283765,3189142
2009-12-23,257.4999694824219,258.5174874861781,250.25665095378983,251.25692717149764,4470686
2009-12-24,258.4484558105469,261.1043430346895,255.60286686730225,258.68990393133043,3057686
2009-12-29,255.7236785888672,259.31083370738133,254.0853087031134,258.6899819611236,2256278
2009-12-30,256.1893310546875,258.2588510632073,246.70403101563812,255.9306410536225,1472110
2009-12-31,258.7762451171875,260.4146152128978,256.5515067767735,257.3965650365894,2853462
2010-01-04,259.2591552734375,261.7598255517331,258.36235054228587,260.34564076300313,1963682
2010-01-05,259.3281555175781,261.98404436236535,257.5000832914068,260.4146621979801,2014488
2010-01-06,253.46441650390625,259.448790259897,252.826323018141,259.32805564620963,3349176
2010-01-07,246.41078186035156,255.03377925114998,245.23804579430708,253.68858323728952,6474892
2010-01-08,241.37503051757812,247.82503922847656,240.2367986397132,246.96273916157162,6048178
2010-01-11,246.3418731689453,248.37688857855952,241.58198128358498,242.8236848876802,4318408
2010-01-12,258.70721435546875,260.069652421441,250.7568134090021,252.48141322612042,9027690
2010-01-13,271.986572265625,274.69420600575955,256.8446018809269,256.96531542029584,10910272
2010-01-14,268.98577880859375,275.4013016566059,265.3641198153135,275.4013016566059,10327614
2010-01-15,272.96966552734375,275.7979923654488,266.3644398539969,274.556288926878,7945008
2010-01-18,276.6949157714844,285.93877048628406,273.52164655684345,275.9360873209014,7261084
2010-01-19,269.279052734375,276.69483285896115,268.57197093294513,276.69483285896115,5154850
2010-01-20,268.83062744140625,273.2455987550305,265.89880775745155,273.2455987550305,4347054
2010-01-21,265.81268310546875,273.1594770145036,264.8641528318263,266.36454684377804,5089504
2010-01-22,261.39764404296875,263.86383075128214,256.86195814571744,262.4841505904911,7574990
2010-01-25,260.828369140625,264.03611921985095,255.63733011885938,261.27676069110004,3008286
2010-01-27,257.05889892578125,262.7305958011605,255.96953241005934,259.37599537272547,4844398
2010-01-28,256.5229187011719,262.12544571747424,251.66394481998793,259.20313793937083,6537196
2010-01-29,254.603515625,255.8485121275077,246.28619513967215,253.84267504765626,5473326
2010-02-01,258.0445251464844,263.8026592391424,249.00094086489878,253.96365950696372,3378012
2010-02-02,255.3643035888672,263.75079350934624,254.18845738359224,261.1051501015131,4739188
2010-02-03,260.3961181640625,261.7621688031968,254.36130128783003,257.30089484452145,2977676
2010-02-04,255.46798706054688,260.7246764576735,253.32380862260587,260.39612941259077,2716612
2010-02-05,250.21127319335938,254.188370141146,247.82500658146188,254.188370141146,4607118
2010-02-08,250.43609619140625,254.10193395425705,244.90274342751633,252.11338530473412,4170344
2010-02-09,254.24037170410156,256.5920432903817,249.3640900846518,250.73014128291135,3005894
2010-02-10,253.2546844482422,257.1972075041102,251.80217484302398,255.88304018817746,2337374
2010-02-11,256.85137939453125,258.6670111700231,254.1884485688624,255.20866493099098,2413156
2010-02-15,258.0445251464844,259.3759800676029,255.41616921695658,259.3759800676029,1956482
2010-02-16,262.1944580078125,264.54612859598546,256.6783930191282,258.42485317831216,1660490
2010-02-17,262.3674621582031,265.5837201385914,260.2578581565628,264.52892869180704,2528290
2010-02-18,262.4192199707031,265.23777964899347,261.2779703179949,262.8342256011597,1814806
2010-02-19,259.56622314453125,262.66144785102654,257.9235083620528,261.0706167154351,2215880
2010-02-22,261.8832092285156,264.11384626561096,260.6900758265283,261.7967505922566,2143460
2010-02-23,263.5605163574219,264.56344504985725,259.8082197303337,262.4884376377015,1853052
2010-02-24,264.68450927734375,266.53473709839506,260.1022007128993,261.4509641298126,4076058
2010-02-25,264.9956970214844,266.22340532767106,263.2665244471191,266.22340532767106,2672984
2010-02-26,263.45684814453125,269.24957888374485,258.04454820825913,265.2897676792051,3015934
2010-03-02,263.9410095214844,265.9468462730608,261.1051611653588,263.5260037192098,4053352
2010-03-03,265.8603210449219,267.67595250571645,264.2694904939285,265.9467796859121,2754742
2010-03-04,264.18310546875,266.2926884535294,261.7968378692491,265.60101913287093,2053606
2010-03-05,263.7335510253906,265.23794473362545,262.8862728414371,264.56356280290476,1287312
2010-03-08,263.76812744140625,266.2927165061483,262.9381157259494,265.4627047906914,3015740
2010-03-09,265.8429870605469,269.23216097321495,263.8717261689955,263.8717261689955,3457732
2010-03-10,269.768310546875,271.289991427744,262.83433013787817,264.11392254569006,4587874
2010-03-11,273.7625732421875,274.9038439431418,266.9669381933836,269.7681891130337,3214030
2010-03-12,275.6128234863281,276.6676145451688,273.9009383997171,276.6676145451688,2510976
2010-03-15,282.8926696777344,283.58433879675084,273.6070201981649,275.61285642169935,6054434
2010-03-16,286.6968994140625,287.7171157626626,282.13187821745976,284.1031397691825,3088856
2010-03-17,290.74322509765625,292.5415696886721,287.0427897313125,288.42612847700553,4174794
2010-03-18,285.6075134277344,292.23025486585124,283.75730664784726,292.23025486585124,3724554
2010-03-19,283.89569091796875,288.58174650574955,278.48336985355576,278.48336985355576,4716624
2010-03-22,286.21270751953125,288.35688626865726,278.79457220999655,281.8206249705985,3310110
2010-03-23,286.57586669921875,288.0802388550537,284.3106330486563,287.042734993631,1694964
2010-03-25,286.9737243652344,289.39456806264093,282.89287778265117,285.00246170430125,5517582
2010-03-26,285.33087158203125,289.117765192228,284.3798263017936,287.04275730807325,1997806
2010-03-29,280.8003234863281,286.8005435537784,279.62447775570854,284.96762494504054,3443266
2010-03-30,276.66766357421875,282.23559186042286,275.68204346596264,279.6418325144146,3097160
2010-03-31,269.9759216308594,279.17511806918907,268.81736248656705,276.6678159868086,7083046
2010-04-01,279.3652038574219,280.05687310248015,270.47724983680905,271.9470469825579,5781432
2010-04-05,277.8262939453125,282.54694597801597,276.4083801382243,282.54694597801597,3001836
2010-04-06,275.3015441894531,279.7455300935119,273.95280233032446,279.7455300935119,3702366
2010-04-07,275.9933166503906,279.7802099936743,270.14872418681114,273.2093521569873,3024558
2010-04-08,276.4775695800781,279.2615348389003,273.2094272727321,275.28443558113264,4494438
2010-04-09,273.7625732421875,279.39969230331155,272.60403614644554,277.3592603735481,3018012
2010-04-12,276.0105895996094,276.66768379184265,273.2439127616909,273.55517234918443,2869882
2010-04-13,283.87835693359375,284.8985733472792,272.25832142645226,276.667713104048,8404916
2010-04-15,284.1723937988281,288.7374163269046,283.25592334710353,284.2761399932688,4290952
2010-04-16,281.88983154296875,286.35110723662365,280.7658688635979,283.238595201443,3810958
2010-04-19,280.8003234863281,285.31345944133307,276.92697290623937,280.1259419969452,6947704
2010-04-20,273.0364685058594,287.9592427705297,272.17188184181293,285.3135991353185,12016986
2010-04-21,271.480224609375,276.3219101438097,269.8375098744775,274.9385714196855,7107490
2010-04-22,271.8087463378906,274.4716773542061,270.096860605397,272.89811281633433,4751116
2010-04-23,269.820068359375,273.90091104474243,268.8863110319283,272.53486061274276,4306068
2010-04-26,271.5147399902344,273.5551726033225,269.82016309027654,271.82599957801705,2512548
2010-04-27,272.2756042480469,273.174786964993,270.1141377766441,271.8087359334523,2621234
2010-04-28,266.39642333984375,271.1170746965008,264.5635039393943,269.75102362448047,2400382
2010-04-29,262.747802734375,268.1082383281661,261.3125808902303,268.05635470177396,4622964
2010-04-30,264.70184326171875,267.26100694604867,263.7162018678026,264.5635009617781,3690224
2010-05-03,265.1860656738281,266.7769180902639,260.7939603989106,263.26668715167756,2416560
2010-05-04,263.18017578125,267.9699773703079,261.7276659902778,267.9699773703079,2896028
2010-05-05,264.8229064941406,265.6010345249755,255.96954711987092,259.3760102782964,4371230
2010-05-06,265.2897644042969,266.60395302432397,262.5576832019845,265.58373653585994,2580872
2010-05-07,256.4018249511719,263.73350284481694,254.18847468753444,261.7968371951885,4267152
2010-05-10,266.3791809082031,291.5386556385787,257.64685462721366,262.8343751901777,2327814
2010-05-11,261.5547180175781,269.4051680871753,260.72472759717084,268.02182961175976,1351288
2010-05-12,262.6441345214844,265.58372910644573,259.7564024702378,261.7968353900869,2740076
2010-05-13,264.77105712890625,267.3994137048653,263.3358556843943,264.598139766333,1321452
2010-05-14,264.1656799316406,268.7134121454092,261.1050529855649,264.90923256548706,2026996
2010-05-17,257.9062194824219,268.0045966291279,253.8772369098322,268.0045966291279,3722050
2010-05-18,254.22296142578125,257.9925663478159,251.1796217012002,257.9925663478159,3199180
2010-05-19,249.51963806152344,253.49673554968354,247.72129410613334,252.45923185712002,3929266
2010-05-20,252.45928955078125,253.2547050085735,247.6694881854094,252.113454907561,2398092
2010-05-21,248.55130004882812,251.04131307794927,236.98312990900095,245.54253518480945,2675092
2010-05-24,248.1709442138672,252.45930245217426,246.47636704033312,250.7301291477073,2885428
2010-05-25,241.9286346435547,246.92594975302814,239.16195733539752,244.85094177191027,2297366
2010-05-26,255.22592163085938,257.57759256790416,243.5021208525562,244.8508841661903,3689464
2010-05-27,256.5574035644531,259.3586766421309,251.49093906286993,254.18844486843113,6883872
2010-05-28,259.6526184082031,260.5863760676173,254.36135314894833,259.30678380161044,2479374
2010-05-31,256.9723815917969,260.37886488480797,255.22592117663262,258.8571842828042,3327660
2010-06-01,255.64100646972656,260.0503987568795,254.0847503683785,256.97246157987246,3136912
2010-06-02,260.8457946777344,262.6614266592499,254.63805825265237,255.15681024737108,2769330
2010-06-03,264.71917724609375,265.9468862183345,257.6814283854839,262.83437389588323,1684434
2010-06-04,264.68450927734375,266.1889024897577,261.17430066451664,264.7191054030491,1368210
2010-06-07,260.49993896484375,262.07348233339223,254.53429150763358,259.34140138015016,1734922
2010-06-08,259.4451904296875,263.52603557791434,258.3385151925223,260.7593580390386,2242222
2010-06-09,253.51416015625,262.3329463122224,252.80520313787568,260.0677329133824,4867400
2010-06-10,259.5488586425781,260.4134451137393,252.45924957905666,252.45924957905666,1796036
2010-06-11,262.52301025390625,263.97551965076394,259.72175871630463,263.45676780246237,3237024
2010-06-14,270.09698486328125,272.20656874740587,262.1427842847211,263.9929920630231,3550492
2010-06-15,269.7799072265625,273.8648268234727,266.45213404853297,266.45213404853297,2642976
2010-06-16,272.84344482421875,274.6570101626285,270.20234277411333,273.65337848758236,2328816
2010-06-17,273.0196533203125,276.36505090496405,268.93475539323754,273.6183077130789,1528920
2010-06-18,275.8016357421875,277.8088786762365,271.94562038081665,273.0196648256374,2225672
2010-06-21,277.38629150390625,279.60481406748363,276.294622532819,279.2174608317345,1907428
2010-06-22,274.1993103027344,276.96365606022295,272.3153106808219,276.43543548286715,1468324
2010-06-23,276.893310546875,277.826509128118,271.1004854047478,271.1533160766511,2959524
2010-06-24,272.3681335449219,277.6679422207895,270.34328805631117,276.893214430825,3777510
2010-06-25,267.1036682128906,273.19581086225145,266.2585062817152,273.19581086225145,2037322
2010-06-28,269.30450439453125,270.14966606221856,266.78664394178475,267.0859818835446,1153124
2010-06-29,265.44842529296875,269.3924763035334,263.75812385796934,269.3924763035334,2614662
2010-06-30,264.4625244140625,267.5966428213724,261.02908950988524,265.8711130926993,3316516
2010-07-01,257.7716369628906,264.11028377345355,255.5707179314452,264.11028377345355,3407744
2010-07-02,261.92706298828125,262.70179106758104,257.3667527990934,258.75773843116565,2943550
2010-07-05,260.23675537109375,263.7230209077788,259.5676671591296,263.6877932952054,2165596
2010-07-06,267.3324890136719,268.30089357290905,259.1274440989063,259.3563483193403,2760904
2010-07-07,269.25164794921875,270.2376769648922,263.7405590600434,268.1247944913382,2152934
2010-07-08,273.5478210449219,274.32254884482245,271.0299825619325,271.85751952272517,2187564
2010-07-09,272.7203369140625,276.0833375562878,271.41738829274084,274.67474909936794,1836666
2010-07-12,278.79486083984375,279.60479486382656,274.6043017905132,274.6043017905132,2725776
2010-07-13,272.79083251953125,278.90057774010535,270.99486893352275,278.90057774010535,5545886
2010-07-14,272.79083251953125,276.3299075217282,271.24137626807595,273.9705170224772,2833842
2010-07-15,275.4141845703125,276.40021345258856,269.4805156905074,271.50536112039356,3795536
2010-07-16,293.5675048828125,295.27541010659866,279.95700779337614,279.95700779337614,19135452
2010-07-19,291.1200256347656,293.93720256798053,289.90511378364585,292.79272443886197,3027924
2010-07-20,291.31365966796875,293.8843289450932,290.5213287713197,291.1199830807914,2342062
2010-07-21,296.8600769042969,297.4939375385169,292.1412960287594,292.9864578699585,2943720
2010-07-22,297.1065368652344,297.9164709627979,293.16248472402987,296.86002957640505,1362882
2010-07-23,295.55712890625,299.3251080950595,294.0781064264027,299.3251080950595,1894472
2010-07-26,299.0609130859375,299.88845014152787,295.9444199690476,296.64871414175514,2766490
2010-07-27,299.0257568359375,302.7761110349495,297.9869184593014,301.08580903727113,2106602
2010-07-28,300.8921203613281,302.124635319745,298.268619936884,299.677208460789,4359228
2010-07-29,300.0271911621094,301.7920569924747,299.6742179960363,301.7920569924747,5331904
2010-07-30,296.42694091796875,300.0272724966846,294.7326735702725,299.6742992349238,1283426
2010-08-02,295.8975830078125,299.48027146698627,295.43872191813045,297.55656221861886,2827762
2010-08-03,293.69140625,298.0859277890382,292.4559997997198,296.85052133875797,1281552
2010-08-04,306.6632995605469,307.79281880068305,295.03282119274974,295.08577582267316,5583934
2010-08-05,309.8576354980469,311.46368141761576,305.55137801847513,307.7927500925765,2912950
2010-08-06,305.216064453125,311.8519592200177,303.78652667377645,310.61655247721063,2437734
2010-08-09,310.56353759765625,311.9224976773348,298.6506891749002,303.96295437325665,4259986
2010-08-10,305.14544677734375,312.3814001133016,304.0512380611266,312.3814001133016,1545194
2010-08-11,302.9041442871094,308.1457908752035,301.72167042219775,304.263083315493,4020248
2010-08-12,301.24517822265625,302.4629408652389,298.68612085447324,302.4629408652389,2278092
2010-08-13,301.5804138183594,304.5806870442573,295.7916427414671,302.4981358346507,2589906
2010-08-16,301.4747009277344,304.45733173884383,299.60394541845136,302.4983328419173,1319098
2010-08-17,300.0979309082031,303.91003858165556,297.9094919429933,300.06262064876506,1733196
2010-08-18,307.47503662109375,309.1340154593201,300.02730852119754,301.08622843362525,2888916
2010-08-19,307.8103942871094,310.9342212464889,306.13377093600525,308.49869660316136,2148534
2010-08-20,306.7162170410156,310.58127978744824,304.61602116110157,306.73386140092384,1746396
2010-08-23,307.2279968261719,309.01050784422347,302.5157899171524,303.5570655554304,1049830
2010-08-24,307.3338928222656,311.28719855671574,305.3219404665043,307.0868071744032,2650474
2010-08-25,307.5103759765625,311.1459970445029,305.78079800508675,307.7927503378407,2379968
2010-08-26,309.381103515625,310.2635367829257,303.64528727817043,308.4986702483243,4204428
2010-08-27,302.1628112792969,308.14571346109517,300.38030029254526,307.8280288503235,1276514
2010-08-30,298.49188232421875,304.5453615449024,296.53286325738173,304.5453615449024,1558570
2010-08-31,297.8214111328125,299.2156608625783,293.03862418723105,296.49776041666667,2447874
2010-09-01,302.99237060546875,303.910092814106,296.4976515259571,297.2035983153046,2745484
2010-09-02,297.94482421875,306.2044100052828,297.0271020397066,306.2044100052828,2758800
2010-09-03,295.5445556640625,300.5567811021799,294.7680100535742,300.02732112372627,2777970
2010-09-06,301.9156494140625,302.67455049052904,295.79157237441785,295.79157237441785,2287978
2010-09-07,307.5633850097656,308.81645790254197,302.1452515578727,302.85119840730704,2484236
2010-09-08,310.2811584472656,311.64011850579044,303.1687597592521,304.96891487537977,4189478
2010-09-09,308.7457275390625,311.498914771631,307.56325414312374,311.32242813436665,2938158
2010-09-13,310.5281982421875,313.793200610747,307.3337948281899,307.563214500796,2349410
2010-09-14,316.0346374511719,317.3229986214855,310.7223935627608,311.67542578728774,3071038
2010-09-15,322.8999328613281,324.52362277817474,317.322959680701,317.6759329395227,5560394
2010-09-16,316.05224609375,322.42340873434256,305.1453644161368,320.49970027744615,2334264
2010-09-17,322.5469665527344,324.2941885303064,317.71122849392134,317.71122849392134,3007978
2010-09-20,321.9999084472656,325.4061095739765,320.04091084658666,323.6765317030886,2419108
2010-09-21,336.71881103515625,338.14834828229175,321.3115212041574,321.91157999316295,4997184
2010-09-22,330.1182556152344,338.8543441760225,328.2651459205218,337.44245107528906,4031066
2010-09-23,328.74169921875,333.6656814351844,327.4886482176673,331.7949271123499,3327236
2010-09-24,328.95355224609375,331.0537482070073,326.5003828982631,329.35945871477685,2738784
2010-09-27,327.41796875,332.30666104942264,325.4413272238518,330.02997934306006,3423290
2010-09-28,324.6119384765625,328.37109159498254,322.6529192182473,326.58858054921484,2521714
2010-09-29,324.8589782714844,330.82423584691946,322.9352909609071,326.5003127857034,3370194
2010-09-30,327.18853759765625,328.26510163296615,323.023457821176,326.50023549515447,7560924
2010-10-01,339.41912841796875,340.9722196092709,325.4413938713745,327.2062604324991,3326156
2010-10-04,337.371826171875,344.14891684307884,336.3835053861068,341.2368875467143,2140956
2010-10-05,335.4128723144531,340.9545573339031,333.9656904278986,335.32462899103444,2211664
2010-10-06,338.7308044433594,341.64283389739285,335.32460379779667,335.32460379779667,1838960
2010-10-07,334.9009704589844,340.97211385501276,331.2300620766651,338.85427463852204,1972940
2010-10-08,332.71258544921875,336.98357481109707,306.7337621939193,333.2244009837294,2695996
2010-10-11,332.1127014160156,336.7190002648948,327.92995343855546,332.71273899845517,3065370
2010-10-12,335.5717468261719,337.3719021792478,331.4772433001318,332.73031584801845,2608902
2010-10-13,350.4496154785156,352.16154931616916,335.0070299376975,337.42491054293123,5350604
2010-10-14,348.0493469238281,354.38522249126817,346.74334129712577,351.8791204716416,2949086
2010-10-15,335.4305725097656,356.8560593112976,333.5598180506194,352.6203790820834,5717798
2010-10-18,346.3551330566406,347.32580986265924,328.2652471262938,342.3841824865645,4480734
2010-10-19,341.5899353027344,348.52586975718725,340.3015740488434,346.6198051844848,2200912
2010-10-20,340.00152587890625,346.09031520816774,337.51306846179017,340.44274249696866,2206638
2010-10-21,348.1022033691406,350.8024356495388,342.3840327403912,343.8135700116345,3752354
2010-10-22,367.1628112792969,370.4101915082341,360.738714421877,360.738714421877,9610404
2010-10-25,376.6050109863281,378.72285171862876,366.1040506886708,368.15131396492677,5156316
2010-10-26,375.06927490234375,376.88709531180376,367.63921566349745,375.38695936698974,3507024
2010-10-27,369.9867248535156,376.55206499315,368.3454329061831,374.15182848107116,2141382
2010-10-28,371.64556884765625,376.8166359297624,367.09220499510917,370.62193773544675,5255690
2010-10-29,371.64556884765625,374.1516704757844,363.9154455288054,374.1516704757844,2212398
2010-11-01,372.52978515625,377.127171804048,371.0090938433807,372.0523728690468,1147948
2010-11-02,371.1329345703125,374.86390866495117,369.0994746884035,373.09568268068256,1565778
2010-11-03,372.3175354003906,381.58301867879766,370.7614885068055,371.6456011543467,2217878
2010-11-04,378.099609375,381.4415377901978,375.39421614054595,375.57103866345716,1717440
2010-11-08,377.74591064453125,382.785351831304,375.60634115355305,381.9365952080418,2248586
2010-11-09,385.8622741699219,388.5499690914169,377.8699011785362,379.77959391761294,3504086
2010-11-10,386.2865295410156,391.8387399054237,384.0939041921527,386.26883001958396,1540224
2010-11-11,376.5434875488281,385.4730231774808,374.24479520877895,385.4730231774808,1926096
2010-11-12,373.4139099121094,378.36494184495785,370.6908164472992,374.86384634424337,1802330
2010-11-15,376.98577880859375,381.8837561376225,372.3883912621475,376.63213361271323,1389396
2010-11-16,370.93829345703125,377.1270816965246,368.5688457721744,376.9856150457097,2178076
2010-11-18,368.7810363769531,379.10745347620605,367.79081307393125,379.10745347620605,2765160
2010-11-19,359.0912780761719,370.97374595718736,355.767005179152,369.52380954017286,2172652
2010-11-22,367.4725646972656,368.8517890332198,357.71196990134405,359.30337263446916,2221236
2010-11-23,364.27215576171875,369.55913278590026,358.0303110573064,365.66903665131184,1684448
2010-11-24,355.324951171875,365.84589399084814,353.27381369555343,362.4862651915122,3008608
2010-11-25,361.35455322265625,368.4628325725734,356.1559660168443,357.1992233625169,5855006
2010-11-26,370.3548583984375,372.741963000194,362.4862543407959,362.4862543407959,3617826
2010-11-29,378.8598937988281,381.40612045056514,371.41564951618545,373.0954632131166,4518892
2010-11-30,380.5220947265625,384.0762449423454,372.4236140022795,375.0405961501111,4808408
2010-12-01,382.6085205078125,386.60468296376104,376.27826659934505,376.27826659934505,3776032
2010-12-02,387.5242614746094,388.72662010404775,380.186126717089,385.82674797371976,4095716
2010-12-03,388.07244873046875,393.6070032774937,385.87986633942785,386.5518006752528,2030112
2010-12-06,389.61077880859375,392.5460503266104,387.3474847657873,389.00959942276705,1930954
2010-12-07,384.5889587402344,389.009521484375,382.679267000854,389.009521484375,2158324
2010-12-08,381.6361999511719,386.5164774735818,378.84239442951485,385.8091871222548,1984132
2010-12-09,379.31976318359375,388.0548239202172,377.7283600760245,383.24521554835013,2579902
2010-12-10,380.1330261230469,383.2981316634183,373.80277187274754,377.3392219377688,2245624
2010-12-13,380.55743408203125,382.1841926969742,370.7614833513136,378.7538529400387,2115066
2010-12-14,382.27252197265625,385.33155966843844,376.33131223977034,379.53177339121055,2615340
2010-12-15,390.3004150390625,391.9802292287281,382.4671676049189,383.7402813042258,2572034
2010-12-16,403.4029235839844,404.5699696103017,390.477221872737,392.1923918687278,4515704
2010-12-20,412.5978698730469,416.2404329860428,394.2613734514612,401.3166216455405,4514046
2010-12-21,410.5113525390625,414.5605726840977,408.1065479867338,413.4112258201836,2810642
2010-12-22,406.60333251953125,413.41099866521597,402.359592584559,412.7037086760539,3186836
2010-12-23,403.1555480957031,410.0693293681597,400.361742242527,406.6920002719812,2850924
2010-12-24,403.54443359375,406.2675268911216,398.1159896922204,401.03356190182365,1624640
2010-12-27,403.5797424316406,410.0337650521412,402.51880720635285,404.92361098483104,1664936
2010-12-28,405.4010314941406,407.0101338865647,403.17309337720627,403.5797506862322,1012876
2010-12-29,409.1496887207031,410.93561377645756,405.6486367018082,406.3382273916951,1042370
2010-12-30,413.8354797363281,415.4622817358512,407.57597871926936,407.57597871926936,3845552
2010-12-31,412.22650146484375,417.30130102560423,410.8649761928704,414.64896224789914,1532980
2011-01-03,409.5387268066406,416.22258468520283,408.30096895215604,412.70383319528105,1405042
2011-01-04,404.83538818359375,412.4034049477828,402.4836387054567,411.607703158385,2502868
2011-01-05,409.85687255859375,412.31473131273225,403.7741955729853,405.01195312455565,3069674
2011-01-06,414.3658142089844,418.00837484474243,407.7880260813789,413.05734502424633,2846720
2011-01-07,404.0924072265625,419.7234966123947,402.5010049654441,415.8864575722746,2532724
2011-01-10,399.93743896484375,406.33840962970567,396.43634220617935,405.80794173201673,3952426
2011-01-11,388.479248046875,401.581819834631,384.69526171516054,397.1435553542472,3768730
2011-01-12,401.7230529785156,407.25760631013003,391.8386916967683,392.5106258850338,3160874
2011-01-13,397.5855712890625,408.7961055977174,394.7387104820935,399.2476862738974,5589198
2011-01-14,396.1355895996094,406.69188779230427,396.0825341977224,399.58362951784846,3151692
2011-01-17,402.23590087890625,405.4717618198715,396.08246818568034,396.5068249909112,3000212
2011-01-18,425.27593994140625,427.52157773298603,411.7666709760663,415.17935488651744,8481370
2011-01-19,421.8985290527344,427.5568496435506,419.0693687573263,425.5941024207872,2952040
2011-01-20,428.6885986328125,431.0049914444034,417.30124299847876,417.30124299847876,4545208
2011-01-21,428.4940490722656,431.4469767133996,425.7886557073222,427.9105260846012,2597404
2011-01-24,427.62762451171875,431.4470087421811,423.7552280535397,424.37410695952235,2016678
2011-01-25,420.32489013671875,431.19947668395565,417.3012073411237,429.6080737746039,2467094
2011-01-27,424.8769226074219,428.6141414863216,418.57141167327774,420.67917285134206,4714118
2011-01-28,418.48260498046875,426.3644673863973,412.7793334161016,423.3180033745904,3014578
2011-01-31,410.74261474609375,414.10790568191777,399.7788684152616,414.10790568191777,5940816
2011-02-01,407.4305114746094,412.6909844737264,401.3552664452635,412.6909844737264,4212708
2011-02-02,418.8724670410156,424.6997604119795,411.7522279536853,414.462181635925,3937618
2011-02-03,419.315185546875,423.56607887637205,414.69236499644086,419.66942665766646,1883412
2011-02-04,406.9522705078125,419.1027166072728,403.92349122885315,416.58761296656985,3457600
2011-02-07,400.6998596191406,415.70196270528913,399.0526297294488,415.70196270528913,2578382
2011-02-08,398.5566711425781,407.34186812026303,396.2186884243902,401.00094349254334,5288638
2011-02-09,389.0630798339844,400.1508020971001,383.8911243505275,397.6356985321332,6012732
2011-02-10,386.3885498046875,394.8017774534258,379.74652797673616,389.66528057314343,4551822
2011-02-11,385.98114013671875,391.15305216764364,374.0432309339609,384.03281385338676,2945056
2011-02-14,394.0224914550781,396.75013131090753,385.0601720847826,386.47713683946444,2462548
2011-02-15,388.8505859375,396.39594153168724,381.3584184193105,396.39594153168724,3625426
2011-02-16,388.4255065917969,393.10147350554297,382.93476755652756,391.436557030493,2464592
2011-02-17,392.9244079589844,394.7841746670565,386.97318043855967,391.4366118894641,1477760
2011-02-18,386.0166320800781,401.14275780376556,383.3244075127378,393.29630629607044,4076928
2011-02-21,403.3390808105469,406.66895722725206,374.8580755060936,386.1229646147254,5657800
2011-02-22,403.3921203613281,406.56256144176984,396.75009862102087,397.6888463421168,3305400
2011-02-23,398.71624755859375,405.5884930651855,397.8483305695751,399.63726614008493,1879344
2011-02-24,393.8452453613281,403.39202505696727,386.5833033076132,396.39576381009556,5378830
2011-02-25,393.22528076171875,395.6872386740903,385.50280885145816,391.5426358345013,3070474
2011-02-28,393.2962646484375,406.75742930202057,389.665292603721,390.0903647169018,3229396
2011-03-01,398.3440856933594,401.00089373488913,388.81499220260906,394.27031336301377,3167804
2011-03-03,407.4482116699219,409.1485867298888,392.14500909955575,396.7147292361746,3452600
2011-03-04,402.2588195800781,412.10670407759613,401.1783660654758,412.10670407759613,2061198
2011-03-07,392.5877685546875,398.52130802979786,387.69922321259025,398.1670668671047,4184588
2011-03-08,395.9354553222656,399.867568064188,391.48975327145513,391.48975327145513,3947902
2011-03-09,399.1234130859375,403.1263546424966,396.218653486496,397.65334717736255,2424486
2011-03-10,392.6940612792969,397.4585876579437,389.6652820175919,397.4585876579437,1871324
2011-03-11,381.53546142578125,390.5154662480608,376.664645440663,389.6652788094652,5012882
2011-03-14,388.7974548339844,390.3738109114205,374.928902903138,379.39233347198854,3248618
2011-03-15,386.0519714355469,388.0533990741017,377.49704014765535,380.80918581300637,3411868
2011-03-16,394.92572021484375,397.97218532358755,386.5302226227214,386.8313189386315,2677874
2011-03-17,388.956787109375,396.3604358767714,387.061605583856,391.43647518748577,2056102
2011-03-18,383.5546569824219,392.8534884262349,381.19894436818913,387.36274985941196,2211348
2011-03-21,379.3214416503906,386.65421617650446,377.798187404711,386.65421617650446,2619090
2011-03-22,378.8609619140625,382.58049449947407,376.5583941230935,380.84470397781524,2657774
2011-03-23,377.0364990234375,379.3922109424594,374.52139590935127,379.3922109424594,4352248
2011-03-24,387.3274230957031,388.08905049399954,379.0381685188776,379.39240979786723,3094834
2011-03-25,396.6260986328125,399.7611240542454,390.9936558926658,395.6342061499255,4146434
2011-03-28,396.71466064453125,399.12347444694603,392.4991824373971,398.11389584816715,2248642
2011-03-29,403.37451171875,408.05052236864896,396.44912092378746,396.7502173509872,3159588
2011-03-30,408.0681457519531,412.3367696418288,405.5707711595752,406.66891026530885,2294770
2011-03-31,419.38629150390625,424.3810852781598,408.0859851756595,408.0859851756595,7394126
2011-04-01,418.0577087402344,424.6465855908212,415.36548460414093,419.7757696977044,1799624
2011-04-04,429.7654113769531,430.7573040450432,419.4215855175421,419.7758267215265,2311616
2011-04-05,439.2060546875,440.65843532779775,426.4179527690226,430.42089664231776,2891014
2011-04-06,432.82965087890625,441.72109736334113,430.1020106251108,438.90489679945694,2422352
2011-04-07,424.8060302734375,432.17426453957034,423.3713793570467,432.17426453957034,2149016
2011-04-08,423.6724853515625,430.0488271043452,419.6872717560733,423.99131108766863,1983768
2011-04-11,417.4378356933594,423.3182309221374,416.33969662981053,418.05775778885203,2256232
2011-04-13,428.6673889160156,432.67033290701136,415.9855763085694,416.2335279218822,3757530
2011-04-15,422.04296875,432.13884281655504,418.00461047491126,431.0761192306019,7566770
2011-04-18,405.46429443359375,429.51727021404326,403.85252361240657,424.3807750238547,7765454
2011-04-19,412.584716796875,414.2496764163902,403.8349762745275,405.464477179449,3120224
2011-04-20,431.7137145996094,433.59121017589865,417.84520680917245,417.93376710536853,5338548
2011-04-21,422.291015625,441.31379805349064,414.7633885250829,439.6134226351603,17333968
2011-04-25,424.3278503417969,426.50644256315763,415.40098860834036,424.02675394360443,4191552
2011-04-26,421.1927185058594,425.7978533591614,418.1285239742353,425.089371074038,3155246
2011-04-27,418.2170715332031,423.30042312580775,416.605300328991,423.30042312580775,1774478
2011-04-28,410.4414367675781,419.24431897378133,409.3609841746047,418.0576200019983,2846194
2011-04-29,412.9212341308594,415.1706569427914,407.4659113894589,415.1706569427914,1866696
2011-05-02,410.37054443359375,417.1188540184628,408.262827393867,414.462046031084,1543070
2011-05-03,403.28582763671875,411.6282241757667,400.6467483156559,411.6282241757667,2120156
2011-05-04,402.7900695800781,405.9605117773879,395.03217680602046,405.9605117773879,2722934
2011-05-05,394.9788513183594,405.6060849861179,392.53457892631,405.6060849861179,1885596
2011-05-06,407.0052490234375,408.61706314508046,396.66142735735053,396.74998762244485,2405348
2011-05-09,402.2588195800781,408.06834366475715,398.34443500276166,407.3775902651631,1012232
2011-05-10,403.7994689941406,410.9019776394384,399.5839909377332,401.35519657132244,1529158
2011-05-11,403.92364501953125,407.97969063465024,398.91112194262405,403.48084339157737,1460670
2011-05-12,393.8275146484375,401.6739630985319,392.62308634645035,401.6739630985319,2540458
2011-05-13,399.2652282714844,404.6497201925585,393.9161950625368,393.9161950625368,2365488
2011-05-16,400.6822204589844,406.45636942814133,396.7501517110295,397.10439291791437,2227368
2011-05-17,404.43707275390625,407.09388117589214,397.47626928216295,397.47626928216295,1391414
2011-05-18,409.1663818359375,411.4512206502314,404.63207644229595,404.63207644229595,2225180
2011-05-19,412.63775634765625,414.46210674804615,409.50273111174477,412.6909011636528,2050922
2011-05-20,416.23333740234375,419.20897161181307,412.0710040283203,415.79053597957534,2050600
2011-05-23,413.24005126953125,414.6392865843105,407.37734265011284,412.33671899541855,2017284
2011-05-24,407.3420104980469,415.45414354198846,403.53391716829384,411.8585863077539,1681994
2011-05-25,399.7964782714844,407.34183064850697,396.7500136012246,407.05842048472107,1867470
2011-05-26,402.3294372558594,404.8976859198303,396.75013843412944,403.4807211397084,2060218
2011-05-27,405.44683837890625,407.34202041043346,402.524348077979,406.8638033732952,1286704
2011-05-30,408.0681457519531,410.9020754402131,404.6497526593577,407.73163389840636,1140868
2011-05-31,409.9102478027344,417.1898791313414,407.41282983515373,409.1486205100274,2644154
2011-06-01,416.3752136230469,416.94199102865264,409.85716535271973,409.85716535271973,982386
2011-06-02,413.6650390625,415.17056371761936,409.7329715528878,410.53001401736276,1697654
2011-06-03,408.1211853027344,416.2333155912326,407.3772875999298,413.0451455143636,1367808
2011-06-06,412.4605712890625,413.7535598119382,403.8348100904191,403.8348100904191,1357074
2011-06-07,417.756591796875,419.1204115312002,410.21123825229853,411.9824439442342,1837442
2011-06-08,421.35888671875,422.64285630886206,414.9746525868025,417.9706106555144,2127670
2011-06-09,423.1242370605469,425.781384294936,419.076148503809,419.076148503809,2693966
2011-06-10,424.14080810546875,427.1011087797218,422.6785082150941,423.195692256472,3774550
2011-06-13,419.18328857421875,424.6045131583129,418.2024717651592,424.14083688804993,3229400
2011-06-14,424.8005065917969,426.1736408113718,420.1460696445925,420.1460696445925,2125782
2011-06-15,422.3752136230469,429.7759192871197,421.3052320812532,422.99936952242655,2812382
2011-06-16,410.5698547363281,422.96381047580655,409.5355302980174,421.92948603749585,2337520
2011-06-17,395.60791015625,412.6563038225882,393.753292497958,411.9429826405267,3788146
2011-06-20,381.377197265625,399.10321168313186,377.3469150676975,397.6765692821198,5310408
2011-06-21,394.7341613769531,396.14295348294814,379.2015731663407,383.4101861126945,3425946
2011-06-22,386.4417419433594,398.35421413119604,385.1934299020102,398.0332108987439,3570834
2011-06-23,391.25665283203125,392.68329513953177,381.66247460655626,385.83542947859627,2428236
2011-06-24,405.79052734375,406.8605089583677,391.9699314882718,392.3265920264777,4151588
2011-06-27,410.3735656738281,411.8358650272763,400.1730840047678,400.1730840047678,3125218
2011-06-28,411.5865478515625,414.43983414516083,405.04183112315997,413.72651257176125,2133332
2011-06-29,417.23944091796875,420.4672371244318,411.8360235154501,411.8360235154501,2958704
2011-06-30,422.35736083984375,425.1393302481423,416.2228174493138,417.2214842978467,5172916
2011-07-01,425.1037292480469,427.2793499517874,420.7524443028999,427.2793499517874,1920840
2011-07-04,422.89263916015625,427.99290536415504,420.85969027475244,425.49628008286413,1603734
2011-07-05,420.6631164550781,424.782561735838,418.5053470289675,424.3545866453703,2061136
2011-07-06,421.85797119140625,425.4602328027308,417.8990056148225,420.23514883072374,1490178
2011-07-07,426.53033447265625,427.99263393105497,421.9650622956602,421.9650622956602,2602634
2011-07-08,417.8815002441406,429.77612538011203,417.02550589269373,426.5661792154473,3412060
2011-07-11,412.5315856933594,420.0749678096624,408.94712843156805,417.2929970807186,1822504
2011-07-12,408.5013427734375,409.73184836748464,396.64237395452415,405.05955815304293,4079404
2011-07-13,409.8209533691406,416.57965553661955,403.3832109691068,410.1597635848566,3952600
2011-07-14,400.779541015625,413.22700597414456,399.13891079036557,410.15973319862906,6937844
2011-07-15,408.7508544921875,420.11048468427146,406.9853585877006,416.57953641296393,7279700
2011-07-18,401.2611083984375,410.87309614047115,400.2802915456716,409.44645344553896,3125208
2011-07-19,406.6109924316406,409.499934996097,399.5490941294788,400.0305773006087,2195292
2011-07-20,403.9003601074219,410.80177893249714,401.24325551927717,410.1597723085944,2807746
2011-07-21,400.3694152832031,403.9181712045438,399.4777636911401,403.73984088613116,1850624
2011-07-22,404.2391052246094,407.05673248030325,401.77813854463193,401.86730368856104,2090442
2011-07-25,406.5574951171875,408.01979511592396,400.58342906107583,404.80984917532663,4740714
2011-07-26,408.2515563964844,410.8551526022179,402.04565337209567,406.52176122834334,3968722
2011-07-27,409.143310546875,411.8182656650331,405.9333644050853,409.78527365262437,2024290
2011-07-28,403.9222106933594,409.41129555435646,400.6144507115951,407.6590680228425,4093814
2011-07-29,406.58642578125,408.3744047864446,401.0973389656688,405.1560425770943,1719138
2011-08-01,405.960693359375,411.1994813522088,402.33108670996086,408.51751244650933,1982346
2011-08-02,404.3157653808594,405.51370277420745,401.31195144475686,404.2621172718179,2025292
2011-08-03,397.0565490722656,402.5456367189597,391.69261124451805,400.5073578051508,3064246
2011-08-04,391.871337890625,400.32848705771715,390.172757887477,396.94922430165997,3049294
2011-08-05,378.31854248046875,384.0579737954102,367.60856337214307,383.7540260288266,5269388
2011-08-08,359.5090026855469,369.52168714334323,356.3800387924855,361.6009516410313,6549306
2011-08-09,345.0084228515625,352.3033858887504,338.8935434129752,345.0799463766164,8159270
2011-08-10,351.8921203613281,361.88692670416043,348.2267636432277,357.238181598277,5949080
2011-08-11,349.8538818359375,351.65975829126467,344.3647944144237,350.4439237031518,2900464
2011-08-12,338.6968994140625,354.6993128206986,335.24609092114724,354.21654535422175,4169084
2011-08-16,348.15521240234375,349.85379220963665,341.87941137426515,345.7950891899439,2983568
2011-08-17,357.5600891113281,360.9572495909952,346.8679647660087,348.477146045851,4557892
2011-08-18,344.13238525390625,360.9215161297795,342.57685191139905,359.70570323733716,3619896
2011-08-19,332.18865966796875,338.62538478282977,323.6242349416229,337.2128768507739,5443614
2011-08-22,328.29071044921875,332.5639832006888,322.5513041365821,332.20638751982784,3528922
2011-08-23,351.0159912109375,353.30461281785574,329.1132507908022,329.29204867178294,4874670
2011-08-24,344.2216491699219,349.7286322735095,341.50393028752717,349.7286322735095,3194790
2011-08-25,339.859130859375,347.9407889641453,335.4249332460106,346.7607269330481,4445488
2011-08-26,339.16180419921875,346.6891928294552,336.1401147598637,340.1094201505964,3584910
2011-08-29,364.604736328125,366.1781668692592,344.758165760504,344.758165760504,5590444
2011-08-30,372.75787353515625,375.58288910738537,366.23175013465027,368.3236768504736,5966682
2011-09-02,365.49859619140625,384.3260205847503,361.8868879569829,383.70022804134646,4413506
2011-09-05,367.5011901855469,369.46796710688045,357.04153474800665,363.24581321493815,3789658
2011-09-06,369.71832275390625,372.61484013205177,359.3837949450211,364.03254055127513,4763292
2011-09-07,368.6812744140625,375.47559469909373,366.53569958721056,369.78981267756967,4432156
2011-09-08,370.4871520996094,377.24567790848977,367.96608420771594,369.39646743106954,4892662
2011-09-09,363.335205078125,376.0477312928441,361.4042008703979,371.8996287791353,5062650
2011-09-12,352.4822082519531,358.97255936513267,349.96116205672087,357.5958241724356,3297170
2011-09-13,355.36083984375,366.17811320754714,353.5728607753538,356.80909852396763,3798204
2011-09-14,362.9954528808594,367.96604275238917,355.36079201670236,357.95336131695,4745632
2011-09-15,372.52545166015625,373.97373221589703,361.17178418695255,367.6085090536507,3852238
2011-09-16,367.51904296875,383.4857024104309,365.21254594762144,374.7603571211384,4656504
2011-09-19,364.0505065917969,369.21777178241064,362.0658536849305,365.28421682879656,2240234
2011-09-20,378.31854248046875,380.4820150077434,365.49873895705156,365.49873895705156,3487986
2011-09-21,373.1512145996094,381.8944143856049,370.79109106705516,381.8944143856049,2740760
2011-09-22,355.5931396484375,369.7539193174669,352.6608508167152,365.8203669843024,3141570
2011-09-23,354.12713623046875,362.9597573508905,351.2484942442485,353.3046702095368,4564232
2011-09-26,356.5051574707031,360.4565869204714,346.51034992652455,356.16543707618007,3388478
2011-09-27,372.09637451171875,373.68765856352735,359.7414205884292,362.53066381826517,3964578
2011-09-28,374.7245788574219,380.73216100503834,370.8267766215845,374.93912756772545,4425190
2011-09-29,379.57000732421875,381.91227704585805,370.3619163748453,373.0617818615088,5380350
2011-09-30,370.9340515136719,380.48183961470363,369.4321233241005,375.43974877874507,2691018
2011-10-03,373.0797424316406,375.4398661510083,363.06703748563785,364.7477422316928,3949264
2011-10-04,374.0273742675781,378.6940177257843,368.0018927253496,371.32755170152393,4718224
2011-10-05,373.1691589355469,380.1243806120699,372.25727207635447,377.0848159505435,3415262
2011-10-07,374.95709228515625,385.4167693998521,371.00564124776093,384.4512345520124,5085808
2011-10-10,380.7322998046875,384.05795880817544,374.76046632306134,374.76046632306134,3854814
2011-10-11,372.2034912109375,385.4881807529646,369.932767151152,384.415393608012,4476374
2011-10-12,385.8637390136719,389.56484655972804,379.7667135806709,381.19709668266967,5871662
2011-10-13,390.7626647949219,395.12531446803087,386.2390708807056,392.10364854507606,5408918
2011-10-14,405.6031188964844,407.9274920706763,389.3861547884521,389.56495272492833,6710132
2011-10-17,400.5966491699219,412.66550604069613,397.39618458640257,411.771516642861,4358690
2011-10-18,369.59320068359375,380.5713755937574,364.92655747562077,379.7667849476818,12006778
2011-10-19,375.10009765625,377.04902096102194,370.1831553969826,372.9724201029722,3827420
2011-10-20,373.6518859863281,374.4028284878854,368.4309956756986,370.4692744159019,2245412
2011-10-21,375.42193603515625,379.05154207882424,372.9724135737865,377.22781225767903,2461130
2011-10-24,386.114013671875,390.601857825434,378.8726996854379,379.0514975616462,3271720
2011-10-25,393.9671630859375,396.96139793809897,384.2134330965631,390.5067410610567,4158746
2011-10-28,402.1610412597656,408.47225348249145,398.39582419937545,404.8504820171871,3259116
2011-10-31,400.1170959472656,405.9262706503728,398.7544284127337,401.62316530778935,1778740
2011-11-01,397.48150634765625,402.69904036398304,393.106699019605,397.32015736713555,1458210
2011-11-02,396.9076843261719,402.2865661947294,394.4513370275545,394.8995771832676,1550844
2011-11-03,396.244384765625,397.82219921531185,389.7897251042845,393.66253841047376,1891268
2011-11-04,394.37957763671875,403.41608032665744,389.86128251830326,401.98171204105154,2716008
2011-11-08,396.333984375,399.7585570083649,393.0170068988916,393.0170068988916,1692104
2011-11-09,402.680908203125,410.94647211944164,396.7103858389913,398.03715885914505,3921980
2011-11-11,405.56768798828125,409.1536091906533,397.05112513264754,398.03725346329986,3629590
2011-11-14,404.6354064941406,414.5325414629593,403.23688830025753,408.79506684063455,2329150
2011-11-15,403.2010498046875,408.4185396801332,401.6232354820306,403.4341434728287,1468478
2011-11-16,400.6369323730469,406.21305576597695,396.3158810439393,403.7746125326031,1871602
2011-11-17,399.88385009765625,402.8780843373771,397.1764631741773,399.83005254666267,1391988
2011-11-18,389.6462707519531,397.9656359489898,385.9527974035521,396.5133200482912,2789442
2011-11-21,382.6894226074219,390.255749967317,380.1434277781252,389.07237867946725,2871704
2011-11-22,387.9428405761719,392.65833527503196,379.0318359686838,383.2990905587825,3723582
2011-11-23,380.932373046875,387.9786721957844,373.29434445498816,387.9786721957844,2355750
2011-11-24,391.510986328125,393.1605017139035,374.72885365047017,380.82492112612374,3766844
2011-11-25,381.5061340332031,390.1123442096148,379.06769030717373,389.07241839194194,2140604
2011-11-28,390.32757568359375,393.01701694921337,385.1279892367292,386.5444107939056,1504486
2011-11-29,392.0487060546875,396.56695713322927,389.50266747911223,391.94111093023315,2554696
2011-11-30,400.0274658203125,402.68101254822284,387.69188786487246,387.69188786487246,3481698
2011-12-01,406.9302978515625,411.86093880565573,403.8463710360637,408.7949591030048,2481448
2011-12-02,422.4215393066406,424.9316842770536,405.06567104223717,406.9482797700469,3968866
2011-12-05,423.4794921875,424.5373655692448,416.8814299299939,420.44940524120403,1530476
2011-12-07,422.97723388671875,427.76442858982193,420.84358510775917,423.13858278603243,2637422
2011-12-08,422.2780456542969,426.36600432429117,418.5307757413143,419.5527544654505,3326444
2011-12-09,420.4133605957031,424.1427269579894,416.32540215576336,416.32540215576336,2763230
2011-12-12,423.2640686035156,426.72449024125217,414.2096203862118,421.7042021207668,3172170
2011-12-13,422.67242431640625,429.1988257745241,418.35141645473965,421.3456512643552,3274558
2011-12-14,424.0171203613281,426.365915622874,419.5526671814656,423.3178834254018,3346176
2011-12-15,424.03509521484375,426.6886851150629,414.03036835741165,423.0310199747252,3669372
2011-12-16,411.0540466308594,424.05300724819665,406.03375839243944,421.9014551460167,3550896
2011-12-19,410.10394287109375,415.0345851953193,399.61512192683216,408.43648053039135,3667724
2011-12-20,406.4104919433594,412.775503976174,404.5816803393283,410.7135986697693,1809396
2011-12-21,415.5007629394531,418.1185034981832,402.5017957423612,412.3810283215357,3116976
2011-12-22,412.9904479980469,417.34735017629663,406.7330342118574,413.09804312282097,2086268
2011-12-23,414.94488525390625,416.6840483015069,408.4722799030087,412.7395349354857,1578590
2011-12-26,426.15093994140625,426.7963795778163,413.6360645606491,414.944934724657,2229352
2011-12-27,422.9413757324219,426.7245393681302,419.5526983703465,425.07502469332866,983902
2011-12-28,419.2658996582031,424.41173172738894,418.0825718967422,422.67252488322197,1197910
2011-12-29,418.01080322265625,422.457354121189,415.7875496601153,417.2219180936129,1585728
2011-12-30,416.2000732421875,424.0353045762825,414.7119067589605,422.4216395694383,1545410
2012-01-02,422.6365661621094,425.2722088800482,413.4566187672389,416.3253550639761,2248542
2012-01-03,429.44976806640625,433.86046715134853,423.1385576560543,424.3039816495985,2708884
2012-01-04,420.6286315917969,432.103581473244,419.3018580211385,432.06773100955644,2386770
2012-01-05,420.27008056640625,424.9317794122793,418.60261799376644,420.55697185092254,2547312
2012-01-06,419.3376159667969,426.1329188410916,414.8193642025263,418.1183940561968,2119728
2012-01-09,420.0367736816406,423.0310084351635,417.8493710111686,419.91127522341,1509028
2012-01-10,417.90325927734375,425.11095202900776,415.42896493091985,421.3457348241958,3591790
2012-01-11,407.7191162109375,421.34561261904275,406.33854572427776,420.0546901350679,5675380
2012-01-12,390.68609619140625,399.8301948172721,383.20945959906476,394.80990537562025,9528684
2012-01-13,389.3414306640625,395.65264381099456,384.7693807069206,393.42938996866883,4019828
2012-01-16,397.8221435546875,399.47165870488175,386.8850828809901,388.7138941078024,3047202
2012-01-17,395.8677978515625,403.3085851777454,392.2998233659805,401.5873690723894,3704218
2012-01-18,385.89886474609375,393.1245037086785,374.83630814527044,387.27943546040694,11665532
2012-01-19,385.6838684082031,390.4710656499767,382.04414872735833,389.78973169728516,4163292
2012-01-20,387.1002197265625,391.20608226893506,384.76937078888517,387.26156868209654,2572694
2012-01-23,386.45452880859375,391.3851681440972,385.18155364421364,389.4308595168521,2130496
2012-01-24,390.3990783691406,392.6582253944832,386.56216162123553,390.1480814878518,2641310
2012-01-25,394.8221435546875,399.1191429509111,392.32305920197336,393.7074450065937,5845238
2012-01-27,398.6876220703125,402.9307187175267,395.5772205690789,397.3391859190037,5209718
2012-01-30,399.766357421875,402.35533718674645,395.81094484562976,396.44021502821425,2595558
2012-01-31,407.1918640136719,408.45040471777094,400.2159439034968,400.2159439034968,3538120
2012-02-01,405.8612365722656,408.1266265948254,398.50778319270063,406.11297096055046,2288804
2012-02-02,412.8014221191406,414.47349240748014,406.4368184473729,408.48642467538656,3386140
2012-02-03,421.26959228515625,422.86971949930285,410.2843111808712,411.72264356012056,2777558
2012-02-06,429.28814697265625,431.5175878636083,421.9166956237376,425.63837081857827,3427196
2012-02-07,430.78045654296875,434.98756030536504,428.5870089070663,434.98756030536504,3407656
2012-02-08,438.5654296875,441.1544098180415,435.4550278525284,437.3967848976398,3627184
2012-02-09,441.7835693359375,443.0061600500204,427.18451147680537,435.4908681988633,3038062
2012-02-10,443.5095520019531,445.16362454205074,435.8144692608768,441.5677955877531,2324302
2012-02-13,440.7408142089844,445.145705445945,436.533711156751,439.4822738555671,1631770
2012-02-14,438.6910400390625,442.125073524992,436.8931259405417,440.4889541375832,1826646
2012-02-15,446.458251953125,449.0472759357685,438.5114762908203,441.26229506857464,2167166
2012-02-16,440.6149597167969,446.60202462286816,437.9720338088997,445.16369282054006,1886660
2012-02-17,441.8375549316406,450.9170245243356,439.0507870368531,444.03100217317336,4096568
2012-02-21,444.8222351074219,445.88298756038387,433.2076848898165,439.9678638718854,2489504
2012-02-22,450.3239440917969,455.5378997085373,441.92768641200024,444.08518528789284,3141826
2012-02-23,453.0026550292969,458.43234923963615,447.32122639672053,449.13713800054705,4086880
2012-02-24,456.67034912109375,460.57181537210585,452.0856664822796,452.71493664839136,2346400
2012-02-27,450.2158508300781,460.24818003570704,447.89651446220233,459.90659379041836,1861370
2012-02-28,441.0467529296875,453.21863440585787,438.36783198741165,451.36677230899437,3973490
2012-02-29,439.3923645019531,445.88285425266633,435.90442747402807,445.88285425266633,3060216
2012-03-01,438.54730224609375,441.1902278194884,435.1133118393013,439.76989290221576,1568594
2012-03-02,437.7022705078125,441.2082036665319,434.01654590505626,440.8486207784581,2309232
2012-03-05,434.1245422363281,439.57218917901605,431.85915194148714,436.53373060530004,1540878
2012-03-06,432.2188415527344,439.15881222361907,427.5442617356083,432.5784246155902,1717722
2012-03-07,428.92864990234375,433.6571759815232,426.6633029316278,429.70176227024893,1945666
2012-03-09,434.5739440917969,441.2082312335146,432.56024467724995,441.2082312335146,2225758
2012-03-12,427.5622863769531,438.2778360133989,425.45869020629584,437.2170834664474,2240278
2012-03-13,430.42071533203125,436.87521058982026,427.90363512541114,427.90363512541114,2492464
2012-03-14,415.156494140625,436.53368201602143,413.8799571667551,435.13129979409143,8065314
2012-03-15,418.44671630859375,421.05369303844776,411.7225318183201,416.75669377941745,4284236
2012-03-16,420.55023193359375,424.30785598177386,416.39703154821535,420.6940299895926,2054724
2012-03-19,403.4521789550781,420.5503704070633,399.78444943143427,420.5503704070633,5132864
2012-03-20,408.07275390625,411.72253009162074,402.7329551987906,405.9692021602095,3683204
2012-03-21,422.7795715332031,424.2358997562465,408.6839401825182,408.8277382191295,4553242
2012-03-22,419.9029541015625,427.7957816241104,417.11618647639693,422.4020378334674,3421694
2012-03-23,425.9800109863281,428.58698774402365,418.8422971941402,422.51002624720326,3158436
2012-03-26,417.691650390625,426.1059023036043,414.95882806612605,423.22923798425506,3053384
2012-03-27,422.42022705078125,424.182192937602,414.2217151948583,421.79095665508953,1588246
2012-03-28,418.9501037597656,422.38413863341816,415.12053640347796,422.1504009272776,2051096
2012-03-29,410.35601806640625,418.55452634641574,407.19171465059924,413.8799483030279,2681214
2012-03-30,420.28057861328125,422.77966261210406,411.9022781392007,411.9022781392007,2543342
2012-04-02,429.4318542480469,431.1398729272834,420.7119694119446,420.7119694119446,2326988
2012-04-03,423.5887145996094,434.1424653907615,422.6178581935175,431.5714385224181,2269154
2012-04-04,423.75042724609375,427.8317280483366,419.6332208291355,420.3523865889112,2165054
2012-04-09,418.590576171875,427.1846189515501,416.4870243271321,420.71212472501145,1576628
2012-04-10,415.7497863769531,422.7437010430622,414.32945129196895,419.381609262533,1532992
2012-04-11,409.24127197265625,415.31823149813135,408.1984728289768,413.41242465297927,1781586
2012-04-12,406.9220886230469,412.801261574782,406.0051344650963,410.01449347617176,2114686
2012-04-13,384.1606140136719,397.2314515290816,381.6075826635472,392.4310256991952,8994680
2012-04-16,384.66400146484375,386.30012204356495,378.7488773314717,383.04587759796664,5016110
2012-04-17,392.2509765625,393.7252575942272,386.12011478429923,390.14742548966046,2473664
2012-04-18,394.66015625,400.8269667256438,393.3296734301438,395.54111663383804,2882264
2012-04-19,396.6021423339844,397.98657231382293,392.3410915954674,395.86502335327964,1767416
2012-04-20,391.3881530761719,398.4000225486895,387.4147867117277,393.1141692733269,2450024
2012-04-23,382.6862487792969,396.4043504789503,376.7171791182113,393.36584746653494,2843868
2012-04-24,429.413818359375,433.2973306650001,401.7619325386729,403.4519543619337,18113782
2012-04-25,421.08966064453125,427.9037404664659,419.813123524873,427.54415749128395,5417898
2012-04-26,429.5760192871094,432.1829971267985,418.7345785266201,420.71228585328083,5476292
2012-04-27,432.9378662109375,435.81452977380087,427.9037049759266,427.9037049759266,3711146
2012-04-30,448.2559814453125,449.4785719398673,432.9377604924802,432.9377604924802,4604822
2012-05-02,455.6814880371094,458.25251487830224,446.63796817191337,446.63796817191337,3981448
2012-05-03,460.08648681640625,461.74055997527705,452.5532398967945,454.0454743555417,3358922
2012-05-04,459.1156311035156,465.7499204614139,454.17136443195074,460.26627924386014,3571718
2012-05-07,457.83905029296875,459.7268610245911,448.90342160883836,453.0745755893506,2627762
2012-05-08,431.75128173828125,443.97710348898124,429.93541396195457,440.48916601786834,9631578
2012-05-09,440.6869812011719,443.9411811473965,429.3780690527794,429.7017025448753,9271544
2012-05-10,443.2040100097656,446.5301525031176,440.4891410114835,440.6869292039857,2992620
2012-05-11,442.5566711425781,444.768114841244,439.1226367581588,440.1294864745201,2745190
2012-05-14,440.830810546875,443.72547157806315,438.6913090155892,441.3162827666448,2573752
2012-05-15,440.9565734863281,443.3657616080272,438.619284394315,440.1295151729321,1875510
2012-05-16,439.91375732421875,446.5660414079925,433.9266928699424,438.6911666056182,4567936
2012-05-17,439.4105224609375,444.0851024871177,431.1581083571023,439.4105224609375,4137524
2012-05-18,435.3291015625,440.45315853368623,432.45243799972883,433.22555011110404,2656670
2012-05-21,434.8077392578125,440.48916812692727,432.95592195223423,435.4550062054767,2227088
2012-05-22,440.14752197265625,445.8828523953025,436.1741128673403,439.05077643118096,2360916
2012-05-23,440.54290771484375,444.28257788125273,436.56949993283655,443.3656241179009,2162806
2012-05-24,439.2125549316406,441.9094269228564,434.05254863399466,440.4890918985765,1205674
2012-05-25,438.97882080078125,440.4890514193173,434.77167454446476,435.8504232418182,915046
2012-05-28,440.38140869140625,442.2872166950969,436.91146686295366,440.129718077072,790194
2012-05-29,446.0089111328125,448.7597307613159,438.1160792593232,441.56806840937173,1575032
2012-05-30,446.0807189941406,451.99584192940654,442.7365794555146,442.7365794555146,1581514
2012-05-31,447.806884765625,451.6005047057748,439.05104349608365,439.05104349608365,4411602
2012-06-01,440.3452453613281,447.68074587992754,438.1517982768608,445.88283123783947,1479528
2012-06-04,436.2640075683594,437.2528606660828,430.13310080471297,435.09536299832257,1204430
2012-06-05,441.02850341796875,442.6106772315329,436.5337163876184,436.5337163876184,2063398
2012-06-06,449.8922119140625,454.4229482572723,441.9633903926434,442.28702382310183,3291908
2012-06-07,451.7315673828125,455.26473095476797,448.5809190218298,454.2084234030905,2149728
2012-06-08,448.3442077636719,452.6058092219422,445.88558127705255,448.4534533741613,2400244
2012-06-11,449.3094177246094,453.86242935708685,446.9600370444485,449.1090674275787,1545048
2012-06-12,454.6092224121094,456.3940123586291,444.77471456399843,444.77471456399843,1092142
2012-06-13,455.44696044921875,458.9436651962062,452.6058628318465,454.9370141508425,1450858
2012-06-14,456.75823974609375,459.4900474000776,453.4800705613132,454.93703464343787,1471124
2012-06-15,463.4784851074219,466.22852269445923,454.93705066045277,456.7764856641025,1986040
2012-06-18,457.90570068359375,468.541522854075,455.30136796622213,464.77163641991956,1495388
2012-06-19,464.0246887207031,465.95518332562295,457.15875647147186,457.8144078935583,1769058
2012-06-20,456.3210144042969,464.0429036500074,452.86072587629445,464.0429036500074,1753740
2012-06-21,445.8491516113281,456.02966835530344,440.36730754118355,453.49821154380527,4155980
2012-06-22,449.27301025390625,451.6223912069985,442.2796013591871,442.2796013591871,1919560
2012-06-25,443.1902770996094,451.1125195708783,441.0958911589291,450.5661580211356,1588758
2012-06-26,449.87396240234375,450.56602905987074,443.2994403133469,443.46333094615414,1109714
2012-06-27,454.0991516113281,458.5065024538083,450.29285166155455,450.29285166155455,2305862
2012-06-28,458.5245666503906,460.3640006539553,450.29273266474985,454.19009181748027,1894228
2012-06-29,465.2996520996094,468.77817146796855,459.99997217690526,460.1638628432622,1990150
2012-07-02,458.7431335449219,465.86406014627306,457.65041096443804,465.86406014627306,2111100
2012-07-03,451.4402160644531,462.51314919299415,448.12563250484817,460.7647749494862,2227292
2012-07-04,454.5179748535156,455.11898120028127,448.58087516591667,452.93353591240475,1301806
2012-07-05,451.8773498535156,454.5180969524269,449.91043967344865,454.5180969524269,1520876
2012-07-06,454.48162841796875,456.32106293209137,446.9236289872552,451.6587611607143,1929928
2012-07-09,458.72515869140625,460.60100887467473,452.87907241781585,453.4800790054866,1912768
2012-07-10,459.5628356933594,462.6771139186381,455.13734326997854,460.7648487361364,2517598
2012-07-11,458.32452392578125,464.22521105949426,456.4850888664662,456.4850888664662,2034538
2012-07-12,450.2017822265625,455.3011551644038,444.1189765787674,446.1951320611157,7859080
2012-07-13,455.0826416015625,467.68536929590715,452.7514906813182,463.9701294745531,7217154
2012-07-16,439.7664489746094,458.67056948630375,438.14559399093645,454.93709850180136,3620626
2012-07-17,431.953369140625,445.83094100984954,428.05596413863253,443.64549522058553,6383816
2012-07-18,435.37713623046875,438.6917193046157,429.2578717374303,435.2678461826298,2975286
2012-07-19,437.4533996582031,440.7315683483978,435.3590141061343,438.1818815893575,1335352
2012-07-20,445.4850769042969,447.2880524902822,437.1985922185038,437.4535431928574,3378226
2012-07-23,443.36737060546875,448.0958744560295,438.5293078831937,441.08526554779183,2903198
2012-07-24,441.5050354003906,444.9738339378891,437.1051204791501,441.12162404888517,1648092
2012-07-25,442.9654541015625,444.37122103012393,437.0319846342334,439.6244454562606,1666030
2012-07-26,437.597900390625,445.83174779597095,434.5855237163279,442.91065526331926,2945746
2012-07-27,447.4019775390625,449.1911115560232,439.3506961733504,443.6410520262794,1842976
2012-07-30,449.4831848144531,453.8100449008387,443.4767051696305,450.90722656464555,2625712
2012-07-31,454.1023864746094,456.1471436232066,447.7489972927413,450.9439442662879,1979964
2012-08-01,447.1644592285156,454.52196920355254,446.23334325047904,452.07552771544846,1295750
2012-08-02,450.140380859375,451.564377823034,446.19688807851946,449.09970597808314,951058
2012-08-03,451.6374206542969,452.8606192176605,444.77283548709113,448.3876963509672,977736
2012-08-06,448.71630859375,455.69040768145976,447.3652766352695,454.59499804761015,1015540
2012-08-07,461.5509033203125,462.33591129505857,450.8158791505576,452.40421432998505,2099154
2012-08-08,456.1286315917969,462.50029212674076,455.1062758356986,461.8978078107805,1643000
2012-08-09,459.3965759277344,462.93838276201944,456.5119881638419,456.5119881638419,1129474
2012-08-10,467.3932800292969,469.20068897891224,458.5204398328942,458.61172401362944,3082356
2012-08-13,462.37255859375,467.0462809791352,459.06805407609556,467.0462809791352,1428038
2012-08-14,463.1393127441406,464.91021649411067,459.79830364830855,460.07215612219085,1136930
2012-08-16,461.36834716796875,464.2894398312684,457.18750655021904,463.7782397007236,1788292
2012-08-17,466.8636474609375,469.01796231363056,461.5326620197969,461.91607327841655,1287576
2012-08-21,474.1846618652344,476.5032703967583,466.3159501841528,467.3383505089591,2051576
2012-08-22,471.6288146972656,477.96392735623385,470.33256161842905,473.1806456302404,1134096
2012-08-23,483.2403259277344,484.17144268492166,471.66550609973416,471.66550609973416,2337314
2012-08-24,483.0209655761719,485.0474916323623,479.424378808036,481.9803351306988,1578938
2012-08-27,482.1446228027344,485.96032715195554,480.1546460908378,480.5927921974978,967200
2012-08-28,493.26324462890625,494.6325074417933,480.15482638572934,484.5181927205199,2266204
2012-08-29,490.488037109375,495.85552756855174,487.45738534905496,492.9344346226398,2139290
2012-08-30,499.19671630859375,507.1019358547316,483.22198350788216,489.24673987843624,3333432
2012-08-31,490.65240478515625,496.2207390534157,487.32966997233655,495.4904657067587,1773848
2012-09-03,488.4981689453125,494.7237680670073,486.7272647061266,492.93458916224375,1223826
2012-09-04,489.5933837890625,491.8389827136927,482.72884269652025,486.6905657512017,1508018
2012-09-05,498.2290344238281,500.6024230084781,486.3620915005783,489.100616790559,2028960
2012-09-06,502.2822265625,503.85233279836126,494.2674907794091,498.08315291610194,2291684
2012-09-07,506.33477783203125,510.0226922208198,503.4867398129301,507.5397461374036,2636656
2012-09-10,500.76641845703125,505.31239447437747,498.7581677737597,505.05677218947505,1476024
2012-09-11,508.5077209472656,509.58485656714043,498.064818459635,499.8722276041323,1274180
2012-09-12,516.6318359375,518.8591605058502,507.50342002430773,510.07760656842197,2114466
2012-09-13,517.6539306640625,519.9360334912341,514.6781042352874,515.9378071669578,1881210
2012-09-14,515.9744262695312,525.7235984516195,511.9761990590008,521.4149695299329,2814840
2012-09-17,490.0499572753906,519.0600949000951,487.64006396435377,517.8551259584011,5094390
2012-09-18,474.6046447753906,491.10880384903703,471.95740401114864,491.10880384903703,7220206
2012-09-20,482.7105407714844,488.15108452520633,471.61038023867167,472.85185347887466,4042506
2012-09-21,476.156494140625,486.4716051070796,474.05695828019617,483.769584824406,4247758
2012-09-24,470.8252868652344,479.42427008681295,466.27935483690794,478.3288604826542,4937020
2012-09-25,472.1948547363281,478.23788612926467,468.2148995877193,471.06293965996156,3823694
2012-09-26,469.419677734375,476.5033378008258,468.1051946824971,472.9249807301648,3292812
2012-09-27,464.2894592285156,474.49500931835513,460.47375503426457,467.41135039944254,5605398
2012-09-28,473.1806640625,476.50339915748026,466.0970030839261,466.9368353328378,2912996
2012-10-01,475.754638671875,478.2558596377188,472.1398225707642,472.8518209973874,1795618
2012-10-03,482.94769287109375,483.8057545401545,475.0424804956536,475.0424804956536,2318230
2012-10-04,480.9396057128906,482.5827201536095,477.8359451026438,481.9802359442129,1319284
2012-10-05,476.1381530761719,481.7429912857214,385.21913458233234,478.4202569540293,3836110
2012-10-08,472.01226806640625,480.246119767818,469.3650265774751,478.3291517930748,1685408
2012-10-09,472.7971496582031,474.23946606941695,469.2005628187689,473.910834192663,1291154
2012-10-10,470.7887878417969,475.316489841754,469.2004528109498,469.5655893501023,1163978
2012-10-11,470.8252868652344,475.2434745932061,469.5838583050525,471.11741392194244,1635526
2012-10-12,474.111572265625,479.66167499919754,464.891873663532,466.936674159885,2469542
2012-10-15,472.7239685058594,475.55377632019787,470.1132336723594,472.486620871482,814528
2012-10-16,473.1806640625,478.40209219108283,470.2230656718549,473.58230552279844,1282744
2012-10-17,468.52508544921875,476.4668073169901,464.45380302552473,475.15232433610356,1597480
2012-10-18,477.3612060546875,478.69396322680205,467.44774092236713,469.65683463041506,1447128
2012-10-19,470.9166564941406,478.8401474794691,468.10512249529637,477.9638107225764,2825616
2012-10-22,481.5787353515625,487.42092173642374,475.77305371713766,483.8425647467583,5397342
2012-10-23,480.00872802734375,483.4410221443499,479.0228767023656,483.4410221443499,1136696
2012-10-25,480.2823181152344,483.40425322557724,476.2293116117282,480.1545292462508,2254470
2012-10-29,477.744873046875,481.9074403923369,474.9698430073509,478.6942195640343,815628
2012-10-30,478.87677001953125,482.7107052732141,476.28430842912996,476.28430842912996,805268
2012-10-31,481.4384460449219,481.9142297679131,477.2297481129442,479.0962052174374,999536
2012-11-01,481.3470153808594,483.2134727287448,479.4988299173007,481.21893349243726,1579768
2012-11-02,487.18414306640625,489.6727819506125,482.49970678519384,484.8785356960152,1673974
2012-11-05,486.59869384765625,491.6308329596149,485.0250335119075,488.9043463651295,1223826
2012-11-06,483.28656005859375,489.4532076197563,482.8839532717557,484.9151250616337,1297466
2012-11-07,487.2941589355469,487.9712015921002,483.6344206033235,484.9153290196017,1058390
2012-11-08,487.18414306640625,488.46505094146386,481.8409362939271,484.54915045038183,1239044
2012-11-09,484.89697265625,487.93457309247566,483.4148055580846,486.745158232134,711382
2012-11-12,488.39208984375,493.33273668742976,483.0854691597977,483.0854691597977,1466782
2012-11-15,473.6248779296875,483.8172366503903,472.47205182727225,483.1218776779395,1735402
2012-11-16,470.9351501464844,478.2546268682231,468.48309863997764,475.69281001561455,1598890
2012-11-19,461.9869384765625,473.9359899376966,460.5779485224642,472.14270968951314,1676286
2012-11-20,465.8114013671875,469.5077272636168,459.6813411271018,466.61652573786455,1256040
2012-11-21,469.2516174316406,473.8262902137871,467.0740910571545,467.0740910571545,941744
2012-11-22,467.1471252441406,469.9468330664457,465.1525863902475,469.21488564490323,611624
2012-11-23,471.5935974121094,472.61834141707845,465.24396404519575,469.178180456984,749676
2012-11-26,473.4603576660156,474.192305374968,470.27640300189,471.3743245653185,456334
2012-11-27,474.0093078613281,475.7294117436755,471.4841240614735,475.7294117436755,1338160
2012-11-29,475.0706787109375,480.15772451378996,472.96632892743577,479.42577676300675,3470578
2012-11-30,480.88958740234375,484.91529932123706,472.50877819992206,473.93608499698263,3579294
2012-12-03,481.91424560546875,483.81729121091934,477.6689144210293,481.25547499422004,1319512
2012-12-04,475.564453125,483.74400013995,473.16735246423286,481.2919498209325,1595120
2012-12-05,474.9973449707031,478.5290006370565,471.5937711835375,475.76588092036064,1790058
2012-12-06,468.70263671875,473.9360800282591,464.42076104699674,473.9360800282591,2370092
2012-12-07,462.6457214355469,468.7025601466979,460.0473167654577,467.22039327532696,1957214
2012-12-10,452.78265380859375,463.6155113083824,450.58681155991087,461.89540807553254,3029430
2012-12-11,446.3781433105469,454.905349140924,442.9562978492596,451.9775592832189,4926914
2012-12-12,448.61065673828125,454.17344006833866,446.8905532467603,448.2812714165405,2487948
2012-12-13,447.421142578125,451.83109863933583,445.4265592074962,450.1842170711485,2297162
2012-12-14,454.8690185546875,455.6375548930905,445.0792156684303,445.39028458224186,2196814
2012-12-17,441.1814880371094,457.0647624890737,439.93716797874475,453.4965173556338,4482898
2012-12-18,443.0661315917969,448.31784599569755,438.07058094436735,444.54829848200325,4688482
2012-12-19,451.1176452636719,452.54495211906175,445.0607605774516,445.0607605774516,6642060
2012-12-20,458.2176513671875,459.2972565306469,449.1048920835819,449.1048920835819,2314030
2012-12-21,460.6512145996094,462.73729211147054,452.9657646259398,457.4672603374754,2457968
2012-12-24,463.39605712890625,465.1893378751347,461.1636256456402,461.8589848747338,1254818
2012-12-26,461.93218994140625,464.4757350825989,459.4070060376427,463.68888234576167,1435258
2012-12-27,457.81494140625,462.9203031019774,456.60725458084374,462.9203031019774,1994158
2012-12-28,463.87176513671875,465.5186471431213,457.74170433510926,458.9311191175111,1501622
2012-12-31,459.6081848144531,463.1764293413124,458.1991946284979,461.49295880713726,704170
2013-01-01,462.6457214355469,464.01812298748087,461.12692144983396,463.6704211229398,509580
2013-01-02,462.3348388671875,465.6651923727719,459.4985411843492,463.6889244072396,1880246
2013-01-03,468.6661682128906,469.91048840994506,461.10879822995497,462.9569842979599,2635130
2013-01-04,475.4731140136719,476.13188468320067,468.77582068795186,470.27630424128586,5228760
2013-01-07,473.8811340332031,477.2298030122525,472.1976636016555,475.76590791098795,1820752
2013-01-08,475.8573303222656,477.3395417608554,473.67980455399316,473.93596828866293,2341870
2013-01-09,467.2021789550781,478.47419070474,465.93958712082025,476.1319492753187,3135898
2013-01-10,460.5414733886719,469.21503522924564,459.40696345850773,468.4099106786877,4522838
2013-01-11,478.08990478515625,484.00039108568524,472.10624158830547,472.10624158830547,7805006
2013-01-14,488.39208984375,493.497407045736,478.4558911454414,482.71949531952515,5790224
2013-01-15,489.47174072265625,512.3634244491114,485.64733160283635,508.70368570304635,8262978
2013-01-16,493.2410583496094,495.894367697066,479.0595773545826,489.27025260590676,4109492
2013-01-17,498.45623779296875,502.04279834293544,491.5027366783826,493.9547428858197,3028544
2013-01-18,494.4305114746094,499.9384340059252,489.6911695194048,498.639209388716,1440470
2013-01-21,486.7451477050781,495.85790414213295,485.6838147638968,494.9795580985851,1260038
2013-01-22,482.1704406738281,487.3672503239912,478.73027831020516,485.28121771043345,1386630
2013-01-23,481.2350158691406,485.563379675997,476.2647811338162,482.6289078819211,1877654
2013-01-24,487.3241882324219,490.3870348882681,478.6858170712278,478.6858170712278,3498470
2013-01-25,491.7074279785156,493.35806835591455,485.5633776848639,485.5633776848639,1521100
2013-01-28,493.3764953613281,495.17382375671264,490.7721154712149,491.63415249831854,2428154
2013-01-29,493.3396301269531,497.5946493432329,491.6340045009636,491.964096701814,1731804
2013-01-30,493.7802429199219,495.1374191300813,489.98377642929876,491.8911664722011,2279144
2013-01-31,493.04638671875,496.09087492590055,486.53552617096796,494.7703713193958,4313168
2013-02-01,494.4951477050781,495.92571159767596,492.3126523138921,492.9912399314175,1484540
2013-02-04,497.521484375,501.7214751872493,493.4132406088204,494.82544660491345,2487304
2013-02-05,498.8785705566406,500.6942570948514,493.39474944637635,493.39474944637635,2161994
2013-02-06,502.7300109863281,504.69242986143206,499.5937766364974,499.7771811066283,3573706
2013-02-07,508.81915283203125,509.8645496079432,499.22708778159046,499.22708778159046,2612782
2013-02-08,521.822509765625,527.1045686784529,508.0671713345589,508.39730841220296,6973618
2013-02-11,518.9246215820312,524.13333571787,518.0259575340777,522.3359628454783,2312126
2013-02-12,517.2191772460938,519.034864337948,514.2113158306732,516.8523681546889,2225502
2013-02-13,526.517578125,528.8101340726876,515.4032489800177,517.1272779185687,3822666
2013-02-14,531.0291748046875,534.000362425958,524.1698669545694,524.5733477499048,2946958
2013-02-15,528.9935913085938,532.5333070001595,524.775287944129,529.6721789814927,1820790
2013-02-18,522.831298828125,528.9020068455861,520.8688792594542,528.2417326091652,952086
2013-02-19,529.5069580078125,531.4693764914845,518.1908686367055,521.4554765091594,744294
2013-02-20,532.9002685546875,534.4408488356519,528.7553078905918,528.7553078905918,2261518
2013-02-21,532.25830078125,534.3857664487933,528.461791215033,528.461791215033,3849146
2013-02-22,533.7437744140625,537.0267418758988,529.0486460142511,531.873057443181,1310694
2013-02-25,540.5665893554688,541.0434591283532,532.4234446947828,532.973658382032,1730030
2013-02-26,548.89306640625,550.1952116560647,537.7420624318993,538.1088714785786,2853670
2013-02-27,544.051025390625,551.3322189852271,541.8868883723587,548.4710912190851,2556682
2013-02-28,556.44921875,559.3836905693803,544.8030337168342,545.1698426942568,4599424
2013-03-01,550.8922119140625,556.0825693897216,549.4800059009254,555.7524322599819,2537326
2013-03-04,555.0552978515625,557.5129447383401,546.9121568869778,546.9121568869778,3136076
2013-03-05,564.9411010742188,565.986498158939,553.3682548960114,556.4494606008492,3440054
2013-03-06,572.6622924804688,574.2395893653704,563.4737522983935,563.4737522983935,2299510
2013-03-07,583.1895751953125,586.0139862802833,571.9835435425762,572.5887872826369,3908702
2013-03-08,580.7136840820312,585.2987966355379,577.6875097967168,583.2263168060549,4341502
2013-03-11,574.4962768554688,583.0613034075958,570.9932775337661,577.724214185004,2221330
2013-03-12,572.4053344726562,575.1380430867813,567.8202228540031,571.4883121489256,1809452
2013-03-13,569.1774291992188,571.7450918464887,567.820253996255,570.7730839512087,1794496
2013-03-14,575.0465698242188,578.4579121374039,566.2798687398475,571.1217306264667,3051218
2013-03-15,575.98193359375,579.7050545541292,572.4422171656406,576.6238494566948,4212398
2013-03-18,574.771240234375,577.2288869538463,570.1678149864634,572.1669057627404,1694988
2013-03-19,567.3617553710938,573.8726143708267,565.0508410267921,573.8726143708267,3739910
2013-03-20,571.3602294921875,576.8623662418124,564.867681261728,564.8860396281615,4168136
2013-03-21,572.2036743164062,577.5040911644656,569.9111180957461,573.3224596626839,1664604
2013-03-22,565.674560546875,572.9923828621,561.9514398977369,572.7356344489843,2714456
2013-03-25,566.11474609375,569.2876533748821,560.630968631955,568.0038216823485,1857316
2013-03-26,570.8832397460938,575.8901920912303,563.4737150578106,564.9225928534298,1781536
2013-03-28,577.999267578125,580.8053653146205,565.491089940109,570.7547900057513,3065662
2013-04-01,571.066650390625,577.2473738180083,569.0125287024213,574.0561530503073,968812
2013-04-02,574.9180297851562,576.3302353634035,565.3443246299319,570.7547569337706,1130332
2013-04-03,566.1328735351562,577.7240259902038,561.5844341530172,575.8899814632508,959932
2013-04-04,553.0745849609375,564.9224878706967,550.5802660449431,564.9224878706967,1126338
2013-04-05,549.6082763671875,553.6431755152819,544.3812479253378,552.0475652620155,1865248
2013-04-08,543.15234375,549.8099350379404,541.0431923223028,549.8099350379404,896416
2013-04-09,549.259765625,554.9819766537066,541.9969300424008,542.8772805336986,1672354
2013-04-10,561.3826904296875,564.4822526515,550.5801857092745,553.8447940335327,2046284
2013-04-11,563.748779296875,568.5906403429505,557.8064464387016,564.8858782783709,2244658
2013-04-12,554.5233154296875,559.2001285745386,542.2718900792536,543.5740794929193,5032060
2013-04-15,540.1077880859375,555.3487169538836,531.2677018770403,555.1653124898962,5391496
2013-04-16,544.0327758789062,547.8108817031069,534.7891622372484,539.2092285862552,3071582
2013-04-17,534.3123168945312,549.8466684522098,524.9036574750581,548.3794325123773,5279004
2013-04-18,532.8818969726562,548.3429088241169,523.6016092335187,545.7935588235002,8554458
2013-04-22,522.8130493164062,535.4679637789757,522.7029886713478,530.4059800833465,2962484
2013-04-23,524.7387084960938,531.1395085581053,522.3360912891864,522.5011374523802,3384170
2013-04-25,514.3762817382812,524.73863605129,513.0374199248424,524.73863605129,7929194
2013-04-26,502.2898254394531,511.1299121564926,500.73088740594983,510.96486604000904,4754076
2013-04-29,502.80340576171875,507.92037308575914,500.69425414170786,500.69425414170786,3968916
2013-04-30,505.6094665527344,506.9299698198338,500.6942176585189,501.79464451051564,4020570
2013-05-02,525.96728515625,527.7646577027195,503.81201887301154,503.81201887301154,5630326
2013-05-03,520.3187866210938,530.8645498324836,516.4306185315004,523.0698552849345,3641790
2013-05-06,538.18212890625,540.0895625084073,520.8687625953653,520.8687625953653,3727118
2013-05-07,539.7960205078125,542.4553852900954,534.5873515344854,538.1453802981197,2260180
2013-05-08,542.9141845703125,545.7386417383217,539.2094213111627,539.94303957145,1768130
2013-05-09,549.64501953125,551.4790648362047,543.9778374495389,544.0511813511384,1949700
2013-05-10,548.7096557617188,554.211791400529,546.9489544467017,549.6449919544198,1139714
2013-05-13,532.4599609375,543.244155009117,530.2957787785867,542.8773459915551,1862498
2013-05-14,534.7891845703125,539.411013972396,529.5805144770482,533.743787834695,2250100
2013-05-15,539.7776489257812,541.8500833674085,531.8728993048326,534.8440424077229,3565926
2013-05-16,533.3587036132812,538.8424808618976,530.9377281231352,538.8424808618976,2415652
2013-05-17,540.603271484375,542.3272563501325,533.3771053218236,533.7072424683415,2900200
2013-05-20,540.0897216796875,542.1438436611277,535.9080890317372,539.6678822641638,1385504
2013-05-21,547.590576171875,550.9468860642448,537.3749587777089,537.3749587777089,1898432
2013-05-22,549.6265258789062,553.5697219927135,547.389000295205,549.4797933472821,1846944
2013-05-23,547.5357666015625,560.0256307388872,542.2720665009551,548.3794451970764,3063962
2013-05-24,539.044189453125,551.2955743590405,536.8616490145878,550.2135057084098,1586612
2013-05-27,549.4799194335938,550.2135374835718,535.54117648401,539.0258622214059,2023864
2013-05-28,555.3856201171875,556.2659708661429,546.6555908626688,549.4800028733808,1400254
2013-05-29,549.2413940429688,560.3006932780252,544.7479842278094,556.082390186243,1452038
2013-05-30,549.9933471679688,554.6151309707618,545.4449072443934,550.213423582105,2408346
2013-05-31,549.64501953125,553.6065753005506,541.6852808183456,546.9123099374664,1929868
2013-06-03,538.9891967773438,552.7812073280401,534.4774278049451,551.6807802397958,3097612
2013-06-04,537.5037231445312,540.6399589617442,531.9282425544893,535.5413033512502,1305320
2013-06-05,538.4022216796875,540.1812362209704,532.8633704361574,535.9445747257373,1728676
2013-06-06,544.30517578125,547.1733485586117,537.3845705052288,537.9951776004093,2540452
2013-06-07,562.1433715820312,569.5636305839364,543.2874656902005,544.064638996805,3550844
2013-06-10,564.4006958007812,571.6728627462215,562.1986530018995,564.4006958007812,3360430
2013-06-11,555.7037963867188,570.6737878614693,552.1694497336655,566.3067459926649,2205468
2013-06-12,543.32421875,553.3165586111835,541.0852215537285,552.9464719496582,4805954
2013-06-13,535.015869140625,541.8069513327335,531.1114362226073,540.3266044711687,3151342
2013-06-14,536.8848266601562,539.3089129275216,529.5941358032483,535.8856105123015,3105996
2013-06-17,537.5324096679688,542.1770158264046,528.4838079181609,537.735975423731,2584162
2013-06-18,534.3311767578125,540.326563016535,532.9803513149517,538.476129581547,2291528
2013-06-19,528.3731079101562,538.4394998173367,526.8372832453931,538.4394998173367,2139788
2013-06-20,519.7866821289062,530.389673323707,517.7882052520101,525.8931116448385,4172878
2013-06-21,526.355712890625,529.908535526075,521.0819783793286,521.3780657558623,2848224
2013-06-24,522.0812377929688,530.7412747486169,518.1583281977113,523.6726285156329,1889164
2013-06-25,515.2717895507812,528.150781081254,510.97874719735273,523.1176104195771,1860548
2013-06-26,532.0737915039062,535.7931820348867,511.1084097468878,516.974276681348,2326488
2013-06-27,552.1325073242188,554.019940973576,533.6651669231106,535.811688439077,3820678
2013-06-28,561.84716796875,564.1232103521852,539.6604418027097,553.2796512897127,4817096
2013-07-01,552.2987060546875,561.3103053635535,548.9864491897799,559.570916484797,1354652
2013-07-02,555.3336181640625,558.2757893711827,550.1894039764328,552.5764451311454,1657242
2013-07-03,551.3554077148438,562.161925674275,542.1772357556372,554.2790576912764,1530906
2013-07-04,569.3046875,570.3039040438339,551.4294724369322,551.7440372617227,1917060
2013-07-05,566.3067016601562,576.595130924443,563.2720085154057,570.673743187093,1293012
2013-07-08,557.5911865234375,568.0831363915039,555.13010070831,565.4925292548652,1658796
2013-07-09,556.9435424804688,563.1794949964476,553.3907188218741,553.3907188218741,1097326
2013-07-10,559.552734375,565.0485596454397,554.3900414455347,558.8310831660597,1322624
2013-07-11,579.0194091796875,581.0363644761709,562.5320216584585,562.5320216584585,2335274
2013-07-12,595.7840576171875,601.31688081996,584.4779361774846,590.2882792252378,3251536
2013-07-15,607.5899047851562,609.6439042607362,591.8797407585663,592.5458697839354,2060570
2013-07-16,610.4026489257812,616.6941244678668,598.6523931339451,601.3910444640574,2224986
2013-07-17,621.1907348632812,623.5777768104301,608.811348655597,608.811348655597,2999250
2013-07-18,614.4920043945312,626.2977799029659,608.4225730971709,621.7456951357951,3445532
2013-07-19,644.9871215820312,650.9825080769668,629.1473926838223,636.179040013818,8550804
2013-07-22,646.3563842773438,650.9084684954838,639.6208247963948,644.3209075447211,2974772
2013-07-23,647.5777587890625,658.9208805818422,645.283194025967,646.911584624415,1646502
2013-07-24,659.790771484375,663.1955520066215,645.8014722385907,647.0967760511036,2181644
2013-07-25,664.5834350585938,669.857172466131,653.832394413284,658.7545673976316,4088808
2013-07-26,656.718994140625,665.7675978827389,647.6888676316311,664.3057731656364,2379064
2013-07-29,659.9458618164062,665.6580822878817,651.8041240463428,652.0823161607459,1774262
2013-07-30,664.8051147460938,669.4972530879201,658.5550278183104,660.2427450815329,2617484
2013-07-31,673.41064453125,679.3454119851194,663.7480831589459,663.9521089016456,2826750
2013-08-01,673.3734130859375,680.5693260957239,663.9519627707741,671.3889847110443,2141178
2013-08-02,684.6680908203125,686.170346819206,673.8556782044897,674.9684470099875,1846854
2013-08-05,692.5870361328125,696.3704758713957,682.4979540539151,682.4979540539151,2355184
2013-08-06,693.6629028320312,698.0583301197379,691.6413911484159,694.7385882924901,2305290
2013-08-07,676.0811767578125,701.3781466419134,672.650139805741,695.109540344015,2694980
2013-08-08,684.5010375976562,688.4884582418666,661.6150705469414,669.5528286060332,2158628
2013-08-12,672.854248046875,682.8691679461394,670.684357791104,682.8691679461394,2077574
2013-08-13,675.0055541992188,684.2971462643446,671.35192718033,675.1538871456556,2168296
2013-08-14,680.087158203125,689.1747695344457,668.4030864914268,676.7488519997827,3302068
2013-08-16,660.57666015625,678.7889671031171,651.1737728644098,676.6375959811551,2779930
2013-08-19,659.2969970703125,670.2577886486177,651.1738204701229,666.9194820089733,2121352
2013-08-20,644.070556640625,663.8778492952044,641.6966409363391,663.8778492952044,2724844
2013-08-21,637.1712646484375,646.7781298606584,630.9953903843909,645.4428167091887,3623994
2013-08-22,659.8533325195312,666.6041570568071,628.7885369292412,632.4235997784419,4260988
2013-08-23,678.5848388671875,681.7562475753751,661.8377072021877,665.4356409957687,4032884
2013-08-26,683.239990234375,696.8157594862286,672.8541489061652,676.2295382820984,2663238
2013-08-27,682.0534057617188,696.9088485615393,678.7892644115392,682.1275722693009,1945284
2013-08-28,707.6837158203125,721.8529506038642,678.0469709972483,678.0469709972483,4444684
2013-08-29,722.2240600585938,730.7182045889937,696.7045885071607,705.1245212810543,5905182
2013-08-30,754.1603393554688,760.3918615026656,715.8811183903146,719.2194241237409,5282942
2013-09-02,762.9328002929688,767.4394772885192,748.3369480085006,749.2642552551034,2154034
2013-09-03,742.253662109375,766.6974855320965,736.7083839418355,760.4289259613703,2355064
2013-09-04,767.4764404296875,771.0743736597739,739.601536268729,741.8456374334309,2626516
2013-09-05,738.414794921875,767.4395130947429,734.8168607486577,767.4395130947429,3927492
2013-09-06,737.6912841796875,751.118671454219,732.5725314183123,745.1839066427289,2759596
2013-09-10,737.3577270507812,748.0402806362559,734.7983496897152,736.6529644037225,4300972
2013-09-11,739.5463256835938,748.5226445383364,735.7258005162488,744.8134143870067,3008494
2013-09-12,729.9390869140625,741.3078813432185,721.7417009697102,739.9910871118278,1905568
2013-09-13,724.6906127929688,738.1365678607846,722.0199860357964,728.863495400222,2096320
2013-09-16,705.6993408203125,736.2819140506452,702.5464963520856,723.2996132991225,2460506
2013-09-17,722.3538208007812,724.2455639114232,703.6778608769629,704.7535463982534,3327816
2013-09-18,724.96875,728.7892736755512,718.8114394087655,720.3507783762418,2109818
2013-09-19,729.3455200195312,738.1363722712974,714.5827744626405,722.5576146655716,3907240
2013-09-20,723.410888671875,738.0994252112761,719.9612878827614,723.2995936998376,3591858
2013-09-23,725.1914672851562,733.388855614277,719.5905396661714,723.2997692520795,2988758
2013-09-24,719.405029296875,733.6484789945287,714.3975696962007,725.1543347643159,4940300
2013-09-25,726.656494140625,731.0704402380704,712.2461038717297,720.1467794138008,4333858
2013-09-26,720.6661376953125,732.238914485049,717.7729208585404,725.0801294217003,4919704
2013-09-27,722.5949096679688,727.7321828997566,718.6445716330194,720.7402951237367,1784666
2013-09-30,715.0653076171875,727.695207365462,712.1720903885114,724.7834711558079,1987350
2013-10-01,722.9471435546875,725.0984687527798,710.9477540529335,716.6228913349089,1591994
2013-10-03,750.9703979492188,755.5327671454243,727.1571689354673,731.3856985087633,4672354
2013-10-04,754.3087768554688,767.4394561616245,751.8421305916748,753.7153092897154,1934032
2013-10-07,775.1359252929688,778.0847434566941,751.2299688212864,754.8279018883557,1993878
2013-10-08,764.6390991210938,778.1963510897298,762.8216128843911,772.6325068255039,1828106
2013-10-09,775.54443359375,778.0666376871121,758.5746601280968,762.4322685968275,1775858
2013-10-10,771.5195922851562,778.1962041414702,766.7903255536006,774.4869753324069,1164320
2013-10-11,787.1168823242188,793.0330838985233,772.409736419854,780.050783647612,2284448
2013-10-14,820.759765625,825.3035718068579,788.211276444752,789.1385838288046,4374460
2013-10-15,821.7425537109375,837.8592261083495,816.4013001915965,829.0126787497584,4665092
2013-10-17,782.0723266601562,827.1580207454404,777.3430599496162,827.1580207454404,6687214
2013-10-18,786.5975952148438,791.4752855822637,764.6761066176163,780.7185217071803,5346166
2013-10-21,768.4223022460938,789.3052772546273,760.391858596534,788.2110729354316,3685372
2013-10-22,774.9876708984375,781.7754864151242,770.3511354048899,774.4868888422009,2044614
2013-10-23,764.527587890625,780.0507452202969,758.9637904787057,774.6723639527295,2455496
2013-10-24,745.0728759765625,772.391404274029,742.5320629461215,757.4246277332429,3617758
2013-10-25,768.5061645507812,770.085732293178,741.4676814309315,741.4676814309315,2527402
2013-10-28,767.0936889648438,776.701212034856,762.8567678429237,768.5989419843223,1803942
2013-10-29,769.2679443359375,775.2145511670387,761.1285171620657,767.4839441390033,1829076
2013-10-30,777.5003051757812,780.4922101288806,769.4352371520548,769.4352371520548,2114874
2013-10-31,784.9710083007812,791.2706792150279,772.8361545736035,776.4041563551871,3523076
2013-11-01,779.6001586914062,796.0833543574221,777.1843497690305,784.2087424942707,1346480
2013-11-05,758.9359130859375,782.3506841556799,755.107765699942,780.4923689914147,2261286
2013-11-06,777.1846313476562,781.8118181201379,765.2728125824623,766.7408634657249,1667750
2013-11-07,788.6502685546875,798.3878208077026,773.1705412168516,780.4922840193306,1956948
2013-11-08,777.0916748046875,792.2926562845555,769.7884418953472,791.6422459885555,1609346
2013-11-11,778.5037231445312,795.3586733826855,761.9090095488342,776.7755268083237,1961138
2013-11-12,775.7161254882812,788.5570958384645,772.6871093825849,779.321327930062,1000682
2013-11-13,761.5374755859375,782.7965807196947,759.5490876395435,780.1020240100812,1208338
2013-11-14,753.063720703125,770.0859080538575,751.4469953657173,770.0859080538575,2129704
2013-11-18,759.67919921875,765.5886048352648,755.3121588122821,760.4225252453828,2831602
2013-11-19,754.4387817382812,763.7675145699296,751.2052862070103,761.8905981505069,2077864
2013-11-20,752.0972900390625,761.872000397541,749.6443231422477,760.7384553901072,1658696
2013-11-21,738.3457641601562,756.2227467769557,735.8927972431502,751.9486219444829,2302882
2013-11-22,743.6419067382812,747.4142952735601,737.7882144704749,739.9810352509489,1494494
2013-11-25,748.2504272460938,753.3050342460759,740.7614097982648,746.2991967764342,1950998
2013-11-26,740.9844360351562,749.4397684987455,738.4943123143643,744.4780769840245,2047412
2013-11-27,738.2899169921875,748.4177333140478,734.0343939696915,746.6709354354988,2120978
2013-11-28,737.6022338867188,742.0436330739504,732.1759642407668,740.7613687578084,2805722
2013-11-29,744.9425659179688,748.789268072827,736.5615942788635,740.3525379218235,1924812
2013-12-02,748.4920043945312,751.1308021963321,741.4675657504614,741.4675657504614,1253260
2013-12-03,751.056640625,758.9358784139123,748.9195782837267,749.2912412996003,1449184
2013-12-04,743.3445434570312,755.07048297321,740.9658913683135,750.7220443591749,1519036
2013-12-05,738.5501708984375,755.79534390484,737.0263616075077,749.2726398301392,1397190
2013-12-06,743.4373779296875,747.0424902074628,739.9808945288847,739.9808945288847,1446962
2013-12-09,745.1284790039062,754.4572102601784,743.3259227151249,754.1041485944942,1826340
2013-12-10,774.0811157226562,776.4040094800763,743.3260023744148,743.3260023744148,3653334
2013-12-11,764.9008178710938,775.6047270961895,759.3072733097321,772.6871371565995,1556062
2013-12-12,754.0670776367188,767.1124399989435,752.6547400743844,760.0508429253099,1655964
2013-12-13,743.9949951171875,760.0508182150026,741.4676686253937,757.4305759752607,3463350
2013-12-16,750.4434204101562,758.1182710975584,745.2401379602596,748.4178296636045,2858500
2013-12-17,760.1809692382812,767.8001067213171,754.4759508023243,755.0706025764429,2995474
2013-12-18,764.0648803710938,769.7141403175586,757.4492602448984,758.192586309908,1587990
2013-12-19,773.6165161132812,784.2089113615294,766.6106324345768,771.5537683646996,2161986
2013-12-20,788.1298217773438,791.6420182176072,775.233136623468,776.0693781920077,1965812
2013-12-23,783.8558349609375,796.6410053219811,779.7303395411761,791.6235550353687,1321224
2013-12-24,784.4690551757812,791.2705060432527,782.0718470368786,787.8512246814196,870156
2013-12-26,780.6038208007812,786.8105747830161,777.3145669397516,786.0672487794423,2297194
2013-12-27,803.033447265625,806.4713292562009,782.3504421796918,783.093768015492,2479946
2013-12-30,801.323974609375,808.4598855747606,797.8488895013255,806.508654957927,1668776
2013-12-31,807.2705078125,812.0649234482673,799.4097821805276,802.8291538224946,1245776
2014-01-01,800.3018188476562,811.8976843121086,799.4841785354361,810.2624036876682,529952
2014-01-02,805.3937377929688,813.5703239634557,801.361157863672,805.0220747852194,1726948
2014-01-03,825.9093017578125,828.4738302836688,798.0531847569542,804.5386843990864,2618174
2014-01-06,832.3765258789062,834.0118068520271,816.5436451220604,828.4368616190591,2311810
2014-01-07,819.9443359375,838.6390040061499,817.2869816375787,832.5251654698392,2897486
2014-01-08,829.7933959960938,834.0118075209729,821.3752649827763,822.118591014435,2550020
2014-01-09,833.249755859375,838.2858071200269,825.8723005387985,828.3438229300643,2582206
2014-01-10,847.7261962890625,858.4673126467867,830.6668989547411,839.958475005689,3369334
2014-01-13,880.3768920898438,886.0447538753299,849.2501101531581,849.2501101531581,3814316
2014-01-14,864.7664184570312,886.3414621086283,862.2576945612175,881.5841601289688,2974964
2014-01-15,874.7460327148438,883.8888876499655,864.8597610760029,870.6019360133229,3048854
2014-01-16,873.51953125,884.5951063437205,864.1164395877397,884.5579037500303,2997962
2014-01-17,822.5087890625,854.0815415659043,819.9071481612983,854.0815415659043,7564756
2014-01-20,869.0224609375,873.4081027499808,823.4194262308861,824.7016455107191,6010558
2014-01-21,847.5029907226562,869.4125021252429,845.5703616495477,867.4612717581775,3132282
2014-01-22,845.1802978515625,853.6542327456143,841.4822689979815,850.0305183474641,2384030
2014-01-23,837.1524047851562,846.1652335965038,831.5217459673067,842.968985862937,2290762
2014-01-24,835.758544921875,848.5995193349022,830.666780121978,834.0117470217981,1850266
2014-01-27,830.1363525390625,841.2688403331771,826.5992629249155,828.795945378027,2532948
2014-01-28,823.7139892578125,836.9315386183912,817.6637025786745,831.0301457129974,2852166
2014-01-29,822.7644653320312,834.0086712013169,820.9772857137964,834.0086712013169,1698076
2014-01-30,825.66845703125,829.1682777936188,815.3922444400653,818.3894806874703,2225250
2014-01-31,834.3993530273438,845.1037018267292,826.934215076006,828.4607846559727,2174246
2014-02-03,817.0489501953125,835.590761820119,815.6899996862413,827.3065267970612,1362480
2014-02-04,801.0017700195312,809.8072237012776,786.3693730389203,809.4348985409553,2694166
2014-02-05,817.0303344726562,819.1153918299223,796.7758811436516,805.6372385624793,1853650
2014-02-06,809.900634765625,815.3551642254376,798.6377940798831,811.6691799972704,1922652
2014-02-07,798.4141845703125,817.253877514356,793.4250628624568,815.3922513696764,1990912
2014-02-10,779.4816284179688,798.2654211030648,776.3354979000037,798.2654211030648,4019270
2014-02-11,782.5159912109375,791.7496759621786,780.3937553805438,781.8830564404303,3568786
2014-02-12,783.912353515625,790.6701128436492,780.0215719690448,788.5850546207336,3074348
2014-02-13,794.448974609375,796.1802506018886,780.5798595283209,784.4892745176113,2094350
2014-02-14,807.163818359375,813.4375347561713,792.345347134394,795.9940616171001,1910062
2014-02-17,806.2330322265625,813.9029684723273,799.456731089856,804.2225123056847,1670394
2014-02-18,806.4566650390625,815.7647982920527,802.6775992982441,806.0843397089429,1526916
2014-02-19,818.3524169921875,824.7005818632264,805.0604212793505,807.945942502574,1072918
2014-02-20,815.150146484375,827.3065269128409,812.7113984433735,821.3493241987971,1587924
2014-02-21,821.23779296875,823.9557854976016,815.6715486122326,818.3709066984765,1717860
2014-02-24,810.8867797851562,821.0699073896064,807.982716793467,820.6045010255947,2450424
2014-02-25,814.98291015625,818.9295951675568,811.6692509503405,815.0201790505943,3305374
2014-02-26,812.469482421875,817.2538980940662,810.6078562303168,816.8815728557546,3859712
2014-02-28,847.3196411132812,848.9020242725613,804.2787828209583,804.5952958127215,3988192
2014-03-03,834.0271606445312,855.9757150626496,829.5406233838987,845.8484868529868,1606078
2014-03-04,834.2503051757812,839.2208822535315,828.0511278313461,831.4765010075441,2030332
2014-03-05,838.4393310546875,851.2287418409281,834.9581439384481,839.5377634413663,2302006
2014-03-06,834.28759765625,841.4548569466139,831.0855649380788,838.7927684272146,1314562
2014-03-07,829.7266235351562,837.7502489563714,801.541626951079,836.0561512892948,4698472
2014-03-10,797.762939453125,829.7271097002903,794.9146866547543,829.5782159081242,3829768
2014-03-11,801.1134033203125,810.7938575910745,790.0739985598806,802.360728980463,2550254
2014-03-12,811.4642944335938,815.2992629083008,801.6163091866979,801.6163091866979,1669788
2014-03-13,800.3319702148438,819.8604165433876,795.6034564737655,799.7734821926751,2019884
2014-03-14,796.6085205078125,804.4087164494214,790.9305603477321,797.1483739496464,2161246
2014-03-18,790.07421875,801.1695299171031,783.4654452425483,795.1006098683436,2565842
2014-03-19,759.3202514648438,772.575023500959,749.5094885696363,772.575023500959,8652662
2014-03-20,784.9361572265625,790.4093208028427,748.8950964690881,758.7989400808575,5728956
2014-03-21,791.9359130859375,798.6377684858186,776.2982504862152,791.1912624859508,4680776
2014-03-24,801.4676513671875,803.4595376153554,791.6195723215745,795.640704615656,2183014
2014-03-25,799.2520751953125,808.6905579847232,793.0528952612617,798.2654495024155,2249968
2014-03-26,779.4630737304688,803.6642200368841,777.24775621006,799.7734385414158,3192350
2014-03-27,779.7423095703125,787.4680600411656,768.8704282924812,782.2368710604718,5012476
2014-03-28,782.6651611328125,790.3909122098488,774.4553689167841,780.7662654720529,2971162
2014-03-31,794.2255249023438,798.6189807790703,775.1811258223573,783.3722808502592,2683268
2014-04-01,810.4404296875,813.5307477329758,798.6004674444383,798.6377363328298,2755932
2014-04-02,808.7837524414062,819.8604317532404,804.6137266451352,815.3925274930048,3763016
2014-04-03,806.6427612304688,812.4138033717437,799.6058494310001,809.0070632417869,1581194
2014-04-04,796.3480224609375,814.2754497056752,793.0529071207537,808.6905700780643,1694656
2014-04-07,801.9139404296875,806.4376547222996,789.589941386892,793.0898523985956,2594986
2014-04-09,796.925048828125,804.967311799895,783.7447693518867,801.244058738841,3350500
2014-04-10,791.6195068359375,799.9968272140417,787.5425624318755,796.9251430754034,2152886
2014-04-11,805.7494506835938,809.7704923645528,781.8833557043346,788.5852130389432,2340742
2014-04-15,838.7555541992188,840.7102614057644,809.4535805400832,812.0412223764271,3597244
2014-04-16,817.7381591796875,842.944566417798,813.2329862236536,842.944566417798,3475910
2014-04-17,827.6419677734375,829.1685380381193,797.7814934744199,826.5622606397058,7681438
2014-04-21,827.2136840820312,835.0883273298082,823.3229031177625,826.5621148473542,1842594
2014-04-22,826.9532470703125,837.6947790114035,826.5250183726466,831.75620778508,1486274
2014-04-23,824.235107421875,835.4606785103266,819.5252288822129,830.8066124040483,1938992
2014-04-24,824.235107421875,824.235107421875,824.235107421875,824.235107421875,0
2014-04-25,821.0704956054688,832.1471750042955,816.5839568622973,829.1685721407455,3160448
2014-04-28,815.894775390625,827.5671146120105,811.7061173423461,821.0700587526196,2550766
2014-04-29,816.9746704101562,821.4798422431951,810.5147910371136,813.9029871330074,1846180
2014-04-30,815.0946044921875,821.2007945207137,812.0415549277944,813.568125159861,2397378
2014-05-02,822.26171875,826.5248248825133,812.1344896549352,812.1344896549352,1917778
2014-05-05,824.216552734375,829.913148379647,820.6608277051562,823.13684565313,1314478
2014-05-06,818.7059326171875,827.1577882719645,815.3922743461696,824.2163643406574,961232
2014-05-07,806.2888793945312,820.2324403757661,796.813220948253,815.7831722813139,4716182
2014-05-08,804.986083984375,812.3395100381839,799.6245441192171,806.1216945422547,2606900
2014-05-09,804.1851196289062,813.41880226948,801.2437870678596,801.2437870678596,1799440
2014-05-12,803.9805297851562,806.7170657131418,790.5022836048543,801.6162281911717,2886064
2014-05-13,823.1927490234375,833.6364937101172,806.3822951238404,806.3822951238404,2547484
2014-05-14,825.1100463867188,833.1522174759546,819.5251674776431,824.4770207239127,1389228
2014-05-15,816.5648193359375,828.4234110403687,808.3736665076732,825.109753756083,2520196
2014-05-16,804.5018310546875,838.9977311276181,781.9761521104281,819.1342324166059,5241798
2014-05-19,758.3148193359375,804.2225408917876,744.4643382005228,800.4992883876589,6516606
2014-05-20,770.0430908203125,804.2225681464826,755.0756334264197,755.0756334264197,4702114
2014-05-21,775.4976196289062,777.7873833684547,765.4262042636519,767.4367240886354,4116946
2014-05-22,786.3323364257812,790.8188741128162,772.6122047551368,780.6730104971974,4216842
2014-05-23,792.270751953125,800.1268499857387,780.393614504471,788.9570940529456,3094780
2014-05-26,801.9887084960938,807.7970196250394,794.3933086195336,800.1270819675512,2650850
2014-05-27,793.5927734375,813.3819184436749,788.5850161372553,804.2784917840588,1795094
2014-05-28,800.7042846679688,803.7573343009992,790.2419061684735,796.7762341188829,1887488
2014-05-29,804.2039184570312,811.6690580192163,794.9888683717213,798.6376740601922,2820710
2014-05-30,797.2787475585938,806.8288543057381,793.1086318447105,803.7758052935707,2585648
2014-06-02,792.9971313476562,803.3849715753887,787.8590236727531,798.2654983467191,1095158
2014-06-03,792.53173828125,796.031560043153,783.8192709701203,792.9971449463828,2484628
2014-06-04,777.8805541992188,794.8771660619908,773.3195697364017,793.0528086367528,2141062
2014-06-05,783.4281616210938,787.9891460686222,769.9686397950107,775.5907875963427,4348470
2014-06-06,783.4656982421875,792.3181177929921,772.8465757879034,789.4424419589819,3361586
2014-06-09,794.5732421875,796.1519954955605,781.8678709304844,784.4991570345774,2666196
2014-06-10,811.2448120117188,812.2973455186494,795.0248384236172,795.0248384236172,2628068
2014-06-11,829.5884399414062,832.238540368799,803.7454410026733,813.819530216102,3544562
2014-06-12,841.0159912109375,847.2746604008255,820.886621452598,845.3951691399542,2734338
2014-06-13,832.0692749023438,841.6358633917673,821.3561788296928,841.2599652839549,1904022
2014-06-16,853.1948852539062,855.9013337675847,830.7349692305905,830.7349692305905,2439906
2014-06-17,856.991455078125,863.438071800482,853.6647196599455,858.8896673647354,1918144
2014-06-18,837.1441040039062,861.9345719199425,834.9826893556116,861.9345719199425,1948824
2014-06-19,855.5630493164062,860.4309122699526,830.7725833264651,838.2529202105699,1896354
2014-06-20,861.708740234375,864.1897043240072,850.281475067814,858.8895045743359,1155674
2014-06-23,852.856689453125,864.5282554421266,847.293377597336,861.9345945050204,1262734
2014-06-24,867.9676513671875,871.8957687244347,847.6503377769347,852.912911936082,1479100
2014-06-25,868.5317993164062,872.084019749339,861.9347660712216,868.3250369055918,1028422
2014-06-26,867.4417114257812,881.1619999473999,861.2393892173784,863.0625327571531,2036182
2014-06-27,901.9864501953125,904.7492466142711,870.2042423419837,870.9560386636614,3058836
2014-06-30,911.703369140625,915.3120282194121,893.3596121774929,902.3623548398685,2146470
2014-07-01,898.6786499023438,909.2977743861841,895.5023283668919,909.2601478561926,1092790
2014-07-02,902.7568359375,906.5721646151848,895.9530442045373,902.1553623204907,907740
2014-07-03,908.884033203125,919.0709090262869,899.1483085443265,901.7795954004345,1526762
2014-07-04,906.1024780273438,911.7409501992626,902.5314456517953,906.8166477936503,536136
2014-07-07,935.4417114257812,938.9939319251325,906.0652048893968,909.6926784646637,2204902
2014-07-08,920.7437133789062,934.5391572526014,914.6541816489712,934.0880978229784,2500588
2014-07-09,901.4601440429688,929.4645572222976,895.2391028549696,928.4684637978781,1554242
2014-07-10,884.0372314453125,909.5231427530101,877.7221245715108,901.9863669692053,1990562
2014-07-11,900.0693969726562,905.9146321444234,887.5332474790141,891.2546028275634,1329446
2014-07-14,912.022705078125,916.8154055375772,896.6108839928274,909.2222827719021,1587924
2014-07-15,901.8923950195312,913.4324491711195,899.8061420589988,912.0040179332412,1389656
2014-07-16,902.8509521484375,911.1770589444294,897.2124802490289,905.7828841185271,1407240
2014-07-17,895.3706665039062,913.3574314271891,892.7581924635218,905.9146289840369,1790220
2014-07-18,917.6428833007812,934.1072466873451,915.3123322670766,921.7026031699679,3507488
2014-07-21,926.1190795898438,928.4120950446644,918.3380061339932,927.7166467489535,981072
2014-07-22,951.9244995117188,954.781362344074,925.4236782340585,926.5889992827332,2399016
2014-07-23,972.12939453125,975.9448175070476,951.8873252504636,954.7817239331739,2065858
2014-07-24,975.5308227539062,978.0869484293371,964.9305136887427,975.4180349588714,1481418
2014-07-25,979.4968872070312,982.7296489393437,964.9308296883619,975.0800826691121,1806914
2014-07-28,990.4169921875,994.3758500236808,977.2970947049309,985.7695155301931,1314922
2014-07-30,992.61669921875,998.3351134714576,984.029505904343,988.6960345010939,1899252
2014-07-31,986.8790283203125,993.7449534131002,982.7479682665926,984.9856530329022,2407210
2014-08-01,962.53271484375,989.9008858095785,960.0847273947253,984.9474792993695,2381882
2014-08-04,966.2236938476562,972.2863227405065,951.6694063160808,968.4995726657221,1828636
2014-08-05,965.3248291015625,973.4721787836502,952.4727573496306,973.4338910494573,1404656
2014-08-06,958.8030395507812,969.5897205931834,952.5300150646649,962.4368253727325,1837562
2014-08-07,944.7081298828125,954.347209271452,940.5962130492782,952.4346898139942,1672656
2014-08-08,948.1123657226562,959.2049784420609,942.8720811494023,942.8720811494023,1464790
2014-08-11,944.1724243164062,954.557459416415,939.0469103065052,952.7787605615779,1290896
2014-08-12,945.4537353515625,952.3961417305104,933.3857221968847,952.3961417305104,984552
2014-08-13,956.27880859375,967.7347807001911,944.7845487468269,944.7845487468269,2768378
2014-08-14,956.1637573242188,968.4995033683056,952.4534895941011,961.6144358088153,1578056
2014-08-18,951.5166625976562,958.1721925693945,944.7845571442732,952.8362822697572,1373260
2014-08-19,932.7355346679688,958.1337501342384,931.3967713416051,956.2595188312167,3234156
2014-08-20,931.8558349609375,939.0660696882269,929.5034737022869,935.0306355052148,2056758
2014-08-21,930.4215698242188,940.9595706850582,929.4844539693868,935.9870201082672,2265450
2014-08-22,942.5658569335938,944.0958721525054,931.702786233208,934.8392987550334,3096238
2014-08-25,964.6936645507812,967.1607952229346,943.5985253257508,944.7843243823011,3143512
2014-08-26,969.1881103515625,975.3846529995583,956.2594637250571,967.3520735042678,1815490
2014-08-27,975.3657836914062,982.0404579501346,961.6339312807875,969.2648652724208,1435460
2014-08-28,964.8087158203125,975.1171768883131,961.2322671263333,974.2373992720935,1766288
2014-09-01,970.4691162109375,979.2093621291269,965.0758706768949,965.9746982402277,810148
2014-09-02,970.7562255859375,977.2205949638907,961.6527110829487,973.7780612287323,1407940
2014-09-03,996.9578857421875,1000.6299596452317,971.1771664905365,971.1771664905365,3061690
2014-09-04,988.6769409179688,1005.009838529713,985.8846438122747,1002.9252109824602,1701598
2014-09-05,993.9747924804688,1002.8488653601012,988.0268374369292,994.4719729029925,1467060
2014-09-08,1010.8428344726562,1013.6351310577977,994.1465799508196,999.0999857822519,1697342
2014-09-09,1006.4634399414062,1020.1379550874035,1004.1110781862731,1014.4003962848872,1418098
2014-09-10,994.5675659179688,1010.8622708485012,991.1441743880908,1009.0453771633133,1258768
2014-09-11,993.879150390625,1003.8433033252153,991.258961046307,998.3352839401356,1075622
2014-09-12,997.4168701171875,1003.8238082782495,991.9087597867024,998.3348418132468,1196210
2014-09-15,978.5595092773438,1001.6245075435476,976.9147242283632,999.8649526753882,1151544
2014-09-16,975.710205078125,984.9476378030378,973.0900157557003,981.5051023699398,1535608
2014-09-17,991.1437377929688,996.326682488808,979.5921427598953,979.5921427598953,1657700
2014-09-18,1010.68994140625,1014.3237279807981,987.2424367272204,991.3352092447656,1483078
2014-09-19,1038.19189453125,1048.060512191605,1010.5751362081097,1010.957640044676,3587864
2014-09-22,1041.0987548828125,1045.7652820879018,1023.6756899004197,1038.115206871458,999584
2014-09-23,1028.246337890625,1064.2973084681462,1026.372107278134,1041.9399878320207,2055990
2014-09-24,1010.9577026367188,1035.4188058226625,1007.0370380691719,1030.0828956491425,2442132
2014-09-25,1036.0499267578125,1042.3229523095652,1017.4602029884196,1017.823562955399,2473158
2014-09-26,1026.6402587890625,1042.2846277632186,1021.3234930143493,1036.5853581663039,1612712
2014-09-29,1058.7515869140625,1061.6203659895273,1023.3126400890492,1031.0009119804533,2089534
2014-09-30,1046.7601318359375,1062.079337177849,1035.8778219867286,1060.6640915306039,2788954
2014-10-01,1061.67724609375,1071.7753058398653,1046.9125667679198,1052.6501219383688,2142022
2014-10-07,1044.7518310546875,1086.1960633235906,1042.5524341213836,1047.9074875242104,3457674
2014-10-08,1026.3345947265625,1048.0416942013126,1013.3486041142137,1047.2958301650342,1962442
2014-10-09,1035.074462890625,1041.6726536715366,1027.596494661981,1035.820326649784,1685176
2014-10-10,1024.5362548828125,1043.2597940466464,1020.711217530254,1035.0551076023487,2344362
2014-10-13,1039.0908203125,1042.246476977569,1021.2852479678015,1025.1102863497035,2209532
2014-10-14,1032.4541015625,1046.4154884136929,1024.6510624296877,1044.2352357193515,2369406
2014-10-15,1032.4541015625,1032.4541015625,1032.4541015625,1032.4541015625,0
2014-10-16,1024.383544921875,1055.1751032502507,1019.085829520184,1044.235456353609,3848014
2014-10-17,933.7489624023438,960.6007995101571,929.4840830787233,946.6967512838849,9892812
2014-10-20,926.9217529296875,953.8117967450706,924.8753196370895,952.4347453015802,3399242
2014-10-21,930.78466796875,934.7436194757087,923.7466357171709,927.8968391155823,1950732
2014-10-22,937.8417358398438,952.0517109658304,935.2598358603261,950.5216961631533,2067664
2014-10-27,939.8690185546875,963.7946459437865,935.2024916474817,963.5269120052429,2797208
2014-10-28,948.0744018554688,950.4841022208304,938.4543707309247,950.4841022208304,2289958
2014-10-29,960.5112915039062,963.558324770884,947.8439686389802,948.610522596634,2425016
2014-10-30,980.499267578125,986.8999751870487,961.6420566447871,966.5480212841779,4111292
2014-10-31,999.5289916992188,1004.185769958754,981.5724262841103,981.5724262841103,3170070
2014-11-03,992.8215942382812,1015.3007524028578,989.0462784354755,1015.3007524028578,2541632
2014-11-05,996.3287963867188,1011.084964365518,992.6876640283137,1011.084964365518,2310642
2014-11-07,986.114501953125,1002.537869174098,980.0395226255537,998.3601863076005,2126740
2014-11-10,984.8875122070312,989.621019656853,977.7394349901751,986.9764463055926,1541964
2014-11-11,989.1224365234375,994.2200367682013,979.4255145974022,988.0876078598393,1249940
2014-11-12,993.3580322265625,1000.7361134922561,986.9381433330369,988.854528077373,1320582
2014-11-13,992.0932006835938,998.3980877847741,983.1628290503647,994.6036834161598,1645540
2014-11-14,998.9923706054688,1000.7937538857464,986.9383270346373,990.8477339260568,1457174
2014-11-17,1003.5340576171875,1006.1019944693287,993.5496743478542,994.6420510855248,1570552
2014-11-18,991.0968017578125,1006.7344274557504,988.7587747844008,1004.1856730051866,1467026
2014-11-19,986.458984375,995.7534497935892,980.2115517913167,995.7534497935892,1865746
2014-11-20,998.609130859375,1000.4488793397404,981.4000294391017,991.9209653218076,1795386
2014-11-21,1005.0096435546875,1011.851174722257,991.4033114703542,999.586311998351,2001594
2014-11-24,1018.6349487304688,1021.4328886786891,1004.9519827825601,1004.9519827825601,1942766
2014-11-25,1010.3180541992188,1026.9522366303165,1002.6525150930031,1019.5167011266774,2371684
2014-11-26,1006.9833984375,1018.1176108799534,1002.2690739447885,1008.0374098919352,1584800
2014-11-27,1016.9487915039062,1022.5829441833242,1006.2170364674995,1006.9835903986715,1732418
2014-11-28,1013.001220703125,1031.7434306034208,1010.0691887649946,1018.8845607196566,1989768
2014-12-01,1032.1461181640625,1034.8482406181577,1013.8638179611785,1015.8760228734916,1896354
2014-12-02,1018.4819946289062,1039.0447683265193,1015.4349611821924,1032.1649648654516,1436572
2014-12-03,1010.0690307617188,1024.6526450509764,1003.6107761931796,1024.0777295786488,3094670
2014-12-04,1011.0655517578125,1022.1997674141602,1007.980153167718,1021.0499364046954,1285308
2014-12-05,988.4521484375,1015.607359888387,985.8458462599081,1012.1961386237434,2359676
2014-12-08,963.098388671875,994.6037368827125,958.8247943134361,994.6037368827125,3232574
2014-12-09,963.884033203125,980.8056723800596,961.6801908365031,964.3247642470614,2487940
2014-12-10,961.2206420898438,970.419292876742,956.7363185459338,963.941947043707,2087970
2014-12-11,955.1835327148438,966.9692979303946,953.209694018699,958.4222975271583,1938822
2014-12-12,939.2971801757812,965.8583022010114,928.5462386925319,958.192760120051,2380786
2014-12-15,904.016357421875,914.1157449050463,901.5634217831846,914.0773797714588,3487788
2014-12-16,936.3649291992188,942.5739981208153,898.7845992043558,900.7009842772861,3339140
2014-12-17,936.7675170898438,946.6943556979229,921.8771656042222,940.3319189549244,2287076
2014-12-18,943.1298217773438,946.1194014933187,933.2029835743037,940.9835264333481,1481444
2014-12-19,962.2359619140625,967.2951989203181,945.9275090382744,947.1923416832067,1903130
2014-12-22,963.3282470703125,969.3074049095832,948.3804460456095,968.1575740615291,1643954
2014-12-23,964.5928344726562,972.2391889534554,956.1224721896432,958.1921297605459,1266476
2014-12-24,950.4886474609375,966.1839163381424,945.026949908743,963.941708334687,3288972
2014-12-26,960.1090087890625,962.0253940361465,944.7779268123909,952.8267448501434,626206
2014-12-29,966.9696044921875,972.354665606109,960.8755370000458,961.2588140391364,778920
2014-12-30,969.7097778320312,974.4623741502212,964.3247184598023,967.7742106959463,701342
2014-12-31,980.5184936523438,983.6421641182901,967.7745319934204,970.725746504998,1573792
2015-01-01,975.6506958007812,983.8719679754795,973.9067668974263,983.8719679754795,366830
2015-01-02,988.6437377929688,993.0514228420444,977.5862536182868,977.7395269732118,925740
2015-01-05,973.619384765625,996.4818200461099,967.6402262251814,989.2379222832707,1754242
2015-01-06,937.7257080078125,969.3460659832556,935.1960419403761,969.3460659832556,2423784
2015-01-07,926.6487426757812,950.2010945560489,922.7201536017636,946.6941475925382,2636332
2015-01-08,936.6522216796875,938.645243089151,927.7410326630182,936.1155778098685,1565408
2015-01-09,962.9065551757812,965.819403412991,939.0283860723913,940.9447705337635,3197642
2015-01-12,961.9099731445312,968.9239588078716,950.62248767137,964.7079131010335,1596006
2015-01-13,957.3873291015625,969.8438283258132,950.5650751544346,965.8577860034377,1468432
2015-01-14,966.6054077148438,970.3807235797071,958.3841348111847,964.3249282883186,1787096
2015-01-15,973.1790161132812,989.5257485790595,967.1040360616295,970.8409881478677,5009920
2015-01-16,970.5147705078125,975.4399171455827,952.1750231016398,974.9416383553307,5293830
2015-01-19,962.40869140625,977.7397737066284,959.3424749461743,971.9906178439865,1135074
2015-01-20,958.3648681640625,969.6907211914886,951.7725230825155,965.8579515425104,2058566
2015-01-21,963.4818725585938,966.6247256720108,953.6891251599448,966.6247256720108,2310480
2015-01-22,963.385986328125,966.3372007102909,956.4678173019457,964.5166348388485,2113214
2015-01-23,959.5722045898438,970.4764150474268,956.6976274794014,963.5582474202677,3150380
2015-01-27,960.8973388671875,965.8706900698714,956.0967887177349,964.8530109424855,2738736
2015-01-28,975.3181762695312,977.3535344533523,961.2236865134641,961.2621284176178,3121980
2015-01-29,977.2572631835938,986.4935376414505,965.0638694764671,974.7034087775689,3734392
2015-01-30,953.2160034179688,988.9128585300493,948.5882565317366,983.4210130295676,5817402
2015-02-02,965.5634155273438,968.3477345546789,945.5355582350156,953.197217358086,3181802
2015-02-03,982.4801635742188,985.0724595203249,962.836358464674,964.5836829457082,2345054
2015-02-04,965.6019897460938,987.6460810788642,960.9166710102259,986.2251368223539,2245418
2015-02-05,980.2339477539062,995.3268969325754,967.4069146158209,967.7909586470302,4530168
2015-02-06,989.201171875,996.5172276354804,979.6385153369002,980.4641722981171,2136416
2015-02-09,965.063720703125,986.6470593557858,960.1095927090274,983.7282886896694,2076432
2015-02-10,937.5090942382812,970.1912803656884,934.3791727381375,963.9505645592787,3799054
2015-02-11,944.7098388671875,955.2134802247971,939.8517195618192,942.8472816432491,2937522
2015-02-12,945.5740356445312,952.3524694941765,939.7558056963206,952.3524694941765,3107980
2015-02-13,974.99169921875,978.4480951982551,944.8442453975103,948.5886743753076,4158326
2015-02-16,992.6769409179688,996.5941709301703,981.232411069975,983.1526310524994,2364392
2015-02-18,1012.2054443359375,1015.0282049982854,985.1687865576434,992.7728758580181,2660014
2015-02-19,1029.640869140625,1032.0411434044127,1011.9556296128945,1012.3396734951006,2618002
2015-02-20,1027.5289306640625,1036.4579535572816,1014.7402468648523,1036.4579535572816,1801588
2015-02-23,1035.6318359375,1045.3673852774864,1025.7811484482609,1025.7811484482609,1614892
2015-02-24,1038.7430419921875,1048.4401533001837,1028.8539086780925,1034.6145688610604,2199922
2015-02-25,1026.2423095703125,1045.3677186190166,1024.5717745056704,1040.7591908367137,1767994
2015-02-26,1020.1936645507812,1034.1344804961373,1008.2499524130459,1028.85387549871,1991994
2015-02-27,1022.4594116210938,1027.6055628647757,1004.7741695969975,1021.3456279490517,2877376
2015-03-02,1025.16748046875,1040.3564463010878,1018.6963923939679,1029.1231542127111,2176038
2015-03-03,1066.1060791015625,1071.482694774265,1027.759250531601,1030.005945299132,3424308
2015-03-04,1054.5849609375,1079.9703101380758,1042.9291865197047,1070.7148110319556,3862994
2015-03-05,1035.5555419921875,1064.0708122123908,1029.6413012285946,1056.1211192667877,2173514
2015-03-09,1016.4874267578125,1029.1608756259502,1002.3545922981696,1013.875909451022,2883174
2015-03-10,1014.9129638671875,1028.5657455254973,996.6900965462696,1017.2940176893927,3037052
2015-03-11,1001.0296630859375,1021.5375701855993,997.6692789045787,1014.6440008171271,2240200
2015-03-12,1005.8297119140625,1008.0763113935162,994.7116651015695,1007.6922676779851,1827636
2015-03-13,991.7364501953125,1013.8573370220838,988.9136881829834,1013.1084696802758,1586838
2015-03-16,984.0360107421875,1002.3548917355499,980.080338585871,992.8305812918137,1556296
2015-03-17,992.254638671875,1001.0876522263715,982.2887138701492,991.7938045429225,1267318
2015-03-18,982.9030151367188,998.3031227512035,979.965022381208,995.038748863351,1255170
2015-03-19,997.0742797851562,1000.7611398550542,986.263478203869,989.2973884358449,2448964
2015-03-20,1002.7197265625,1005.4272556861497,990.3919696380758,996.9782871509719,1963908
2015-03-23,1005.100830078125,1010.419877580331,1000.8187765010804,1004.6592169327806,1566608
2015-03-24,995.17333984375,1012.7241337238252,991.6401534270497,1010.0358254431778,2394878
2015-03-25,988.433349609375,1003.8911222453254,977.4688734968175,995.2116894224537,2224858
2015-03-26,965.140869140625,993.4064470445616,960.4938999333376,980.5794168728138,3091642
2015-03-27,965.7941284179688,987.7229904301254,961.6848752703988,972.015624130817,2751776
2015-03-30,984.7461547851562,986.9544072686944,967.7906536549733,969.710873205876,1339006
2015-03-31,980.8289794921875,986.7816604267348,968.1747507092787,986.7816604267348,2427028
2015-04-01,976.4893798828125,984.535176203521,968.6549202621796,982.3844924296384,2075758
2015-04-06,978.2752075195312,984.2662370970218,960.148351184401,982.3844591791191,1568542
2015-04-07,992.7537231445312,998.1303390532444,977.0079194118714,984.0935123394202,1886922
2015-04-08,1014.413818359375,1020.212920459547,995.0004685122475,996.2101696488105,1652134
2015-04-09,1023.304443359375,1032.0990133210694,1012.0134936749774,1021.1729804397052,2544450
2015-04-10,1019.1569213867188,1025.7048913436345,1009.2677868692592,1017.1406900773337,1815544
2015-04-13,1019.8287353515625,1023.4771529700298,1009.2675264559994,1023.0931090101911,1308642
2015-04-15,1009.171630859375,1042.2569842783143,1002.1243858862282,1019.5215980083434,2913934
2015-04-16,991.9088134765625,1008.8835386948422,987.5115286436107,1008.864317743633,3217570
2015-04-17,950.451171875,983.1524754991277,948.5885212823615,982.0387855897669,9668742
2015-04-20,932.7661743164062,953.926944464596,931.2492191248482,952.4484311809765,2890722
2015-04-21,932.0940551757812,941.6759346988093,922.0896897275046,932.7661322091103,2546032
2015-04-22,939.02587890625,949.7406673702689,924.6050101501604,933.8028437973347,4186812
2015-04-23,943.6919555664062,952.3521650187336,933.8796143136113,949.3566035853725,4342990
2015-04-24,957.440673828125,965.4863748665358,939.9666761923146,942.9430164489637,3625158
2015-04-27,960.186767578125,967.790857352327,954.7333616578908,959.917955536564,2733052
2015-04-28,958.1898193359375,963.950479572426,942.8665006111762,963.950479572426,3088298
2015-04-29,955.2326049804688,958.1897248581441,941.3110107816279,953.9652411012545,2019620
2015-04-30,946.1690063476562,956.2693804028514,932.1130548439528,952.4289411241251,3738054
2015-05-04,953.024658203125,961.9536835571316,943.6731468334393,956.6538562077615,1890630
2015-05-05,966.96533203125,974.108494980947,960.1101083533064,960.4941523966477,3255070
2015-05-06,945.9194946289062,965.8705596029519,943.1351759183211,965.8705596029519,3394406
2015-05-07,977.4879150390625,980.7522887853869,942.3286708191516,946.6299445327496,3205028
2015-05-08,970.5750122070312,993.9056807169045,966.3697499685076,983.1524507864278,3003664
2015-05-11,981.6160278320312,984.3235555811259,969.7106691220183,973.5511074155709,2573082
2015-05-12,968.904541015625,985.0728304346572,965.1025430340326,983.1526104922896,2467386
2015-05-13,966.0243530273438,978.1601823503618,952.6020324103758,978.1601823503618,1863774
2015-05-14,959.8220825195312,967.7909964786311,954.3494548608722,967.7909964786311,1309050
2015-05-15,964.39208984375,972.5530251547215,960.4940805995136,965.870696804389,1461454
2015-05-18,967.9442138671875,969.8068642976577,958.9960659520376,965.5248122912358,4507752
2015-05-19,964.9873657226562,971.6313458515768,958.8618825118278,967.560441838968,1957722
2015-05-20,982.0198364257812,986.9547461094194,966.6004118818124,967.7909859164074,1897814
2015-05-21,981.4244995117188,990.8335780630931,978.6017384420074,982.0005655454764,1579578
2015-05-22,1005.3887329101562,1009.5556477432262,975.1837103307607,979.312183260191,2691632
2015-05-25,998.8980712890625,1012.6852082404803,993.0221815293384,1006.1949045664528,982978
2015-05-26,1001.912841796875,1007.4430357669254,994.2510919332447,1000.4342354609132,1961740
2015-05-27,1004.3715209960938,1011.2458741717647,995.4424939955549,1001.5872007486139,1620690
2015-05-28,1002.162841796875,1007.3474359199859,991.6976425483734,1000.0121578415091,2763608
2015-05-29,1002.4696044921875,1017.1785015854542,997.4578138770789,1005.0426793401928,4423532
2015-06-01,1005.3310546875,1016.6027821755866,1001.7210790453639,1002.1434711358481,882264
2015-06-02,998.4757690429688,1010.0355287585254,994.8657936307833,1004.6589137765408,3935820
2015-06-03,1002.69970703125,1008.3452247011975,994.8652526788704,1000.0498428781234,1804684
2015-06-04,1000.6842041015625,1007.270614911973,994.0978870518935,1005.0815828794214,4131468
2015-06-05,998.436279296875,1011.285654804116,996.1686979097655,1004.6962120552965,2308534
2015-06-08,999.056396484375,1003.9209745733614,992.9320719987234,1003.9209745733614,1570320
2015-06-09,992.9317626953125,1003.9206618468513,988.8037097958755,1001.9825910710852,2578914
2015-06-10,1008.0875854492188,1011.6730166384547,993.7652603278799,994.6179926031704,2763350
2015-06-11,996.6722412109375,1012.8357316646482,991.0324366374241,1009.9286256610184,1847336
2015-06-12,971.2840576171875,1003.5141529820113,960.0432414618557,996.9053093848946,2571456
2015-06-15,970.89599609375,976.9621200272408,961.6707598818324,971.0898031795787,2525176
2015-06-16,973.6869506835938,976.5165535033782,966.884301986219,969.0355799000735,1267396
2015-06-17,974.384521484375,980.3343422267407,969.7331514347709,977.1753245876642,1975720
2015-06-18,980.6835327148438,986.9822647948663,972.136618873627,974.8499188465597,2165046
2015-06-19,988.2415161132812,990.3539939645448,979.5395987718427,982.6017122113976,1999610
2015-06-22,1004.5023803710938,1007.7971016649985,987.2535453618274,987.2535453618274,1102002
2015-06-23,997.9517211914062,1010.8979997462441,995.0833188605459,1007.797085636593,898318
2015-06-24,996.2850952148438,1003.1070503961372,991.8469302236872,1000.0449351530863,1170246
2015-06-25,988.4163818359375,997.3315099858303,986.1488005187699,993.0677530445772,1930992
2015-06-26,1005.00634765625,1006.3823973089673,988.4939410884324,988.4939410884324,1290102
2015-06-29,1005.0447387695312,1009.3472938890551,985.8578374456033,996.94364050793,1372756
2015-06-30,988.7845458984375,1003.4363833828562,984.5401888140821,1001.982829954489,1549952
2015-07-01,1005.1226806640625,1010.8980958896138,991.0328629853414,993.8042673814662,1279708
2015-07-02,999.1729736328125,1008.9408371369552,996.5759761987723,1007.7973936360439,1445880
2015-07-03,1009.308837890625,1011.6733229735221,996.1687509739279,997.3509935153764,963470
2015-07-06,1020.7045288085938,1025.2395961866114,1000.1609754634557,1000.1609754634557,1182338
2015-07-07,1014.0956420898438,1025.9759793654391,1008.9597539837032,1020.4912763352265,1642836
2015-07-08,1005.8977661132812,1016.2082482617244,1000.2385602773595,1007.0024099332659,2667850
2015-07-09,977.7567138671875,1007.1184863450624,971.6129916079808,1005.8587403311602,3934122
2015-07-10,959.0933227539062,991.904829980213,951.5929494339284,991.904829980213,8263654
2015-07-13,972.7374877929688,976.2454161427479,959.5004026372113,959.5004026372113,2280308
2015-07-14,968.841552734375,974.8495719651743,965.159218367111,973.2991153894842,1703274
2015-07-15,986.7688598632812,988.3968205936565,969.0355100297371,969.423124233749,2003660
2015-07-16,984.6175537109375,991.8466151867179,979.3460574678153,985.9742033858571,1456608
2015-07-17,993.9976196289062,996.2070958369135,985.8190184092285,987.1756678403573,1070526
2015-07-20,1001.864013671875,1003.7091387111824,991.2788226569016,995.9790738492406,853786
2015-07-21,994.9686889648438,1010.0987843199429,992.5215473041757,1000.6400564114128,1274500
2015-07-22,982.0142822265625,997.9211812715013,979.2951509424439,994.8136026610802,1320628
2015-07-23,966.6902465820312,985.8212812102961,964.5149031874448,977.9163386123206,1496780
2015-07-24,973.1188354492188,977.527750781252,968.0496734288307,970.1472511727308,1574972
2015-07-27,969.972900390625,973.0610392125787,963.7965279108972,966.457431361635,2003738
2015-07-28,971.9146728515625,978.4988362082382,968.0689873361786,970.9241131808224,1891188
2015-07-29,973.7406005859375,976.9647332400878,964.7091977880426,975.3915021726496,2413318
2015-07-30,963.6016235351562,977.6440483894114,960.552369553358,977.352712954706,2770574
2015-07-31,975.2939453125,978.4986351656626,966.0683230079408,967.1947821129321,1963776
2015-08-03,974.8472290039062,980.829278550667,971.4676621557442,972.438780253319,1179324
2015-08-04,974.5755615234375,980.0527073346507,965.6801547498777,975.1582325741716,2342692
2015-08-05,989.43359375,990.5407065916773,975.3912604908634,978.8872865141282,988994
2015-08-06,999.5916748046875,1003.3595954720942,990.5797144396914,996.3675425419751,2211366
2015-08-07,991.3370361328125,999.4749888000772,989.3753581320624,999.4749888000772,1188506
2015-08-10,999.1259155273438,1005.6906407559256,993.1049788986389,999.087032840572,1431182
2015-08-11,1011.5944213867188,1013.8474346531008,987.4719013947073,1001.4171212780436,2200306
2015-08-12,1037.8145751953125,1045.4669676160408,1010.7398188459532,1011.1671487866877,3479784
2015-08-13,1023.791748046875,1042.5925595470226,992.871304844333,1037.154297313916,1406426
2015-08-14,1050.0506591796875,1056.3241395984833,1024.3743510968638,1024.7239157115134,2293964
2015-08-17,1042.884033203125,1047.5648427839685,1031.3277244265935,1044.9622644804433,773644
2015-08-18,1064.6953125,1068.191338678959,1044.9233801555324,1051.4881024905992,1916926
2015-08-19,1061.85986328125,1069.3374758207322,1057.3149527782298,1068.2303627831673,1690070
2015-08-20,1043.6998291015625,1066.2880051934799,1037.9313478604656,1066.2880051934799,2349298
2015-08-21,1039.5435791015625,1060.4226290112008,1031.3668363544286,1053.4694577663115,3536080
2015-08-24,1001.6692504882812,1027.44275798488,997.9596559074336,1025.1120749799993,4692344
2015-08-25,997.2028198242188,1018.5092001024057,984.9084961325894,1005.2631043025273,3925800
2015-08-26,1000.9319458007812,1025.112799056277,975.7605326013942,993.6679976052465,3216158
2015-08-27,1000.1157836914062,1015.7507872143841,988.9091362043456,1015.7507872143841,5264798
2015-08-28,998.6400756835938,1013.4593066448298,993.5319352702811,1013.4593066448298,2744152
2015-08-31,995.9984130859375,1006.0786025107336,983.1796509690054,1006.0786025107336,3692044
2015-09-01,985.646484375,1014.313924066692,982.7720112881608,992.8716446057467,2987602
2015-09-02,1006.77783203125,1017.9068103575639,989.7638196185329,994.3086345169729,3765950
2015-09-03,1012.1385498046875,1015.789917309266,1000.7375810585073,1008.4482996270821,2265074
2015-09-04,989.5502319335938,1015.7509880251254,986.3260998013205,1014.3914222326064,2426396
2015-09-07,986.55908203125,994.4056989365363,983.8205094551497,991.7060090267865,1759184
2015-09-08,986.7728271484375,996.017893092216,980.2468926683716,988.5985107354887,1787746
2015-09-09,990.443603515625,999.8634514949382,988.2100313143445,995.571089427931,2045076
2015-09-10,988.753662109375,1001.6113049275664,981.6062701384373,987.4329793003195,2665818
2015-09-11,991.3174438476562,997.6879412108057,986.8891828556816,989.1809838393639,1592672
2015-09-14,991.1814575195312,996.367266607524,987.8214265040676,996.367266607524,1589318
2015-09-15,985.5879516601562,993.9977981099026,985.1023925155804,991.1815550713625,1379900
2015-09-16,990.676513671875,996.367228132167,987.0639351641273,992.48275550787,1756816
2015-09-18,991.026123046875,1004.5246660261514,986.2676438671301,996.3672731465887,2455294
2015-09-21,990.9483032226562,993.2984278795201,984.0144823856464,990.5404146729944,1108840
2015-09-22,981.5286865234375,999.2418270418613,967.2338064805866,993.4540000297592,2081246
2015-09-23,983.8012084960938,993.5512755640833,976.0129144790568,984.4422035677069,1228352
2015-09-24,1002.3494873046875,1006.0786197368648,982.7328964565363,984.9082395146025,2354254
2015-09-28,1007.5155639648438,1017.3432978751944,1001.9996322524108,1007.6321171012808,2366812
2015-09-29,1005.398681640625,1023.170144862902,998.2512895576644,1003.4953278855495,3325952
2015-09-30,1005.3214111328125,1026.9384731285627,998.6789220070422,1026.9384731285627,3368336
2015-10-01,1027.288330078125,1029.3664673696949,1006.933623510017,1009.5750855636883,2834408
2015-10-05,1053.333251953125,1075.999193475634,1030.434298914726,1030.434298914726,4807306
2015-10-06,1048.807861328125,1058.9074925853588,1042.5927036313658,1058.5190452293114,3979590
2015-10-07,1030.919677734375,1055.4112986070015,1028.2005466742908,1046.4575695062852,2065530
2015-10-08,1023.0925903320312,1040.3979377426156,1017.7319982443529,1037.1543646230618,2357550
2015-10-09,1021.4805908203125,1029.6186391082385,1013.0707431757323,1029.57975643684,2249724
2015-10-12,1007.088623046875,1033.405930630527,1004.9132799838784,1031.3276994036326,2455912
2015-10-13,1009.3999633789062,1014.6245616992123,997.3775358741683,1011.0508647522684,6179712
2015-10-14,964.7867431640625,989.7639287797834,963.3495068186274,989.7639287797834,8337128
2015-10-15,958.5908203125,972.4778112257496,957.5225902422501,967.233772699068,3215710
2015-10-16,960.24169921875,968.0106450053095,959.464804640094,963.6988421594633,2333828
2015-10-19,966.7484130859375,969.1567678650919,953.9685322696632,967.2339723089842,3130642
2015-10-20,981.50927734375,982.7717311485851,969.4091811178699,969.6616339445279,2695084
2015-10-21,982.7718505859375,987.4332190472147,979.7613834546961,984.714087444803,1929688
2015-10-23,987.6963500976562,991.9202242342935,983.8618646549979,991.9202242342935,2335398
2015-10-26,987.4625854492188,992.3092711980672,979.1122577071249,992.3092711980672,1414630
2015-10-27,985.341064453125,990.7132400745545,981.1561582723385,984.9322871665253,1530420
2015-10-28,984.5624389648438,986.2947764010393,977.1463771988426,977.1463771988426,1255342
2015-10-29,971.4240112304688,987.0151469011988,969.3607357417226,986.2950106269241,3130316
2015-10-30,971.3656005859375,977.8667862292788,967.3948239388146,973.2342293147028,1516696
2015-11-02,979.9883422851562,982.1099735272443,968.3873732827594,973.2340598925465,1319294
2015-11-03,990.1489868164062,991.8424523335491,980.436128553727,984.1344184966536,1364906
2015-11-04,986.3920288085938,991.6085244293913,981.0197587403508,990.7520976167431,991434
2015-11-05,966.4796142578125,986.8396863603479,965.4480243455214,985.224156110751,1596098
2015-11-06,975.4723510742188,980.3385206395895,966.7910855611225,970.119564552311,908024
2015-11-09,962.0808715820312,974.3046538147127,961.0103140760916,971.2876281161554,2021556
2015-11-10,956.9420166015625,964.2802389154699,953.7693118057736,962.7035808405391,1361920
2015-11-13,933.2925415039062,949.1173851137767,929.0687625037306,949.1173851137767,2743232
2015-11-16,924.4165649414062,930.411648003642,917.1756664002429,930.411648003642,2043528
2015-11-17,930.6258544921875,933.7012359813394,924.5723198735908,926.7134347196139,1985028
2015-11-18,915.4048461914062,929.9838793429649,913.283214084478,929.9838793429649,1520352
2015-11-19,919.7256469726562,927.1417093295145,915.618580335548,920.8156881005806,1866906
2015-11-20,933.6621704101562,943.4723483021811,919.491828972907,921.2631335328589,2012126
2015-11-23,930.8204956054688,939.5211506738643,927.3946928642998,936.3679294907942,1088082
2015-11-24,921.8278198242188,931.3655136316899,920.8740694519495,926.5383107011907,998640
2015-11-26,913.1077270507812,927.4531408280816,910.1101849960016,925.701319427476,2915292
2015-11-27,916.1443481445312,918.518982640442,908.0275366488431,914.0615888752342,1737206
2015-11-30,924.0077514648438,930.8982284916233,914.8982251046768,920.679272507136,4100048
2015-12-01,919.4727172851562,925.7598673281391,917.5846999369098,919.862010970453,1721994
2015-12-02,920.7572631835938,925.7792079733928,913.477491401867,925.7402405939227,1640296
2015-12-03,915.1318359375,923.7936176452994,913.6719850878709,918.7328013665851,2283358
2015-12-04,906.4309692382812,913.7886735911001,903.5892026536493,910.9468119641074,1246092
2015-12-07,903.0830688476562,912.4649850531775,901.3117644366638,907.910270169452,1382604
2015-12-08,906.6649780273438,914.4508516042209,902.1102609933511,902.9277206934819,1139964
2015-12-09,921.7108764648438,923.7157953615676,903.1610760026867,910.1293928393783,5282806
2015-12-10,928.2900390625,930.8788033912149,915.6185138357614,922.2365047946083,1723988
2015-12-11,928.8547973632812,931.171075942524,919.9983654102156,927.6869162266132,1652378
2015-12-14,925.9151611328125,929.2436397642364,907.2875230753995,909.078216256481,2718532
2015-12-15,924.9034423828125,928.4654415946101,919.9204641909308,925.9155489414984,1135868
2015-12-16,937.5746459960938,939.9493749167494,928.0759203982318,928.0759203982318,1435934
2015-12-17,949.7791748046875,951.8229664504399,931.7159876096614,940.1441570461401,1618844
2015-12-18,940.844970703125,947.6186426164388,934.5578208401023,942.0906914519367,3024970
2015-12-21,952.3677978515625,953.7692927885304,936.9713124447375,942.0710014338114,1610104
2015-12-22,936.2704467773438,949.8762369830328,934.304495393147,949.8762369830328,1560858
2015-12-23,944.3485107421875,947.929993145182,938.4117828590402,940.144120511546,849834
2015-12-24,947.6376953125,949.1753856175683,935.8615670252644,942.4795564759423,843160
2015-12-28,958.7135009765625,960.153868545394,942.1685200209591,945.2050296518793,3704198
2015-12-29,956.0277709960938,959.72606224289,952.1153491423116,957.020489233984,1708524
2015-12-30,941.4288940429688,957.2731272835497,939.0931320406502,954.9568489730636,1605762
2015-12-31,948.650634765625,953.1858695196977,937.2248237160189,940.4364975667592,1240318
2016-01-01,940.6890258789062,949.4870993386863,939.0734954406504,949.4870993386863,712262
2016-01-04,922.47021484375,939.7548138335084,921.0882034619876,938.2559953553849,1870184
2016-01-05,914.4315795898438,929.088547016638,911.3367131350975,928.4656389693325,2678020
2016-01-06,927.1419677734375,928.9131781773608,914.9180878581875,914.9180878581875,2653228
2016-01-07,923.1124267578125,927.6476590715839,918.7328738633369,922.6258097695373,3199580
2016-01-08,933.3702392578125,937.1658513124081,923.5989332849316,928.4651025856951,1907544
2016-01-11,919.6478271484375,928.0759960587777,914.3923632445812,927.492055625016,2930228
2016-01-12,905.9058227539062,920.6794980159149,895.998318200227,919.784103597103,3482594
2016-01-13,887.278076171875,905.886331820237,877.8961561466604,901.9933952846967,4746092
2016-01-14,887.1221313476562,894.9468744179079,875.9104584707571,884.8642098240138,2742052
2016-01-15,880.2319946289062,892.1443244383343,877.8572651187188,891.0348944546466,3269408
2016-01-18,886.6743774414062,892.221810286787,879.8033846007409,880.5819716667592,2213922
2016-01-19,887.3171997070312,895.375560745256,883.0349687643366,886.4218051378035,967910
2016-01-20,887.6282958984375,889.5357963506863,873.1854666146999,885.1757274295647,1615954
2016-01-21,879.7849731445312,893.5992566365761,876.3704162516439,891.687142885453,2675536
2016-01-22,895.882080078125,898.3405798488902,881.9311776005934,887.0042330469686,1343178
2016-01-25,899.3551025390625,912.7597136118534,894.2235501246524,898.2819562319087,1397560
2016-01-27,905.2474365234375,909.2278135688106,890.4770070049626,898.320766839941,1626986
2016-01-28,909.7157592773438,916.6228993154172,900.6818576691808,903.5890891932268,3106660
2016-01-29,933.168701171875,936.5637256228199,911.2179888525901,920.4470057899562,2235744
2016-02-01,937.61767578125,941.6175847886441,920.5644242383167,933.0910066532889,1495274
2016-02-02,935.82275390625,949.4419196593007,928.6423714976445,940.0762780350411,1475588
2016-02-03,942.9246826171875,948.2318205142712,921.0715264861136,931.685897552481,1308692
2016-02-04,944.3880615234375,952.1732293235074,937.3443019815838,945.1099389807113,1250046
2016-02-05,945.1295166015625,952.1537456904405,939.7248197159429,939.7248197159429,1402996
2016-02-08,922.1056518554688,941.2662259222321,915.8814234857098,936.5638757416717,1063658
2016-02-09,890.2816162109375,910.6519485676612,880.2136347967553,910.6519485676612,2489610
2016-02-10,885.3649291992188,893.5988281378336,881.1894349697404,887.7843664401344,1890732
2016-02-11,857.7168579101562,893.2477678618537,847.4536600462941,889.7356534403785,1962408
2016-02-12,868.8970947265625,875.452965042165,844.468351082668,858.5168079398659,2172568
2016-02-15,885.5017700195312,900.2137066989104,874.1264571349016,878.028807389968,2479712
2016-02-16,884.0969848632812,890.5163320058109,875.2971659461148,884.2725715710637,1588702
2016-02-17,887.999267578125,889.5991739044778,876.6238602381499,883.8822693002303,1585178
2016-02-18,903.7257690429688,905.2476474444961,888.9553360830099,891.6869811017021,1529140
2016-02-19,905.2086791992188,908.0769448735676,899.667360644208,900.4088643890913,879012
2016-02-22,903.7451782226562,914.3205845955366,899.4916549264669,905.4427385436593,1324884
2016-02-23,883.4918212890625,905.3059142800344,880.6626182394398,901.5401855711381,1306852
2016-02-24,862.7899780273438,882.8870787531457,858.9851871132356,882.8870787531457,1659328
2016-02-25,863.5314331054688,869.443454392479,852.9169664211554,866.2435469092094,1830556
2016-02-26,862.614501953125,880.7213685674329,858.3609783921245,870.1069951979345,1537536
2016-02-29,849.4635620117188,872.9556898178175,825.3470201004399,872.9556898178175,2191718
2016-03-01,888.4286499023438,891.7262125206307,843.6882364352432,855.7855238216875,1999760
2016-03-02,904.896484375,909.247566595529,880.4677348202413,899.4916914174653,1527486
2016-03-03,926.0858154296875,933.0515457559352,897.9304085254735,911.5886285595419,2648284
2016-03-04,919.9982299804688,928.7589836923738,916.8763510436877,928.7589836923738,1512966
2016-03-08,918.7303466796875,923.6863124873421,899.1795336423587,913.9694983862887,1268152
2016-03-09,919.8814697265625,924.6227869500233,895.6478376967844,913.540150866426,2017784
2016-03-10,916.3883666992188,920.8955975303826,903.3739984817835,919.4126862896659,1661666
2016-03-11,923.0031127929688,932.9931645103444,911.1985068688646,913.1496814017744,1530528
2016-03-14,919.0032348632812,935.7833363915705,913.1497110743433,921.734879298119,1636742
2016-03-15,909.2085571289062,922.3204922290787,905.3843300575613,916.6816151072129,1623356
2016-03-16,908.0962524414062,910.027896374553,900.2329610962885,903.3939022757677,1918246
2016-03-17,917.8521728515625,921.6569637784229,910.0279427116285,910.8084126453434,2221088
2016-03-18,946.6513671875,948.2708039083432,920.9543609974032,920.9543609974032,3204070
2016-03-21,954.6123657226562,958.0073911574462,944.3686970051417,946.7101069977165,2336982
2016-03-22,965.0903930664062,969.7341523065863,950.8077513460755,952.9540442385046,1951984
2016-03-23,965.36279296875,970.865046061817,958.9239192644949,970.865046061817,2278434
2016-03-28,965.207275390625,982.2800577815054,960.5830474949433,972.0754499584742,3320882
2016-03-29,963.6461181640625,970.4947603830732,958.0267731635521,967.0021767410517,1838796
2016-03-30,971.4898071289062,977.538448225712,959.9778772995016,964.2313997038615,2136504
2016-03-31,983.50927734375,995.0992376454124,964.7194051637043,967.1194075472374,4363964
2016-04-01,957.5974731445312,983.7237783766841,949.8708976149442,977.5385165205577,3041400
2016-04-04,964.3679809570312,970.9044154258346,954.9047847857787,958.4168988287178,1752352
2016-04-05,961.0509643554688,969.6946289612308,952.9731212792972,964.1923742384769,1491794
2016-04-06,968.5241088867188,971.2948152109482,959.7243867585595,963.8803509726966,1763150
2016-04-07,964.19287109375,969.6171006889775,958.8076078438426,967.7830148362757,2390942
2016-04-08,949.071044921875,965.3242944622467,947.1003391296465,962.3195040353145,1399500
2016-04-11,978.1824951171875,982.2214653541682,941.6370265791053,949.4417263435405,2400648
2016-04-12,982.6702880859375,985.3434361106118,970.9438018264389,974.8070904571518,1303628
2016-04-13,985.8116455078125,993.1480826185343,980.4654450212446,987.2945575736314,1601468
2016-04-18,983.2947998046875,996.4652331783985,952.1735535364372,957.2466093544592,7121504
2016-04-20,956.2122192382812,989.206507056062,952.1732495177168,989.206507056062,6405024
2016-04-21,946.0853881835938,962.8654877259861,941.3245417864683,956.4656739163665,2525724
2016-04-22,943.217529296875,950.3782844100589,938.202971419421,943.9784684952492,1964126
2016-04-25,956.5637817382812,958.8271643558428,937.4617927902453,937.4617927902453,2267654
2016-04-26,971.6069946289062,973.0508448851031,952.9537450208228,955.6853896625696,2554368
2016-04-27,979.9190673828125,981.2848897723862,966.1827202756173,967.7827217551445,1848670
2016-04-28,986.4166259765625,991.197005234089,974.8461951070317,976.0949281851647,4992744
2016-04-29,989.4409790039062,991.9775068538472,979.4899851310608,982.2216305079203,2372178
2016-05-02,986.0065307617188,987.294325022709,975.587277690424,986.9040901116329,1116692
2016-05-03,967.041259765625,987.2944153954888,964.6607884812839,985.3432406615057,2153118
2016-05-04,967.0018920898438,973.2651800579355,958.8069608009467,965.4018912055229,1364892
2016-05-05,963.9973754882812,971.6654538243369,961.3632896865857,967.002165422442,1246566
2016-05-06,965.207275390625,969.4608943382011,948.6613483938381,961.9293392804652,885598
2016-05-09,980.4846801757812,982.6114412463604,958.5729342015136,965.2069272520251,1821276
2016-05-10,984.5232543945312,988.8353676192286,974.0259772834731,981.4404378477303,1158534
2016-05-11,982.7285766601562,985.5773105104976,971.6849098353002,975.5872588707834,1598716
2016-05-12,1001.4212036132812,1002.8650542976978,983.6070110251196,983.6070110251196,1513082
2016-05-13,984.7188110351562,1001.3428576141711,979.5481980720277,1000.9526226735576,1621730
2016-05-16,995.5479125976562,1000.874677138888,984.3677187375292,990.4163608150046,1111526
2016-05-17,1002.9820556640625,1011.1965221050237,995.8797971681701,1000.6406454826325,1756698
2016-05-18,995.5283203125,1001.2842852540952,985.7529167301316,1001.2842852540952,1500740
2016-05-19,997.811279296875,999.0015150000472,985.772587734516,997.0503401660628,1038792
2016-05-20,987.021240234375,1001.2648153630935,984.484713156658,992.094294389809,1230918
2016-05-23,972.2510375976562,993.4993157334851,967.860893550079,992.7579072921169,1533016
2016-05-24,962.9827270507812,971.0020739945362,959.82188125043,969.3435755259432,1339158
2016-05-25,985.9094848632812,988.4460131046734,968.173317983688,968.173317983688,1548678
2016-05-26,994.5919189453125,1000.9137068495526,977.5777302198403,987.2945435474485,1943248
2016-05-27,1003.9378051757812,1006.7475727513394,995.3332016102684,996.3282244150672,1104676
2016-05-30,1028.8150634765625,1030.9808858285999,1007.5863269206443,1007.9765617490411,1349464
2016-05-31,1002.6694946289062,1032.9517603942206,999.7817945334315,1030.2201161468615,3722608
2016-06-01,1027.7034912109375,1032.1716632886873,1003.2942708186068,1003.3722987708378,1911942
2016-06-02,1034.18115234375,1035.8006846086269,1014.6109069965271,1014.6109069965271,1408756
2016-06-03,1026.142333984375,1037.2444992807762,1022.610688625009,1034.6689104964792,1554922
2016-06-06,1030.0655517578125,1040.5140635746861,1026.3986962831648,1033.219819476114,1322026
2016-06-07,1037.4190673828125,1040.5142315854132,1030.2628598456554,1030.6571433741076,1202194
2016-06-08,1030.3017578125,1036.3934157113983,1027.305166146607,1031.937995047863,938266
2016-06-09,1016.1669311523438,1033.9687888326139,1007.472962600812,1033.9687888326139,1562138
2016-06-10,1007.6898193359375,1026.41828120367,1006.6843773940766,1011.7312242652903,1396832
2016-06-13,1004.2400512695312,1006.7437899408618,992.805830034032,1001.4800668333762,1029978
2016-06-14,999.4491577148438,1008.951328403167,992.9040158005888,1008.951328403167,977570
2016-06-15,1008.1234741210938,1011.2973782443734,994.3826601582873,997.5369271215175,1270844
2016-06-16,1008.6954345703125,1011.2188103091331,992.1946326172664,1003.668320257954,1145070
2016-06-17,1026.1622314453125,1029.0798907155086,1008.9714330808376,1008.9714330808376,1878988
2016-06-20,1048.5177001953125,1051.9479459844501,1021.9035748752412,1026.1618541785688,1872838
2016-06-21,1045.3245849609375,1050.7657174969138,1041.4605867101345,1050.1742921399739,1027690
2016-06-22,1051.8099365234375,1055.7725034294922,1037.6552028111155,1044.8508739239883,1761712
2016-06-23,1043.017333984375,1048.596404003044,1035.1119348111254,1046.8221292077767,1397014
2016-06-24,1014.8661499023438,1022.4561084315395,991.2879737647149,1011.3964353225844,3766586
2016-06-27,984.0721435546875,1004.2396985249538,978.8675262947364,1004.2396985249538,4272566
2016-06-28,971.4945678710938,986.8518871073566,969.3062757406556,984.0722661352662,4499524
2016-06-29,986.8521118164062,990.637271836926,972.0271103007101,975.8516409139867,2531264
2016-06-30,1006.6449584960938,1010.5088586980382,985.8465097359315,994.3827065996093,5121812
2016-07-01,986.0436401367188,1011.1792058859922,983.4807981387536,1010.1540305825695,2197296
2016-07-04,983.4217529296875,995.9008817667807,978.6115141348928,992.0171513148229,1883484
2016-07-05,979.912353515625,984.5451825212164,976.6988867043373,983.4214365560553,1559748
2016-07-07,958.0299072265625,982.4952135594365,956.1373274911602,980.8588795519037,3316800
2016-07-08,956.767822265625,962.8594795399746,947.6598402169799,960.0797632320973,2456356
2016-07-11,971.573486328125,974.5898123575097,956.9258952450759,958.1087455482219,1543632
2016-07-12,971.8887329101562,975.8512998647543,960.4151450802183,974.550145546151,1465536
2016-07-13,982.98779296875,985.4125969056394,966.486997365189,977.0340762757525,2102300
2016-07-14,994.3432006835938,997.1426511384356,974.2742154855968,980.1884660854688,2699988
2016-07-15,964.161376953125,996.670038403191,956.7488265038932,992.4117565484717,8336366
2016-07-18,959.4688720703125,973.4856654852499,958.3452221933609,964.8114311228865,2598850
2016-07-19,972.3818969726562,974.9842064391452,957.1231455825365,957.1231455825365,2362896
2016-07-20,983.71728515625,986.6941438834208,965.2648039925461,965.9942667390134,2815252
2016-07-21,988.0939331054688,993.3970255795033,971.6917051731267,981.5685235880824,2527148
2016-07-22,991.6624145507812,995.1714990026063,982.554427699879,985.2749451952837,1517216
2016-07-25,1011.5658569335938,1013.2459034268825,990.5554317450625,993.0063037979731,1688796
2016-07-26,1009.055908203125,1015.143568569502,1001.3078890913351,1011.5660378595678,2311290
2016-07-27,1018.9183959960938,1020.0449573112794,1006.0511992731334,1010.0042491720455,1750510
2016-07-28,1035.402587890625,1039.4742485614431,1018.7207367300954,1020.084519634154,4632080
2016-07-29,1035.422607421875,1041.5893087166635,1027.3978950572825,1033.3274712119032,2488084
2016-08-01,1070.5848388671875,1077.2061980663107,1040.4428305726715,1040.4428305726715,3961704
2016-08-02,1067.00732421875,1073.5298572537577,1063.291495517965,1068.469933536718,2578162
2016-08-03,1050.0484619140625,1066.9279624326932,1047.1825012887803,1061.7889985528766,2294702
2016-08-04,1048.3489990234375,1060.5836710938972,1042.1229444477892,1055.4644899670354,1415416
2016-08-05,1047.2027587890625,1061.1174787383163,1040.443003105602,1057.0062478716973,1868484
2016-08-08,1047.361083984375,1054.6742298812276,1039.2771122814868,1043.6056847400453,2058244
2016-08-09,1047.637451171875,1051.4324183535578,1019.4324930344546,1050.7208499432393,2261914
2016-08-10,1057.59912109375,1060.2081730991224,1046.7678010314974,1047.9537162139347,2062078
2016-08-11,1071.2371826171875,1073.2532771008355,1053.7054604718517,1053.7054604718517,2233138
2016-08-12,1082.5235595703125,1085.033786319398,1068.1344881774592,1069.3006192735452,2327358
2016-08-16,1064.04248046875,1083.1357318318765,1056.9863439173857,1082.3451218086416,3183754
2016-08-17,1037.4979248046875,1066.9283675112838,1034.9086573340278,1066.9283675112838,1848566
2016-08-18,1043.0321044921875,1050.5429000498284,1039.6917962961872,1041.6287523359933,1292064
2016-08-19,1029.1766357421875,1046.1549673159773,1027.7930681504465,1043.605269198915,2416244
2016-08-22,1007.5140380859375,1025.599245495793,1002.6122936979884,1023.0495470318192,2265274
2016-08-23,1028.2081298828125,1029.7497808392789,1004.153781085292,1006.0314799089437,1503374
2016-08-24,1016.7444458007812,1028.5838135921983,1015.5585305660478,1023.7611109396213,1116878
2016-08-25,1008.4428100585938,1023.7213092577474,998.5404007962024,1019.8868701718932,1939690
2016-08-26,998.1253051757812,1016.9418611148369,995.0616915340446,1011.9017225429477,1250314
2016-08-29,988.4800415039062,1002.0784963368403,975.1187117900232,1002.0784963368403,1488728
2016-08-30,1005.7152709960938,1007.9488023605255,988.7567235175808,992.215642590356,1444026
2016-08-31,992.7291870117188,1008.0274669134677,988.5982702238149,1008.0274669134677,3231668
2016-09-01,991.2274780273438,1002.0785830610711,983.1435085254973,998.1057477454364,1345736
2016-09-02,994.1132202148438,995.9315656507226,986.7012500712476,993.0063467047279,1742330
2016-09-06,981.9576416015625,996.2280976405171,980.3566366630697,996.12927136666,2239066
2016-09-07,964.7615356445312,988.1437853327855,957.8239143217527,988.1437853327855,3854040
2016-09-08,917.9380493164062,932.9200746226445,903.1733646161385,932.9200746226445,7021516
2016-09-09,929.9354858398438,935.5487990945388,917.1276388919462,920.9422945958313,2742438
2016-09-12,932.5443115234375,934.4812674858405,918.6888514964137,923.8278166725985,2024454
2016-09-14,920.4481811523438,939.8774855752906,913.1548210395549,933.7106871408782,2069858
2016-09-15,919.8549194335938,925.8438478876731,915.8228278715442,924.9938842603252,2818964
2016-09-16,933.5916748046875,939.2445548534904,917.1074778030714,923.7090511214648,4358004
2016-09-19,953.2581787109375,959.4051904776802,928.9667068902137,934.8962816150448,2802546
2016-09-20,951.301513671875,955.412647202583,942.9605392945573,953.0803862301643,1184552
2016-09-21,954.0291748046875,958.2194469639018,949.0088199414934,951.7759553081384,1678020
2016-09-22,940.0350952148438,959.8003411192769,937.3075298840279,958.7132525945331,2857574
2016-09-23,947.9813232421875,950.2543278652931,937.3277721919422,941.6168716934733,1800726
2016-09-26,949.1669921875,956.2824830727204,946.7555927834999,949.1669921875,1753476
2016-09-27,963.002685546875,967.7067771093696,949.1670085865695,949.1670085865695,2038792
2016-09-28,957.843994140625,963.5561332490597,954.7408106562009,960.9866502270622,1731328
2016-09-29,963.6749267578125,971.067113858881,956.4803922343665,962.5680530211175,3603958
2016-09-30,960.9076538085938,968.418450688479,957.8638238487523,963.3783106769771,2175364
2016-10-03,953.3570556640625,971.5213012352581,949.1668805416489,968.4972565687516,1818880
2016-10-04,950.767822265625,958.6344500035796,947.9414300003633,956.6381403673391,1780718
2016-10-05,943.3361206054688,954.8196535896556,939.284244375865,951.8944352083843,1176354
2016-10-06,944.2848510742188,949.6807259049233,937.9599708577091,946.7555074087928,2267572
2016-10-07,936.003173828125,943.9883153173338,932.2082073233488,943.9883153173338,1816512
2016-10-10,940.944580078125,943.5535353642009,930.9631280932504,936.8333498694338,1202142
2016-10-13,920.6256103515625,936.8331124371729,917.4631709202239,934.2241578123139,5173334
2016-10-14,935.370849609375,943.5932144753045,905.6439272571942,915.1312490617217,7741214
2016-10-17,933.8883666992188,939.1657275547518,926.7530914691225,936.438064889525,2728346
2016-10-18,948.811279296875,954.9385083312399,930.8644664066842,939.2449152032926,2128632
2016-10-19,946.7950439453125,952.6850498403213,936.9914606449537,949.1273048409176,1985058
2016-10-20,949.186767578125,952.4283464877064,943.197934135968,947.5067209645132,1265854
2016-10-21,960.0576782226562,961.3424197785357,948.0404419655198,948.7322258802242,1259660
2016-10-24,962.2575073242188,965.1113225430888,952.2889433231104,962.4556902806545,1253190
2016-10-25,950.6639404296875,957.0653089001245,943.747373614001,953.2601568843647,1772466
2016-10-26,949.7918090820312,952.3681874895568,940.3781187468416,950.7233076754372,1437130
2016-10-27,958.4520874023438,962.970618379676,937.6032096221953,943.2315840864644,2941602
2016-10-28,950.7626953125,957.2631529739037,946.5216002931274,955.241648537034,1752102
2016-11-01,931.4597778320312,951.1591418647196,925.1773401973476,951.1591418647196,2934776
2016-11-02,913.246826171875,929.081623741482,909.6596956001284,927.8925261001746,2325076
2016-11-03,919.3505859375,925.5140931493156,905.4976213274568,909.2630962246382,1463310
2016-11-04,923.75048828125,925.9700790692544,909.2632965263846,919.5688090415049,1183752
2016-11-07,902.5450439453125,929.4384137482549,895.806823257117,926.6638522884097,2048052
2016-11-08,904.982666015625,914.4161944408178,895.786995854464,903.8926597153596,1933634
2016-11-09,860.054443359375,901.7322720846076,849.3525658445246,864.07751786569,4500226
2016-11-10,854.346923828125,878.9414491201048,848.5402016655619,873.9076211666608,2172426
2016-11-11,832.8240356445312,851.0172855355323,826.8983857640723,851.0172855355323,2398424
2016-11-15,840.8109741210938,855.1792375021876,813.3031235452595,839.0669061596346,6290324
2016-11-16,867.8828125,875.5325969473141,847.4302933723674,850.2445299672263,4019958
2016-11-17,847.1132202148438,875.4138048087306,844.3188211403958,866.0595304405281,2504688
2016-11-18,842.3170166015625,852.1864865051164,834.0329131597198,849.015560043702,2140534
2016-11-21,845.4086303710938,848.2228664393103,834.3500625489478,842.752998694453,1793366
2016-11-22,846.2410888671875,863.0667998283334,841.1081704688435,845.051991318428,1318860
2016-11-23,854.7036743164062,857.3196312780731,843.1495499030576,851.7903461512769,1275808
2016-11-24,867.4268188476562,875.017282882035,847.0338153654479,854.1287253218801,3026234
2016-11-25,911.7800903320312,914.514975595225,868.9130717719366,876.761133824526,4276148
2016-11-28,904.7447509765625,919.350774859918,892.5762416562222,909.2632830741225,1924296
2016-11-29,895.7276611328125,908.4707881490169,892.8341702460704,901.7325667709483,1442296
2016-11-30,902.1484375,909.5604589270856,888.7710911708622,897.7685758665863,3445832
2016-12-01,897.154541015625,907.6780769383022,893.4287395820954,902.5253192962944,1123052
2016-12-02,880.6656494140625,900.0677416537864,874.0660988494366,894.9942385737885,1998032
2016-12-05,866.4557495117188,887.0073575753061,860.113895901386,883.4994810894882,2249526
2016-12-06,865.0089721679688,873.5704156818189,860.0741403725926,868.041131934937,1593444
2016-12-07,853.9900512695312,865.841351335353,850.4623371852695,864.9495281835067,2065706
2016-12-08,870.3203125,871.6085015085961,856.1502334054422,856.3484163298417,3239546
2016-12-09,870.1221923828125,879.8925725533471,861.4219807274806,873.9867596875534,1588718
2016-12-12,875.2551879882812,878.981085624468,857.3394681101944,869.9439234722761,1311758
2016-12-13,872.1239013671875,879.139558380987,865.2667520043708,879.139558380987,2147534
2016-12-14,875.0173950195312,881.7951938130461,867.644950610075,877.5540980587969,1870366
2016-12-15,895.50927734375,900.5827789718248,872.7974974965132,872.7974974965132,4295410
2016-12-16,904.7644653320312,907.6777930259834,892.6158907836309,902.5250369957049,1987230
2016-12-19,907.24169921875,910.729737836717,896.3020604970809,903.7140820796358,1334210
2016-12-20,927.21875,929.4780162293555,906.5086321543779,908.4706239648966,2922760
2016-12-21,917.0323486328125,929.0025815956292,913.8614208668195,929.0025815956292,2034902
2016-12-22,914.6937255859375,921.5508761905386,906.1718572684766,914.0199227937127,1868300
2016-12-23,906.9246215820312,918.6768287912323,903.2384003049195,911.6413358730814,1118954
2016-12-26,908.906494140625,912.2756035868683,898.1649417867673,898.1649417867673,897408
2016-12-27,920.91650390625,923.5325575838378,904.3088112135305,904.3088112135305,1294692
2016-12-28,916.9528198242188,931.4201749449984,912.8900694135889,922.224505564498,1350418
2016-12-29,932.13330078125,935.3834805281501,912.8303084028622,912.8303084028622,1963516
2016-12-30,937.6233520507812,942.7959462779526,929.7356127648487,933.4019972536345,1405748
2017-01-02,935.9586791992188,941.4087104553898,932.4111268936216,938.0396002243023,823132
2017-01-03,938.6936645507812,940.0611077295202,928.8043534156011,935.9191028905445,1475324
2017-01-04,943.1524047851562,946.8584636586457,934.7494693243108,939.2680006585507,1420066
2017-01-05,925.2761840820312,947.2943212288212,919.7270634861372,944.9359643293631,2216404
2017-01-06,904.2689208984375,923.2747389172596,894.6373091234768,919.9650456937013,3009896
2017-01-09,913.1082153320312,916.1206352453613,894.597944908597,901.7325319747711,1854578
2017-01-10,917.7257690429688,923.4532365932395,908.272404199575,913.2269776460051,1533914
2017-01-11,921.3128051757812,923.3739851500148,903.7934527778863,917.5870046420752,1931296
2017-01-12,929.22021484375,935.4233009923084,913.2268158840163,921.3126396087246,2570374
2017-01-13,891.5457763671875,934.610889706666,887.0074064808692,930.6670686290971,10235580
2017-01-16,895.21240234375,901.2965620675858,883.1034023163497,891.8234538652545,3364808
2017-01-17,903.2188110351562,906.8059418491329,892.9331350970843,893.7654454407951,3009956
2017-01-18,909.69921875,910.8486409034192,897.9469142992253,902.9213246205348,3136574
2017-01-19,908.074462890625,909.7193430049198,904.8836973882928,909.6599268153576,2251676
2017-01-20,905.8347778320312,911.6414991078749,897.7686936866681,906.4887428085696,2037246
2017-01-23,916.9050903320312,919.6080857440902,898.2625446584109,900.3295068987959,2318546
2017-01-24,921.5360717773438,923.3843917288212,910.2670069130437,915.83195804701,2282638
2017-01-25,935.30908203125,938.091556988419,921.4166014755324,923.2252296066973,4111648
2017-01-27,937.2172241210938,945.544756005121,932.1491439785544,932.1491439785544,2871658
2017-01-30,927.3193359375,934.8916619559143,921.456263890844,930.5390956760452,2577956
2017-01-31,886.3378295898438,926.9818519644917,874.51230718744,922.1919991118177,4666804
2017-02-01,861.732666015625,890.3723096615755,856.8236422256351,882.4422735046315,4864152
2017-02-02,877.5330810546875,882.0447050019386,855.8099368495601,862.5872713645994,6009482
2017-02-03,887.4307861328125,891.584604941208,870.9147879742251,878.3479527437283,2153372
2017-02-06,890.690185546875,897.7457476548553,880.4347575527476,897.5469994264615,2408910
2017-02-07,892.2203979492188,895.4003689342717,884.8269265909656,891.9818613073346,1814638
2017-02-08,902.6943969726562,907.325288089358,892.0017830239058,892.3395967244702,2212584
2017-02-09,921.1185913085938,925.3717841376762,902.3964687135667,904.3044711826518,4033202
2017-02-10,953.1763916015625,963.7100453023402,918.6141019810318,918.6141019810318,5782160
2017-02-13,959.6557006835938,965.5187726873561,946.9756041171945,952.40139125521,3819812
2017-02-14,956.47607421875,961.8024891750782,953.1967276785715,961.8024891750782,2033328
2017-02-15,959.43701171875,965.1212294726706,944.0937093783608,952.7988414522206,1924972
2017-02-16,972.9721069335938,984.9963766648741,968.1425630330991,977.8414393041122,4175680
2017-02-17,957.1316528320312,984.0422398433238,954.7864626202935,982.6112138207183,2723324
2017-02-20,994.6156616210938,1015.6034949372188,957.2113015022878,963.9289531204523,3973948
2017-02-21,979.9678955078125,1004.0362275185191,975.9133541493004,999.3060586602951,5501112
2017-02-22,958.562744140625,981.8162877990229,954.0511203564081,980.1865134425561,4505496
2017-02-23,986.506591796875,991.0579061995566,959.9538126830157,959.9538126830157,4853352
2017-02-27,989.7068481445312,994.5363925276312,981.8363968522074,985.4337601270764,2139892
2017-02-28,980.3252563476562,989.7657935349879,973.8659414300082,989.5670453836757,2354828
2017-03-01,985.6123657226562,994.4963533669069,981.8162551248066,985.7514312564836,1130374
2017-03-02,994.3174438476562,997.7160577961669,981.8360945322813,988.4543713964636,1544942
2017-03-03,991.3760986328125,993.6219148889197,983.9627311788201,990.5612114535483,1013970
2017-03-06,982.8101806640625,987.3813908066861,975.6751372852389,985.7914046701213,1400694
2017-03-07,993.6618041992188,995.7287666611226,983.8237654866987,986.9440548917222,1511672
2017-03-08,998.5903930664062,1001.6908842600236,990.6404654135489,994.535949372452,1791510
2017-03-09,1001.5916137695312,1003.2809735705116,995.3509393255026,999.3655949784645,858468
2017-03-10,1010.5353393554688,1013.4370828188736,999.2861705300953,1001.5320836759291,1171420
2017-03-14,1020.5720825195312,1028.3828485394986,1014.0332856646821,1016.3188901338106,3402294
2017-03-15,993.0653686523438,1022.4204223180618,991.2965289154771,1022.3608366704821,3022496
2017-03-16,1002.0487670898438,1004.4735342652044,996.1261087726958,996.1261087726958,1571818
2017-03-17,1003.9765014648438,1012.0258033176253,997.6165592601768,1012.0258033176253,2593152
2017-03-20,985.7910766601562,1004.0560169174967,980.2261270338489,1004.0560169174967,3487540
2017-03-21,988.4541625976562,990.5609126796925,979.8285111378178,986.5859491456648,3373700
2017-03-22,985.3736572265625,992.1509900895026,981.7961897142205,985.8506334858713,1888716
2017-03-23,977.9807739257812,987.7989202887768,972.7536355407694,986.586536280386,2620638
2017-03-24,964.80322265625,981.7366077629764,963.2530255464166,981.7366077629764,5099814
2017-03-27,958.7813720703125,969.8913789073962,956.3764990373751,964.7040306071015,2181270
2017-03-28,965.8963623046875,971.242669500778,957.9663284964697,957.9663284964697,1153158
2017-03-29,971.7197265625,974.1841848038342,964.1672950534003,968.301218745637,1717764
2017-03-30,970.2890625,979.8289795421958,967.904083239451,971.8392602013349,2986086
2017-03-31,966.6316528320312,970.2290142438615,959.9536946774474,969.2550705407907,1867044
2017-04-03,958.6419677734375,967.9036525228017,957.2507304905505,967.9036525228017,1196888
2017-04-05,954.4879760742188,961.9012431401501,952.0036242364409,961.9012431401501,2905568
2017-04-06,954.0112915039062,957.966361429434,951.0300683874246,953.991397274125,1720704
2017-04-07,965.5383911132812,967.2078561369448,950.8707196564677,951.963834463568,2277012
2017-04-10,962.8355712890625,973.4685990657092,955.978758984496,966.7111608525132,2543264
2017-04-11,961.662841796875,971.1232733799874,956.3761214670477,960.8678491772016,1557784
2017-04-12,951.308349609375,965.1213508206674,947.2340111225908,962.9351204131248,1050538
2017-04-13,925.6300659179688,957.5689443707637,922.609151136595,953.9914763345093,2500472
2017-04-17,920.144775390625,927.319509295356,912.3140170148126,926.325768084724,2270882
2017-04-18,917.73974609375,927.8361162578059,915.056645281587,926.1666507170203,1730620
2017-04-19,913.9038696289062,933.5998369593366,895.4799684985443,899.7331608505734,5626812
2017-04-20,924.378173828125,926.9619012544345,910.6446494069619,916.3487633892192,1268842
2017-04-21,918.5345458984375,928.4122715485615,914.6390624252182,925.8087482028669,1161154
2017-04-24,925.4115600585938,930.002566598644,907.2856824155417,914.2418705611154,2000020
2017-04-25,918.8128051757812,931.9102903873908,915.3148179166623,925.3714948947518,3148710
2017-04-26,918.3557739257812,931.7115936824655,915.4540310262745,930.141502435647,2187438
2017-04-27,915.295166015625,925.2922600064668,905.3577547195787,916.6467121789066,5773186
2017-04-28,903.5690307617188,913.7449788603519,901.5219628299199,911.8568706930495,2540510
2017-05-02,910.2268676757812,915.0366124060844,906.2916925655396,911.8566415549772,2382696
2017-05-03,929.0682983398438,932.1290010237549,901.7205282824682,912.2541822386002,3514406
2017-05-04,926.20654296875,934.1166837278358,917.7398489370185,934.0967894957708,2708208
2017-05-05,922.3906860351562,927.1606443339806,915.2357485869198,917.4219794738809,1682474
2017-05-08,931.1152954101562,933.0828829120196,921.2772608558331,922.5890182054109,1071782
2017-05-09,935.1300048828125,938.4888294419546,927.1800783309959,931.7114976475307,1790270
2017-05-10,927.1405639648438,936.5612103047113,920.6017668519523,936.1041282108583,1206388
2017-05-11,933.8980102539062,938.0916171889053,923.2848745023431,933.0434317088018,2071302
2017-05-12,938.349853515625,942.0266952770409,922.2115576330724,931.4533490874417,2314446
2017-05-15,940.1189575195312,945.2267290271133,930.7777903006037,944.093922293543,1817604
2017-05-16,965.578369140625,967.9037619658209,943.4378384299185,946.0414593341493,3601026
2017-05-17,975.9931640625,978.1396065511439,963.1341122314016,967.3078258832504,2876198
2017-05-18,1008.1304321289062,1022.3608238133858,970.7856617255993,973.8662590757368,5138594
2017-05-19,996.583251953125,1009.85969249144,988.1762402955766,1008.1305440011457,1786044
2017-05-22,1006.2025146484375,1015.1063948691265,997.7159279966745,997.7159279966745,1663940
2017-05-23,1002.366455078125,1019.2401545262367,999.3057528098634,1006.9376627779315,2748596
2017-05-24,1017.2532348632812,1021.5661111544648,1005.5270868947767,1007.5742523095312,2534548
2017-05-25,1043.269287109375,1048.4168470516488,1020.7709478062227,1024.3484160812445,4094094
2017-05-26,1024.8450927734375,1044.1634566215196,1019.4391029182073,1043.4280494638895,1362550
2017-05-29,1022.6991577148438,1032.0999134094816,1019.1812740157561,1025.1437229667063,1749290
2017-05-30,1014.0532836914062,1023.9310127463817,1003.6785870037685,1017.5909634572861,927634
2017-05-31,1012.2642822265625,1022.5593992651047,1004.8708110173701,1006.8582928429582,2502730
2017-06-01,1015.0466918945312,1019.1806150094851,1005.6657394594373,1005.6657394594373,1080064
2017-06-02,1019.5385131835938,1030.2511191741066,1014.6095964692937,1016.1002080214033,1355648
2017-06-05,1035.0606689453125,1041.4007167339332,1017.6503082663472,1019.5782045080814,1500188
2017-06-06,1071.6502685546875,1076.7978274015384,1045.4155067873992,1045.8130031778126,5946720
2017-06-07,1039.552978515625,1073.240815215443,1024.1698795732173,1072.0483254207593,4927776
2017-06-08,1002.3267822265625,1035.4580430283936,999.9020158011725,1032.6954629502868,3330714
2017-06-09,996.5233764648438,1012.5821906221806,988.1759528885526,1001.6908291549287,3148034
2017-06-12,988.6531372070312,998.8687764201835,981.9751775314003,992.5486217715685,1626506
2017-06-13,985.3773803710938,997.2547433145975,983.5485312325818,990.7834611721757,1175414
2017-06-14,992.8733520507812,995.20462645604,986.7638763932061,986.7638763932061,1489142
2017-06-15,969.1590576171875,992.6725803522268,966.6670457738368,992.3912415865293,2997198
2017-06-16,964.5367431640625,978.7252645721597,959.2311473927964,970.666336710151,2450426
2017-06-19,977.3988647460938,983.287352976433,966.72732298328,971.4501246822447,1644742
2017-06-20,982.744873046875,984.3526356203668,956.7393330466527,977.1177040396535,1670958
2017-06-21,967.1893310546875,981.5988374074268,963.5316336827545,980.7347046860327,1657818
2017-06-22,962.587646484375,977.1177623575002,958.6284916588392,968.2750676755318,5775882
2017-06-23,949.262939453125,970.2643323531057,946.1680169675516,964.4160779578261,1424756
2017-06-27,941.6864624023438,958.5076156415586,937.1646311880359,944.8015016833115,1974330
2017-06-28,944.5803833007812,947.775790959821,938.5311585628424,944.5200333419228,1789726
2017-06-29,937.8277587890625,953.4230712645309,933.7481015868908,948.1777276260145,2471826
2017-06-30,949.5241088867188,955.4124975222675,933.7479454337322,934.2703895409159,1753848
2017-07-03,954.0462036132812,957.8445224829006,941.7870158760809,947.5346876881911,1475956
2017-07-04,951.3333740234375,956.799708602064,944.5807507156728,953.9258718823861,1215134
2017-07-05,946.9719848632812,950.5894500007047,942.5506385842082,948.9013192292448,815856
2017-07-06,943.5751342773438,949.3429197031007,940.5806981498282,948.1773318832538,1026788
2017-07-07,937.30517578125,947.1527185190778,934.7126790538238,944.5602217916517,1232090
2017-07-10,978.7050170898438,982.7043055052078,956.19634871633,967.0688590477517,783608
2017-07-11,995.1243896484375,1010.8000704105649,975.1077315107954,975.1077315107954,3537504
2017-07-12,980.513916015625,998.1390494806271,976.7558305175504,997.8174773946363,2646450
2017-07-13,983.3070678710938,993.5967825409907,975.3487255440549,982.7443904986741,3131960
2017-07-14,963.6321411132812,974.7056204687292,954.6085973662812,957.8241210626729,4508432
2017-07-17,962.82861328125,973.5403894011142,957.5029002060361,963.7329796525128,2211822
2017-07-18,968.0133056640625,981.9405027693971,963.1095537528709,963.1095537528709,1908002
2017-07-19,984.593505859375,988.7736478829752,970.7265583585771,970.8872953094823,3915576
2017-07-20,982.623779296875,987.5274330651007,976.9162446443503,984.4526279346533,1182504
2017-07-21,1001.3142700195312,1004.8513664554578,978.5443773076571,978.6849976209511,2148416
2017-07-24,1020.0570678710938,1023.8056673580784,1000.4274277097444,1000.4274277097444,2271402
2017-07-25,1036.5029296875,1039.929052534999,1015.0996993599108,1018.0623273024316,2678832
2017-07-26,1030.2545166015625,1037.912903070823,1026.6268598529655,1031.866808489828,1459826
2017-07-27,1000.3065795898438,1041.8634591768393,994.1798876182816,1024.692504260797,4255304
2017-07-28,1001.3550415039062,1004.881932958621,984.3050208472288,1000.0248799025285,1382752
2017-07-31,1004.3777465820312,1015.3413171454065,992.769219582825,995.9938049489081,2019662
2017-08-01,1008.3475341796875,1016.0462678658947,1004.0548460791208,1007.6825030902457,1747460
2017-08-02,997.1221923828125,1010.9072718632821,992.3659104176237,1007.6826872640371,1251024
2017-08-03,1003.4302978515625,1008.4888848810905,994.1596166556133,999.6212767806172,1882548
2017-08-04,1016.8726806640625,1019.0895823746243,1002.8457192504802,1003.974343438976,1387890
2017-08-07,1009.073486328125,1015.7443668312801,1000.1051084860632,1014.3336107662366,1885520
2017-08-08,1008.9121704101562,1019.2107080799634,1006.1914269102583,1012.5196550731613,1073958
2017-08-09,1012.5195922851562,1016.8929746319557,1004.9821452563747,1007.6827152519469,992946
2017-08-10,1012.2978515625,1015.986029231855,1002.1807764535396,1011.3103422129448,1526172
2017-08-11,1006.090576171875,1021.7902528809923,1000.830452821895,1007.6423484784964,1394736
2017-08-14,995.3488159179688,1011.6732787991801,992.7691870721928,1008.8921133746238,786504
2017-08-16,1004.5986938476562,1025.336773058276,993.6552065255403,1001.2329960643242,1373340
2017-08-17,1001.8987426757812,1009.6982475433695,992.4064486546405,1007.965013305402,1752374
2017-08-18,1013.2449340820312,1027.7958104386698,996.1545797200537,997.2026088898924,2837356
2017-08-21,1019.291748046875,1027.4338087645594,1005.3857196426469,1009.9001207766197,2304834
2017-08-22,1006.6953125,1023.6042105715904,1004.4582369538899,1016.9535039464945,1131326
2017-08-23,1003.4302978515625,1014.4543863754396,996.8601867139993,1009.6981041675186,1562272
2017-08-24,1006.31201171875,1014.9175605454838,1002.0998204760884,1006.7553329398553,1623908
2017-08-28,1002.5638427734375,1009.8594075778569,991.9629994893002,1009.5370277904461,2036796
2017-08-29,995.9331665039062,1006.0704151788599,993.1519031872675,1000.427392016799,1312602
2017-08-30,1001.4552612304688,1003.6519898804299,991.600143902705,1000.0243320856814,970782
2017-08-31,1006.2117919921875,1009.4564524296001,994.2404395861421,1001.6368719468364,1784664
2017-09-01,990.1290283203125,1006.8969108699907,982.107911927574,999.6214207673736,1702330
2017-09-04,990.0283813476562,991.963152403014,982.692468735696,988.7789134625092,1062544
2017-09-05,1001.3746948242188,1003.652018475421,982.30931752288,991.5598254817412,1165994
2017-09-06,988.8186645507812,997.5452540502561,987.5288506312556,994.8445862233344,1228764
2017-09-07,991.6001586914062,994.9455866490221,987.9523275065357,990.7536658307341,870636
2017-09-08,995.8323364257812,997.2027454603344,988.5568480478106,989.0405160360937,1021134
2017-09-11,989.3228149414062,1000.8103990383515,987.529159211083,996.0742898054004,732764
2017-09-12,1003.027099609375,1006.4733938270081,990.350472019607,997.1623671206319,1396460
2017-09-13,1003.3295288085938,1020.4399620171329,997.6865054762546,1007.6827379177017,1278980
2017-09-14,1002.4229125976562,1006.7157013823394,996.3566410291764,1000.4277198642484,1081510
2017-09-15,1010.12109375,1014.5347233418813,1001.6363875663786,1007.279409468161,2944072
2017-09-18,1007.2998046875,1015.3209196521881,1003.3496688048164,1009.6778965073584,726600
2017-09-19,1006.9773559570312,1009.6980993384822,1004.2566125755802,1009.6980993384822,782754
2017-09-20,1005.0828857421875,1013.3257104437708,997.3237290492509,1013.3257104437708,1334642
2017-09-21,1017.7194213867188,1024.2089388744332,999.6214751706393,1004.0754534409126,2438740
2017-09-22,1009.1337890625,1018.5253129766925,1004.4581020339266,1015.7038014541253,2435396
2017-09-25,1012.0158081054688,1021.3872578867899,1004.7604921457363,1006.2921896407618,1599558
2017-09-26,997.464599609375,1018.3236281858605,993.9780573838274,1011.7132700865396,1449230
2017-09-27,1005.6671752929688,1012.6000114894404,997.1018736997922,1003.6518102122213,2010356
2017-09-28,998.1903686523438,1013.3257833878295,988.3352509415107,1005.5464527998489,4332866
2017-09-29,981.865966796875,1001.233650285022,976.0415797766428,999.2182846443517,1985014
2017-10-03,986.9044189453125,989.2624361984123,978.278693033318,983.4984705625799,1923006
2017-10-04,984.42529296875,989.1412277965037,977.4521097826085,987.3677458052724,1300778
2017-10-05,979.3065185546875,984.8890223757744,977.2104595480216,983.9015128860142,1684686
2017-10-06,986.1787719726562,989.5444717585569,978.681671271269,979.4676441439077,1389188
2017-10-09,989.181640625,994.764143488712,983.9215174856181,983.9215174856181,1773616
2017-10-10,991.2573852539062,995.5702471512234,988.0328008960608,989.5443248138009,1222010
2017-10-11,1007.8235473632812,1013.5068172384639,990.2495263785813,991.5595135407794,1527746
2017-10-12,1027.1107177734375,1029.8516341719085,1010.5041279330624,1012.9225662129181,5006356
2017-10-13,1031.3028564453125,1051.597527660182,1016.9534149533598,1027.1108372287845,4066320
2017-10-16,1041.701904296875,1043.959152638153,1029.8717698543169,1029.8717698543169,1218590
2017-10-17,1045.79345703125,1054.0161098973244,1038.9412135073444,1041.9440887821029,1443016
2017-10-18,1042.5889892578125,1053.4920386137278,1039.9286672580306,1045.9747641606937,1514144
2017-10-19,1041.500732421875,1046.2973622248182,1036.3011278524411,1044.7656644860083,86822
2017-10-23,1043.1126708984375,1059.679012046938,1026.8083862673384,1041.5407254200409,1886088
2017-10-24,1039.283935546875,1056.4145471407523,1035.5152600401498,1056.0518206107947,1339020
2017-10-25,1034.6356201171875,1056.5012751124189,1032.6552249090398,1042.1532279561484,1105106
2017-10-26,1026.1279296875,1038.37421231861,1017.6604819392418,1024.6122908792536,3007552
2017-10-27,1044.497802734375,1048.0746523172177,1022.6725965733363,1025.7846895688197,1409270
2017-10-30,1057.3902587890625,1058.9261255763017,1043.446384234718,1045.1843361604263,1137252
2017-10-31,1060.54296875,1067.0096941692073,1051.3683217963794,1051.3683217963794,1592634
2017-11-01,1051.9952392578125,1061.6953313856388,1042.2951471299862,1060.5434059756835,741882
2017-11-02,1061.4122314453125,1080.7518277428694,1053.5713638626494,1054.2786621792352,1468422
2017-11-03,1058.967041015625,1065.6762113158202,1051.9748724594185,1063.9382586369072,666886
2017-11-06,1077.3363037109375,1079.8623684161018,1055.591918994004,1058.9263244048207,1377000
2017-11-07,1095.3221435546875,1118.7438013074345,1077.538643822922,1079.1350973594112,2696892
2017-11-08,1105.406005859375,1115.1060951246857,1098.6361518929602,1100.5559612267195,1402252
2017-11-09,1105.971435546875,1111.4681904311217,1099.0601834582753,1111.4681904311217,1152432
2017-11-10,1094.7969970703125,1101.7689391836352,1088.5728099577648,1100.2330713310273,1356566
2017-11-13,1115.0858154296875,1122.5427389735123,1092.0885609938468,1092.0885609938468,1496996
2017-11-14,1097.1607666015625,1114.1156914269063,1094.2911179213747,1114.1156914269063,1657252
2017-11-15,1093.402099609375,1113.4893468577352,1091.8056464150043,1093.684999127779,6670834
2017-11-16,1110.114501953125,1116.7227269406142,1085.9855507150223,1095.3016974336101,1653482
2017-11-17,1094.21044921875,1110.7006198504441,1092.7150386026947,1110.7006198504441,1325464
2017-11-20,1092.6546630859375,1102.1324410954694,1089.360713147736,1097.32285185912,1014498
2017-11-21,1080.3272705078125,1091.664270167987,1077.51830591183,1091.664270167987,1527740
2017-11-22,1083.4390869140625,1095.1802539906116,1080.104681903089,1080.3472235554614,1822624
2017-11-23,1083.681640625,1088.4306417540793,1078.7305543414918,1083.5805980477855,793470
2017-11-24,1086.430419921875,1092.432292021612,1080.3880913065457,1083.9851689148286,2287512
2017-11-27,1085.5408935546875,1089.6027263315946,1075.9822062810565,1086.4098202730202,1856786
2017-11-28,1085.3184814453125,1092.229734084888,1079.1346563761451,1085.6013809087362,911716
2017-11-29,1074.3455810546875,1088.4309599053324,1071.051631544423,1082.1663182868651,1447532
2017-11-30,1065.7972412109375,1077.9021237795332,1060.1388561608983,1072.526638247115,4299962
2017-12-01,1062.947998046875,1078.3267025767539,1059.5327776630286,1064.9890784444326,1031144
2017-12-04,1063.91796875,1074.486985010164,1052.035300044018,1059.734765731296,1259104
2017-12-05,1065.2115478515625,1071.7388617536024,1062.220627040002,1063.3725523989199,1167914
2017-12-06,1064.3017578125,1069.0305309745588,1056.0364942360638,1065.3929979769139,1407518
2017-12-07,1057.8153076171875,1069.4149819614324,1056.9059239350254,1063.8980937594272,1326300
2017-12-08,1051.4493408203125,1069.030753976447,1049.6305739420916,1058.1181527071221,1385548
2017-12-11,1075.53759765625,1080.205685563929,1054.2176148693056,1054.2176148693056,1008002
2017-12-12,1055.75341796875,1075.9013470517784,1053.833609028669,1075.4971767486036,1882246
2017-12-13,1062.3214111328125,1071.6375583355039,1051.2471819423615,1055.4505145188102,2961458
2017-12-14,1033.786865234375,1063.7762832726069,1022.9955374147788,1063.7762832726069,5504150
2017-12-15,1028.856201171875,1044.558161876925,1025.3197102012223,1036.1918544012349,2718138
2017-12-18,1042.961669921875,1046.376889912178,1008.1424310100192,1025.3802583188517,2180664
2017-12-19,1040.860107421875,1049.9539419160922,1036.575861479276,1041.1430069823666,1801952
2017-12-20,1046.3768310546875,1047.9126981535578,1030.8970865722292,1043.5678667949035,1577570
2017-12-21,1049.10498046875,1054.0762956162382,1042.7797538240968,1045.5887180825184,1293648
2017-12-22,1069.7379150390625,1076.6693973386098,1046.8820611319102,1052.4596319114835,3665664
2017-12-26,1070.8294677734375,1087.1175579933629,1063.6150838476283,1085.601918680239,2175786
2017-12-27,1058.8857421875,1074.4867554241825,1055.0865807917355,1070.8289944304786,739284
2017-12-28,1061.7357177734375,1072.4664647132008,1053.1268660436776,1054.4000623743452,2605088
2017-12-29,1091.7449951171875,1094.8570872638256,1058.3403531573922,1060.1793480949898,2609542
2018-01-01,1069.273193359375,1089.1583562565497,1064.9889478753878,1084.1062265227956,1351760
2018-01-02,1063.4530029296875,1078.9732035414124,1059.0071290891167,1075.093128719881,1920290
2018-01-03,1066.464111328125,1078.730721573366,1063.45306179522,1063.7764178273135,1257120
2018-01-04,1073.9212646484375,1075.9016602407207,1067.009910982533,1071.0516151908002,913082
2018-01-05,1086.895263671875,1091.0582394602686,1071.0518001739997,1071.0518001739997,1153706
2018-01-08,1097.0799560546875,1102.1119558401708,1083.9242901318744,1091.2599424977932,1242220
2018-01-09,1094.8978271484375,1099.7478728943886,1081.782514845315,1097.322850021413,2149396
2018-01-10,1134.3448486328125,1138.1440114740697,1089.0978868507548,1095.706113318964,3365850
2018-01-11,1127.83740234375,1140.5283123216116,1124.4827685829048,1135.718724452943,2520744
2018-01-12,1122.1185302734375,1133.6979727715525,1107.6492102087075,1133.6979727715525,3360314
2018-01-15,1109.8922119140625,1134.9103165302072,1105.426109915059,1122.4416220515595,1457214
2018-01-16,1152.22900390625,1156.5939644517696,1111.690700805715,1113.8934093294883,4267752
2018-01-17,1167.628173828125,1182.1985379365526,1156.796386292659,1159.9691637189421,4280806
2018-01-18,1179.4501953125,1185.431937747235,1159.1810865797397,1170.8818014503036,2209478
2018-01-19,1196.0616455078125,1205.236295088321,1173.569500514536,1184.4417449431617,1820000
2018-01-22,1262.5430908203125,1269.9569661038558,1183.7861080031655,1199.586127925179,4367110
2018-01-23,1256.7091064453125,1273.0560874803116,1251.8678387279456,1261.9555028236869,3239610
2018-01-24,1286.121337890625,1320.3344295698437,1248.8696826972905,1251.8474175742792,5621538
2018-01-25,1264.427001953125,1288.228314076472,1248.201577055874,1286.2836764532294,3833844
2018-01-29,1295.9459228515625,1306.5399983132977,1264.8117441036018,1268.6199141477407,3141060
2018-01-30,1277.3099365234375,1297.9512219894348,1273.6029499357069,1288.3091400901064,1574758
2018-01-31,1260.902099609375,1276.1551525840619,1255.3315810861907,1270.8884805257783,3043214
2018-02-01,1271.5367431640625,1292.3603149449746,1251.3613178387363,1265.621825670251,2400630
2018-02-02,1277.634033203125,1292.3605004122364,1257.2965930723558,1264.0014925661999,2456490
2018-02-05,1257.1953125,1291.550244687412,1246.5202310208335,1259.9502073330775,2757742
2018-02-06,1214.2720947265625,1246.6418409230403,1209.3092677483658,1219.4374860712162,2657306
2018-02-07,1197.17529296875,1227.9447904536437,1194.0962760357475,1226.324276048558,2180324
2018-02-08,1204.9339599609375,1226.5678954804912,1198.7760224794565,1207.1824444012032,2755004
2018-02-09,1203.9210205078125,1212.955410918575,1173.5160897076196,1195.1297468970595,2102458
2018-02-12,1202.138427734375,1224.8459114616398,1197.3781654442648,1206.5948434953293,1974562
2018-02-14,1179.654052734375,1205.0353323428292,1171.8350471583458,1203.2325289750345,2847532
2018-02-15,1185.3453369140625,1192.2932515690136,1176.9389200027283,1187.816561576733,2465236
2018-02-16,1188.262451171875,1215.2237790829727,1184.1908889904946,1184.1908889904946,2515756
2018-02-19,1184.4339599609375,1196.466259044985,1172.9282489059524,1193.1036720382167,1568224
2018-02-20,1193.0023193359375,1209.3290199798987,1186.1758635807994,1186.2164159998727,1889068
2018-02-21,1232.5230712890625,1240.7472037307643,1199.2012355113673,1204.8527611290704,3089228
2018-02-22,1235.7236328125,1247.3913600214637,1224.5015867700145,1236.4528843083817,3463010
2018-02-23,1246.0950927734375,1251.4427727653112,1212.1858344455475,1235.6427507070896,3362500
2018-02-26,1228.22900390625,1251.8277572887819,1223.9751513651927,1245.7711013096234,1363882
2018-02-27,1232.543212890625,1247.208850536417,1228.3500917147308,1231.996249638686,1717800
2018-02-28,1229.5859375,1241.2941179073441,1224.0761473622038,1229.5656612823889,2706864
2018-03-01,1230.6595458984375,1240.1800712279576,1223.4887870276673,1235.2375204130324,1718124
2018-03-05,1258.268798828125,1261.4287230249306,1228.734862267404,1235.2371965801055,2858168
2018-03-06,1232.7254638671875,1266.8372760797313,1227.6005271501183,1264.811632849671,1906764
2018-03-07,1226.5074462890625,1251.44314941371,1222.8815624814774,1243.7457004532503,1917772
2018-03-08,1216.986328125,1237.6276154309417,1210.3219808489457,1237.6276154309417,1951826
2018-03-09,1229.20068359375,1240.98986611331,1206.1488076819414,1217.4114021658438,1872436
2018-03-12,1236.5135498046875,1249.3763863174524,1229.7681963621314,1232.8066616801075,2091340
2018-03-13,1169.5255126953125,1190.9567806611078,1163.5295883497192,1184.9608563155143,88067154
2018-03-14,1169.5657958984375,1184.211255136743,1164.7650810045716,1172.0168438780179,3668668
2018-03-15,1162.597900390625,1175.9064187767326,1156.8856446245172,1172.8476770738448,2348906
2018-03-16,1144.7720947265625,1163.5295724484747,1136.3859508070932,1162.2331804502617,7197482
2018-03-19,1146.91943359375,1153.8066219975274,1142.4630175677764,1146.1091761344821,3489940
2018-03-20,1160.633056640625,1164.0158221180473,1142.0578652078934,1142.462993929145,4024984
2018-03-21,1157.3515625,1168.5128794014374,1154.6169434234707,1163.732340345235,3907678
2018-03-22,1147.0609130859375,1165.1295894885768,1143.4957615872424,1158.6475318212586,2326094
2018-03-23,1141.713134765625,1148.1750151202552,1133.5701091776075,1135.1703473802886,3654122
2018-03-26,1141.247802734375,1145.461102591832,1126.8860068941394,1142.058060315301,2964210
2018-03-27,1153.684814453125,1159.8833024596074,1143.698432987608,1144.4884140581175,2494574
2018-03-28,1154.2724609375,1164.7450779846442,1144.4886418457806,1148.9045053607013,6865654
2018-04-02,1178.78271484375,1180.5450643006175,1150.5655396752757,1150.5655396752757,1662988
2018-04-03,1179.430908203125,1186.9865187687544,1171.6727332908742,1171.6727332908742,1937290
2018-04-04,1179.2889404296875,1188.6474517501651,1171.6320485553774,1186.804096622391,2841820
2018-04-05,1198.3504638671875,1200.7002301980485,1183.1176835140457,1185.6294617677065,1809424
2018-04-06,1195.2509765625,1199.180704359304,1185.6291719244819,1196.7499326612785,1129018
2018-04-09,1184.5557861328125,1200.598922483867,1180.950180205997,1190.9568394812989,1235866
2018-04-10,1190.10595703125,1198.0666954084843,1185.2848667705646,1185.2848667705646,1184532
2018-04-11,1221.118896484375,1225.5145833964446,1193.3473972005704,1195.3730411400686,3124416
2018-04-12,1271.800048828125,1276.1551815906964,1218.606640048721,1219.4371735199989,6114360
2018-04-13,1277.4923095703125,1312.9410697125463,1268.9036011803826,1276.155365120417,8179118
2018-04-16,1291.408447265625,1296.3915500043358,1260.2540901301056,1262.3810157824992,6270274
2018-04-17,1282.88037109375,1294.3657085146315,1275.0208162546123,1291.408249706821,3301724
2018-04-18,1279.841796875,1293.757904907932,1274.473842937366,1282.6371446452206,2433066
2018-04-19,1292.8262939453125,1303.379915402839,1282.536065463872,1288.2685964845311,4820952
2018-04-20,1378.4302978515625,1386.4924193344368,1312.6171520909043,1316.6684395973577,18465662
2018-04-23,1380.942138671875,1441.4076074356403,1373.2042385302234,1387.160904838406,15185910
2018-04-24,1371.623779296875,1394.9186767565836,1354.1425175491515,1381.488701523592,8314336
2018-04-25,1405.8973388671875,1411.0627278364423,1363.2778355456696,1371.3601302688364,8196574
2018-04-26,1433.851806640625,1442.2582274890515,1404.5812569394777,1404.5812569394777,12135034
2018-04-27,1398.4837646484375,1435.7758750909795,1385.5399246081122,1428.0784310653787,4501330
2018-04-30,1430.955078125,1437.8017133873054,1392.6704171176457,1398.4839544441102,3458558
2018-05-02,1417.8489990234375,1430.9954039916217,1406.3231086623236,1430.3067050652894,3158046
2018-05-03,1410.5972900390625,1428.483681140019,1405.9584876710046,1421.9206165103283,3761550
2018-05-04,1410.1513671875,1416.7347069035948,1405.7962347599296,1414.7090639140272,2347244
2018-05-07,1385.9246826171875,1413.898832596797,1381.853120351965,1413.898832596797,3484426
2018-05-08,1394.1290283203125,1412.4813803927661,1376.1007990280486,1391.4956914573975,2992820
2018-05-09,1413.6156005859375,1415.8235322315927,1393.7237417415029,1393.7237417415029,2615050
2018-05-10,1398.199951171875,1422.467112499577,1393.7232607750823,1419.1450780691164,3858678
2018-05-11,1400.509765625,1411.8736464635786,1394.6556751652422,1399.3956615998136,2627876
2018-05-14,1391.0296630859375,1406.2017130693002,1381.8129851912884,1400.5299112879777,2433894
2018-05-15,1410.8203125,1416.2490970683398,1391.0905622536834,1397.6941806278924,1952890
2018-05-16,1415.4788818359375,1421.596363716785,1407.9232724442168,1409.8273572249475,1648450
2018-05-17,1414.6282958984375,1431.3803068946256,1408.227243193159,1423.1967276220691,2968048
2018-05-18,1418.781005859375,1425.1212305504232,1400.9350665629233,1410.172020849409,1874996
2018-05-21,1440.9412841796875,1455.2220686788326,1425.2628256601704,1429.5774060944407,3446178
2018-05-22,1421.555908203125,1448.3146758402438,1415.3979723844527,1441.4477648702161,1857416
2018-05-23,1415.96533203125,1436.1812142138162,1410.25297790643,1428.078640367758,1507298
2018-05-24,1459.9622802734375,1464.540254377232,1418.9025457647601,1422.0017407646155,2962316
2018-05-25,1452.7103271484375,1488.7667768544004,1447.3423725573812,1468.5913503833242,3769772
2018-05-28,1418.781005859375,1465.1479665196102,1412.2786703407608,1465.1479665196102,3716798
2018-05-29,1427.4710693359375,1435.7762082379913,1413.0889995299417,1430.0638536249337,3525312
2018-05-30,1423.6627197265625,1431.3196121387098,1410.8606140031295,1421.6168001313308,3779106
2018-05-31,1422.4375,1437.1434959690612,1410.2232935090678,1416.6776116862172,5049371
2018-06-01,1415.4111328125,1435.8770158037178,1402.2166670470006,1433.017516767978,1603856
2018-06-04,1425.051513671875,1428.9322616666816,1399.1934570865164,1425.6642633552656,1681483
2018-06-05,1406.5462646484375,1431.3013884299417,1398.0086600974403,1424.8470726842359,2449568
2018-06-06,1409.9371337890625,1417.4127004681661,1401.3177476635742,1407.690384771001,2236512
2018-06-07,1417.9437255859375,1428.932330545198,1408.3439800834183,1409.3243397315418,2414762
2018-06-08,1427.3800048828125,1435.7134607798373,1417.4943295051655,1417.4943295051655,2582138
2018-06-11,1429.504150390625,1440.3702848884107,1424.0302930008506,1427.3799713915212,2179378
2018-06-12,1455.076171875,1458.3441700150897,1432.200184894371,1435.468183034461,4608875
2018-06-13,1490.2890625,1496.4574498364898,1468.9653912825024,1483.6713851885563,5370983
2018-06-14,1460.4276123046875,1496.9883428383469,1457.5272239563878,1495.1092039462947,3819998
2018-06-15,1503.320068359375,1509.079855372904,1461.2853814915916,1470.5991963480742,9183574
2018-06-18,1494.2926025390625,1526.1147041822503,1488.6961739739234,1526.1147041822503,4674987
2018-06-19,1490.6158447265625,1502.4623395188537,1487.7563459835956,1488.6959155168508,3245034
2018-06-20,1488.940673828125,1500.2561964978267,1485.7952457523297,1496.7430588143884,3107695
2018-06-21,1486.4083251953125,1496.7433909359931,1484.9785757771149,1496.7433909359931,2910659
2018-06-22,1478.6058349609375,1492.658187418462,1470.2315895197555,1492.658187418462,2949458
2018-06-25,1486.326171875,1488.8588500916017,1475.5009297272227,1480.3212461770358,2083217
2018-06-26,1513.0833740234375,1520.436370981435,1487.756384501447,1489.3903838254464,4679712
2018-06-27,1517.9852294921875,1540.1667881794313,1512.470482291395,1519.6192286627927,4081208
2018-06-28,1505.4852294921875,1528.6063596998238,1492.0865148897758,1523.7043617531647,4888125
2018-06-29,1509.6109619140625,1525.6650234793976,1505.1583541311056,1507.2825330758978,3506276
2018-07-02,1512.55224609375,1517.8219535497117,1504.1779998804946,1513.083315799895,2650290
2018-07-03,1531.09814453125,1535.8775722582645,1517.2091512926183,1519.578370354091,3242233
2018-07-04,1524.6441650390625,1535.8779120556612,1517.2911669918342,1535.8779120556612,2700614
2018-07-05,1536.20458984375,1542.0869478449522,1521.3351353289952,1530.2404520866733,2472571
2018-07-06,1562.8795166015625,1569.4564039965576,1537.3074861514467,1538.2878458865755,3713781
2018-07-09,1538.41015625,1572.2339576454285,1533.099659162573,1571.9071378783856,6151747
2018-07-10,1531.9559326171875,1551.4005630227912,1528.402004297427,1550.6652434352623,5303302
2018-07-11,1617.57763671875,1632.365310526488,1547.5199163095176,1552.2993443445082,22903802
2018-07-12,1610.59228515625,1626.564668653324,1601.727858651945,1620.927350964274,6921701
2018-07-13,1618.5579833984375,1632.2836173832661,1612.7573058414382,1613.5743054897875,4148185
2018-07-16,1625.1756591796875,1630.7312966761554,1615.5759133199958,1625.829298790355,2582159
2018-07-17,1639.0516357421875,1644.6593392369398,1621.7372578538466,1628.2864239633018,3315492
2018-07-18,1637.49609375,1646.8695472271022,1631.6018845665799,1641.3846609017623,2013869
2018-07-19,1622.06494140625,1645.8465438911908,1612.7323585328375,1639.0108708859113,1746318
2018-07-20,1634.5081787109375,1637.2915944079004,1624.1932616526374,1624.9300628565904,1934995
2018-07-23,1641.9171142578125,1645.4372315503447,1625.8307028758175,1638.1103909640035,2086201
2018-07-24,1636.47314453125,1649.5714788546618,1624.3162729738056,1649.5714788546618,2038423
2018-07-25,1622.1466064453125,1638.9288448667755,1611.4223667575784,1638.847000275579,1535492
2018-07-26,1608.393310546875,1625.0118597148823,1600.5343311110455,1616.7844297217252,3503036
2018-07-27,1591.242431640625,1608.3521451685895,1588.4181442107724,1605.241251824477,2033977
2018-07-30,1591.9384765625,1600.2067785009235,1581.255209678356,1590.6286633727477,1579251
2018-07-31,1588.336669921875,1593.9035017860065,1578.3492303253317,1589.81027245425,2204803
2018-08-01,1618.053466796875,1622.187668169929,1596.1956633276316,1596.3183802550213,2425180
2018-08-02,1595.049560546875,1625.0119780396237,1592.2661447290016,1620.918748875796,1509287
2018-08-03,1620.468017578125,1622.5965761163384,1601.6801407454795,1601.6801407454795,1505131
2018-08-06,1617.2755126953125,1636.4317416566882,1614.57394197905,1634.8354225540184,1532249
2018-08-07,1610.5623779296875,1620.222435843202,1604.9546756370835,1619.4446625750322,1353521
2018-08-08,1616.0069580078125,1619.5271752449064,1606.1832075032057,1614.3696662570446,1315062
2018-08-09,1616.293212890625,1621.573537925654,1609.4575408799685,1620.91858135419,2060297
2018-08-10,1631.6431884765625,1634.4266046342132,1614.4107515526605,1621.6966204077926,2784105
2018-08-13,1637.4146728515625,1640.7711011698402,1629.1053966960121,1635.4908749072638,3559575
2018-08-14,1640.1978759765625,1657.4303105632705,1622.8834968618066,1630.7424767633524,3311765
2018-08-16,1644.25,1653.7053984494123,1633.198282300224,1637.5371447775178,2152065
2018-08-17,1647.7294921875,1655.2201219633223,1640.5663407495963,1648.6299826675076,1213731
2018-08-20,1645.4371337890625,1656.9391475878972,1640.3205973896434,1656.9391475878972,1587032
2018-08-21,1651.7406005859375,1656.9389810588186,1640.5660662262217,1645.6007575237136,1376866
2018-08-23,1666.026123046875,1668.400215960866,1653.9102246175623,1655.9568392102524,3046791
2018-08-24,1672.4930419921875,1674.9489789114123,1662.6692943152877,1666.0257214517626,1570533
2018-08-27,1678.9605712890625,1685.5916821360097,1665.9441831698784,1672.4933494919223,1532702
2018-08-28,1693.942138671875,1696.2343872762756,1679.8614684801726,1682.3174062995881,1987983
2018-08-29,1696.2342529296875,1700.0001039004178,1674.6219818441118,1696.6435758671707,1525867
2018-08-30,1704.747802734375,1706.8763615963871,1690.9127697253418,1692.9593840677835,2408020
2018-08-31,1701.4735107421875,1712.607174614824,1697.8715488294192,1704.6663495811881,2504554
2018-09-03,1680.597900390625,1710.969739833063,1676.9139942522283,1706.7128216016333,1439711
2018-09-04,1718.2554931640625,1723.0446507709466,1683.9133437559135,1686.2465641007414,4420803
2018-09-05,1702.169189453125,1725.0912706384984,1698.7309172482562,1719.156088903,1681106
2018-09-06,1698.93603515625,1704.0116002380585,1686.6563455076453,1698.6904013903297,2238097
2018-09-07,1702.6605224609375,1706.0578225359448,1690.8309309301972,1702.210227304508,1312182
2018-09-10,1703.3973388671875,1713.7531288416071,1698.0761408844232,1706.3853162500873,1530539
2018-09-11,1675.1536865234375,1710.1507885876413,1671.8381316181064,1710.1507885876413,3679745
2018-09-12,1673.27099609375,1693.6961682590068,1670.0373852472146,1680.1477405400535,2307661
2018-09-14,1690.830810546875,1695.865601704441,1652.1498997424173,1673.3118718733297,3642038
2018-09-17,1697.9945068359375,1700.9826846299397,1681.949165288196,1694.5972059100832,1033857
2018-09-18,1695.2108154296875,1701.8009541901242,1684.4457029463026,1697.052768506938,1456507
2018-09-19,1701.063720703125,1710.1507673881028,1692.0178461383491,1696.1518467900908,1301268
2018-09-21,1721.7352294921875,1736.3481403219828,1678.3469921338353,1700.3277168546715,4508530
2018-09-24,1799.7515869140625,1809.6163075046993,1717.6413837912883,1731.435643688052,3032226
2018-09-25,1787.2672119140625,1810.7623030006548,1763.1991088233426,1805.0317832300386,2868778
2018-09-26,1753.6622314453125,1800.2023307187878,1747.8909377529299,1790.3785799372392,1970951
2018-09-27,1791.892822265625,1808.9614661622275,1748.4636254386037,1753.457244573703,3311802
2018-09-28,1787.6763916015625,1792.8338989550487,1767.3331679637179,1783.0101515635142,2904371
2018-10-01,1846.49658203125,1863.1968764765347,1793.1209156167445,1793.5710109169047,3772208
2018-10-03,1770.6077880859375,1846.0459032553663,1764.6726072439856,1842.198308751446,3902322
2018-10-04,1690.3399658203125,1765.5324661015472,1683.422448464016,1765.4916937014234,4762419
2018-10-05,1721.3255615234375,1735.5291465127127,1654.401365357952,1678.2239388448402,3417624
2018-10-08,1700.7777099609375,1737.330166880576,1676.709402273998,1721.3256006876804,2010154
2018-10-09,1712.4429931640625,1725.4184066653263,1680.8431914507366,1703.0695405401693,1867130
2018-10-10,1672.9847412109375,1724.0272930881658,1661.0325310577139,1719.1563899562343,2749573
2018-10-11,1620.877685546875,1647.9339687726383,1588.9914721250327,1625.0118867430137,4700256
2018-10-12,1570.4083251953125,1619.2814409476368,1557.8830041068518,1619.2814409476368,9373289
2018-10-15,1595.949951171875,1600.9027981233155,1571.7999006155424,1588.1728162469542,2638151
2018-10-16,1606.4287109375,1614.2876907172533,1584.079640379363,1602.9084939859392,2815425
2018-10-17,1579.4951171875,1628.2863835041217,1571.7998272136317,1612.7321143806532,2779207
2018-10-19,1566.2333984375,1579.168044477186,1530.908905485939,1579.168044477186,3428776
2018-10-22,1557.8828125,1568.5252069101418,1544.7435086591584,1566.8879154624278,1778496
2018-10-23,1512.4752197265625,1557.062310648333,1507.0197390205415,1548.8586103814819,2752811
2018-10-24,1516.45458984375,1537.3740337393497,1485.7727187682979,1519.366944639303,2735913
2018-10-25,1520.1461181640625,1539.7529877469353,1497.2168090562368,1512.7627856959152,2507233
2018-10-26,1475.927978515625,1520.884304671491,1469.365017041358,1520.884304671491,2285970
2018-10-29,1534.91259765625,1540.6141303162215,1463.8275019532216,1483.8034956889123,2609483
2018-10-30,1554.4373779296875,1566.414761918926,1513.5829049898978,1531.6310480304278,2404883
2018-10-31,1590.0003662109375,1594.7174943953137,1538.56309966256,1558.7032261416832,2769190
2018-11-01,1588.0316162109375,1595.0867799093028,1559.7699028502966,1594.5125608258772,2769759
2018-11-02,1569.7373046875,1603.4955581354122,1562.8052166184304,1586.7599861808503,1818635
2018-11-05,1551.1968994140625,1581.1404103005189,1546.192661458867,1566.9070080310046,1713366
2018-11-06,1585.5296630859375,1589.4674806435146,1551.3202611080703,1553.781372045841,1398710
2018-11-07,1593.2821044921875,1598.9016206882009,1589.057177667032,1591.518288422324,144530
2018-11-09,1566.2509765625,1609.5255109887971,1562.8054612719584,1608.746199241108,2570479
2018-11-12,1570.885986328125,1596.5225571815322,1565.6766551592837,1565.6766551592837,2552008
2018-11-13,1587.37548828125,1590.6980280876228,1561.1646969833657,1571.0091406847848,1418432
2018-11-14,1542.8289794921875,1583.2322051075776,1534.092018289938,1579.212371769054,2422318
2018-11-15,1536.4300537109375,1557.8827509044063,1523.9194102400095,1529.1697986760469,1829123
2018-11-16,1547.71044921875,1558.539396293787,1534.2974160446306,1549.679357790834,1829729
2018-11-19,1560.7130126953125,1564.7328461005704,1529.4159743767643,1557.8827759872236,1740628
2018-11-20,1540.8604736328125,1560.3442677224064,1537.537933951971,1560.3442677224064,1190182
2018-11-21,1486.5108642578125,1534.9537666407937,1475.4769246657984,1534.9127080719466,3840461
2018-11-22,1486.9619140625,1515.7158269341712,1484.828871617583,1493.0736314527953,3194219
2018-11-26,1514.4853515625,1525.8885169597463,1463.950569093907,1492.2533399729991,4333177
2018-11-27,1550.70458984375,1556.9804411709836,1505.666251083575,1520.9661735592183,3344839
2018-11-28,1627.5325927734375,1631.7164611066785,1544.3470276688397,1549.6794344044824,5313249
2018-11-29,1608.3765869140625,1638.2790360221823,1593.6099255978886,1638.2790360221823,4035441
2018-11-30,1614.6934814453125,1633.356901591575,1607.8023524396638,1612.8476486835943,5268901
2018-12-03,1626.3018798828125,1632.5366732798348,1614.7346802665345,1627.6144521543679,1610576
2018-12-04,1649.6414794921875,1656.655685111604,1616.949745408864,1626.794188303286,3270615
2018-12-05,1646.27783203125,1655.5069964066588,1628.4347809054595,1645.6625544062226,2501539
2018-12-06,1634.751708984375,1654.6867455295505,1624.0048790543742,1639.099711238494,2321216
2018-12-07,1636.8026123046875,1643.9398932582535,1618.5904335955718,1628.4759347398,1680420
2018-12-10,1620.887451171875,1649.7644416194637,1607.925562195002,1620.2311149669024,2010786
2018-12-11,1640.7408447265625,1648.9445489501954,1608.7463982543945,1616.1297320556641,2942014
2018-12-12,1654.522705078125,1658.788590178715,1628.3938333727515,1641.6428324969625,2219993
2018-12-13,1626.4656982421875,1665.105108926096,1619.8207206323027,1660.4290395339483,3748429
2018-12-14,1632.3316650390625,1639.879031097444,1620.4362967048162,1626.7941659869134,2473761
2018-12-17,1636.064208984375,1644.7601124330317,1628.4347266311838,1639.9199085822352,1227921
2018-12-18,1630.7730712890625,1642.381330994745,1621.3798714661411,1634.0956110417746,1768742
2018-12-19,1614.857421875,1628.2705526141676,1607.9663934113328,1628.2705526141676,2498833
2018-12-20,1603.04443359375,1620.149132280279,1596.440413409199,1602.839341043209,1940277
2018-12-21,1555.2576904296875,1599.7217102154652,1547.6692669325116,1598.0809699998597,3729956
2018-12-24,1573.880126953125,1590.6156979797872,1562.8051299690921,1563.4614661438004,1864116
2018-12-26,1549.84326171875,1576.5874089714384,1534.297287288986,1576.5874089714384,2446614
2018-12-27,1566.0458984375,1592.9130266942377,1535.8152718626895,1566.0869570110674,4968201
2018-12-28,1555.462890625,1575.1107160097556,1552.9607215658684,1571.0088651868136,2239130
2018-12-31,1553.001953125,1566.0868186506125,1547.3413783302224,1565.2664483946405,1879740
2019-01-01,1561.0008544921875,1566.9074813805569,1546.3982211530627,1555.42229565316,1094883
2019-01-02,1577.8179931640625,1586.9650404751203,1558.7033280835842,1562.805178946962,2100463
2019-01-03,1558.6622314453125,1595.5788883139724,1553.042715928318,1574.2903229101817,2611668
2019-01-04,1539.7117919921875,1559.6877863615216,1510.301540309675,1558.7033821772852,4280862
2019-01-07,1556.9805908203125,1565.9226458463154,1543.1163146948045,1551.9763527310513,1856423
2019-01-08,1553.411865234375,1563.9536011422908,1545.003071588542,1563.1332310305024,1691756
2019-01-09,1547.9974365234375,1574.2903402623929,1531.3849407494336,1564.7740664154824,2414376
2019-01-10,1549.3099365234375,1562.804984124493,1535.8147887795512,1550.4994330683949,3053461
2019-01-11,1511.5728759765625,1538.1938440470726,1505.379042040735,1534.0919937962803,9209862
2019-01-14,1487.5362548828125,1518.5052297190603,1484.870051751215,1517.6848595247225,3615370
2019-01-15,1532.28759765625,1533.5591114618962,1483.2294165002618,1484.87015700524,7711653
2019-01-16,1534.21533203125,1538.194107427226,1515.223742089646,1534.0922564740868,2359280
2019-01-17,1557.3585205078125,1560.4003567187904,1538.4495593884594,1543.9577818323962,2625816
2019-01-18,1562.578857421875,1565.497353949853,1542.313365884988,1546.424009184255,1683728
2019-01-21,1569.196533203125,1588.3521662412613,1558.3033312348555,1563.6883127281983,2409803
2019-01-22,1563.6065673828125,1577.0483513223214,1553.823215951616,1567.8815964053913,2457093
2019-01-23,1541.984375,1567.0592971847307,1537.3804749326632,1562.866461415504,2578169
2019-01-24,1563.3187255859375,1566.360561352664,1541.491170469096,1549.548071129747,1962927
2019-01-25,1579.1446533203125,1590.818839284727,1562.8664669148661,1563.6885955139796,2327080
2019-01-28,1607.2613525390625,1613.0162525225783,1583.0085597513887,1589.1745240194414,2769033
2019-01-29,1630.0751953125,1635.254644725681,1592.175093581496,1613.0160298590972,2557626
2019-01-30,1628.965576171875,1635.6247975480464,1606.9736368230888,1627.4857045960625,2429575
2019-01-31,1655.8492431640625,1660.4942899657547,1631.925320253508,1633.5695775031338,4094319
2019-02-01,1668.8798828125,1672.826140167836,1642.6951074229614,1652.067393373764,3064163
2019-02-04,1685.569091796875,1689.8441201954436,1663.1660883819427,1668.879841770461,1590764
2019-02-05,1680.883056640625,1689.4742603030613,1667.2767882698822,1685.363617333954,1111404
2019-02-06,1705.752685546875,1715.659376633158,1678.005841618602,1685.2815602641167,1789812
2019-02-07,1712.4117431640625,1724.7848199112814,1699.3399774695313,1705.7114747241947,1339945
2019-02-08,1694.7359619140625,1717.8378578524485,1686.1859040226714,1705.9169921243506,1684474
2019-02-11,1698.4351806640625,1723.1813286951458,1684.45899622331,1693.5847028206108,1778730
2019-02-12,1686.6793212890625,1701.8064090838016,1659.0557166816964,1701.8064090838016,2422903
2019-02-14,1680.924072265625,1705.916801134467,1671.4285473942878,1693.6260190235073,1724085
2019-02-15,1668.6741943359375,1687.007700227012,1653.2592847943895,1684.5413147003644,1930065
2019-02-18,1619.84033203125,1678.7457772559692,1613.5510269610438,1675.1695372301701,2942184
2019-02-19,1565.990234375,1620.4150949345308,1555.466950591645,1619.5929665251272,4408554
2019-02-20,1574.1705322265625,1589.8321201637407,1546.6703742742538,1574.3760643498458,4645778
2019-02-21,1573.7186279296875,1594.9295873268284,1559.6192018122583,1574.1708388319817,4683919
2019-02-22,1583.1317138671875,1586.7079526527068,1566.2369336065724,1576.1846680568888,2271955
2019-02-25,1632.0487060546875,1636.0360099269792,1587.1193553588107,1588.7636126552197,2934880
2019-02-26,1676.07373046875,1681.3765207663687,1621.443318825246,1631.1033309921604,6453309
2019-02-27,1692.02294921875,1705.8756956774275,1662.3440265205911,1677.1423412967388,4732082
2019-02-28,1630.651123046875,1702.9163559034162,1625.8416902435063,1693.5851149114665,8454295
2019-03-01,1640.47509765625,1648.367510552989,1628.1020245786854,1640.1873727757782,4148548
2019-03-05,1634.4736328125,1650.0118813632014,1625.019155166423,1648.367624381275,2449622
2019-03-06,1643.9283447265625,1656.5891453631198,1631.9664336929047,1635.4604802774174,2635047
2019-03-07,1655.19140625,1664.0292879296555,1644.4214422427565,1648.3676993217832,2539884
2019-03-08,1662.9193115234375,1671.3872753932146,1652.5194660673085,1664.8102472559074,2031071
2019-03-11,1656.424560546875,1671.387259271933,1647.2578075974234,1668.016552455572,3111689
2019-03-12,1654.4927978515625,1664.6461671878437,1646.7237220815978,1655.8082840064271,2658550
2019-03-13,1644.6683349609375,1657.3291360163907,1626.6636977758938,1654.944942902458,1833163
2019-03-14,1633.8983154296875,1650.6697580760606,1628.6366725896012,1648.3266114009316,1905495
2019-03-15,1677.1011962890625,1700.9429256728856,1636.858041489366,1643.3528774964584,5184318
2019-03-18,1663.001708984375,1697.366723300582,1653.3005517302809,1679.6086659298678,2349915
2019-03-19,1663.001708984375,1668.9209945362857,1640.228687415863,1668.9209945362857,2373993
2019-03-20,1656.63037109375,1681.088698354009,1644.2572948073246,1667.276896934627,3091165
2019-03-22,1648.9022216796875,1657.411232489272,1630.5276678195714,1656.5891039017276,3148149
2019-03-25,1631.3092041015625,1650.6703790595375,1625.5131554470656,1650.6703790595375,2429205
2019-03-26,1629.9932861328125,1640.105407681387,1609.7689426781678,1631.1031396694555,2316539
2019-03-27,1617.866943359375,1642.6129949332665,1612.1942357678356,1639.3244804288956,2266166
2019-03-28,1644.5040283203125,1656.2604081552702,1621.895489763658,1627.8147760791257,4054489
2019-04-01,1670.2774658203125,1677.1010724774342,1651.0396379420952,1652.4783628849054,2095740
2019-04-02,1709.4520263671875,1714.9602478063096,1674.6759466833425,1674.7581394712784,3719663
2019-04-03,1709.4520263671875,1717.9199910319517,1692.0229403100443,1714.1381192119634,2939886
2019-04-04,1656.1781005859375,1709.7808463243994,1650.3410074709589,1708.506506823789,4397518
2019-04-05,1683.966064453125,1688.980928522637,1659.713270566903,1667.811217267583,3152103
2019-04-08,1702.423095703125,1705.9171428632062,1671.1410568680983,1692.7630829664297,2194294
2019-04-09,1719.4818115234375,1724.8256469405555,1691.6526806421496,1701.8060482206627,2690970
2019-04-10,1677.3480224609375,1714.5493448559173,1673.8539756061605,1712.4940231766366,3313062
2019-04-11,1660.2886962890625,1689.474261388474,1655.479264083616,1681.2529754449777,3422442
2019-04-12,1656.1781005859375,1676.320251722376,1650.0121359523337,1675.4981231045622,3198471
2019-04-15,1737.404296875,1742.748132425446,1677.964362840118,1701.8060906805704,9189201
2019-04-16,1752.614013671875,1772.468341613996,1739.2544222140252,1742.91285480871,5771952
2019-04-18,1767.61767578125,1771.687172298519,1738.1442845314925,1767.4942360595178,3413728
2019-04-22,1776.98974609375,1788.9517568535753,1763.9591287717606,1765.9321570411212,2007135
2019-04-23,1771.728515625,1780.3197204966307,1754.4638127247788,1778.2643987227948,2163524
2019-04-24,1795.0767822265625,1804.5724083909372,1772.5916838084165,1774.1536479761469,3003071
2019-04-25,1804.57275390625,1812.7940420789434,1782.4164224238493,1788.1301775608626,4211526
2019-04-26,1840.3758544921875,1844.8152682525613,1803.0510989326715,1811.1491452106372,2716958
2019-04-30,1858.2982177734375,1863.7241453933973,1833.4288308824714,1840.375776499104,3488395
2019-05-02,1821.34326171875,1857.5169129998767,1817.8082700064188,1853.8996281577442,2457699
2019-05-03,1752.7784423828125,1797.2145401293772,1747.0235413055705,1796.3512648247865,3780886
2019-05-06,1774.029541015625,1779.907677771726,1733.4574312155585,1734.6906236020054,2891422
2019-05-07,1769.179931640625,1795.81702369342,1758.369018813899,1775.8392548325805,2201698
2019-05-08,1769.91943359375,1782.3746001677919,1751.4624880707768,1768.3984155723801,1824895
2019-05-09,1786.115478515625,1795.6111037145256,1756.1489320536266,1763.4657960964246,2264162
2019-05-10,1755.9024658203125,1802.106057254736,1747.722325639553,1788.1298697669026,2039633
2019-05-13,1750.106201171875,1781.552619114247,1744.2690080129184,1753.6002476099163,1701744
2019-05-14,1720.1810302734375,1775.6335698024084,1703.7384566123633,1755.2447383196743,2456110
2019-05-15,1722.687744140625,1746.2006963262859,1713.7266249963006,1724.003229847562,2346876
2019-05-16,1733.66357421875,1746.2010345657973,1707.602139410834,1723.181435240071,1946529
2019-05-17,1722.7294921875,1755.244721432447,1718.248931050967,1736.8291193952248,1947908
2019-05-20,1762.6021728515625,1768.7269893921762,1685.3632485080486,1747.0228795510259,2625116
2019-05-21,1734.4862060546875,1766.5080821225254,1728.5669189392072,1765.973778697704,1863157
2019-05-22,1711.4664306640625,1744.515964443334,1705.9170619084566,1734.6915665671534,2595795
2019-05-23,1688.6932373046875,1739.0897590260354,1685.3635764375094,1724.8257479833633,2541294
2019-05-24,1683.7196044921875,1701.8064361810684,1670.771077260375,1701.8064361810684,2274208
2019-05-27,1689.5975341796875,1700.942949151592,1677.2245588017913,1689.3099095949065,2329820
2019-05-28,1704.8892822265625,1724.4148375986567,1681.2530836182375,1693.5850133269287,5872979
2019-05-29,1732.677001953125,1745.9542972611837,1707.6432286695724,1710.0273210908742,3281320
2019-05-30,1764.53466796875,1772.9614861839175,1738.3086449969412,1745.379031297615,4971725
2019-05-31,1805.8468017578125,1812.7526024203705,1769.426460897988,1775.797958201721,4265370
2019-06-03,1843.458984375,1847.8572519189102,1796.885279148815,1809.5050333383745,3682419
2019-06-04,1809.3128662109375,1843.2099466136017,1802.5996555236438,1843.2099466136017,2408658
2019-06-06,1795.22412109375,1822.4909580848175,1783.5382181894167,1822.4909580848175,3735467
2019-06-07,1808.1951904296875,1814.8669262260619,1775.3340639399541,1801.7721297097012,2659446
2019-06-10,1849.4256591796875,1853.0309391372973,1811.3017154995327,1820.584026536425,2080593
2019-06-11,1867.0792236328125,1876.3200575108033,1849.0117443363938,1853.984433922238,3048937
2019-06-12,1873.79248046875,1878.7651707108778,1839.066607880271,1860.6149322628248,2404448
2019-06-13,1868.1568603515625,1893.7661332528378,1858.9987823465326,1876.3617180238182,3320916
2019-06-14,1868.4881591796875,1875.615762035528,1851.4981359979695,1870.7673086308937,2131408
2019-06-17,1864.095458984375,1874.7039035038824,1857.6724018437228,1869.731214104668,1489497
2019-06-18,1865.463134765625,1873.046405427116,1849.177455013999,1859.7858999019684,1877447
2019-06-19,1872.963623046875,1886.3070889262199,1859.081530015454,1868.9026737823488,1652817
2019-06-20,1887.9232177734375,1892.937387485728,1833.2651055684898,1848.1831760477994,2199377
2019-06-21,1864.6341552734375,1899.9816056267205,1858.128139504954,1893.7657443215076,3871804
2019-06-24,1885.892578125,1889.6220954185892,1865.421712559151,1868.1980095852655,1382424
2019-06-25,1879.511474609375,1885.0227928433474,1865.1735084819973,1881.3347541675778,1386077
2019-06-26,1868.239990234375,1878.6827223930848,1864.7591469612441,1877.1908746076524,1762224
2019-06-27,1866.8724365234375,1876.3619474239538,1857.5486415108405,1868.9029114138762,2813464
2019-06-28,1845.862548828125,1874.6627127011652,1841.9673153332965,1873.0466288653545,2372928
2019-07-01,1856.0980224609375,1868.9026587459095,1828.7897070060972,1852.327025408917,2769940
2019-07-02,1866.4990234375,1870.5599721267108,1836.9528395588445,1860.5316343621537,1771746
2019-07-03,1854.5233154296875,1872.052170027962,1849.8407796963672,1866.582129797447,1656881
2019-07-04,1858.6669921875,1866.4161811577621,1848.2659448788324,1851.4981122142276,984140
2019-07-05,1792.73779296875,1864.7588424364717,1773.592854584022,1862.272497313223,4088470
2019-07-08,1802.9317626953125,1814.0375597009206,1767.0456743004895,1781.0520051315098,2788062
2019-07-09,1768.0814208984375,1802.1027458929689,1744.2124688169586,1801.7713141673769,3977224
2019-07-10,1747.2376708984375,1763.5233539320072,1716.655704803791,1723.8660656682941,6343581
2019-07-11,1742.5545654296875,1764.4757954121235,1728.8796708198706,1763.6470139206194,2400346
2019-07-12,1746.7403564453125,1756.8099729604655,1734.7230220389313,1742.1820571877197,1560725
2019-07-15,1778.316650390625,1784.864146477399,1738.7838082775245,1761.1609116252332,2900415
2019-07-16,1749.4908447265625,1771.5048558306717,1744.5065403256322,1766.1051927296637,2735399
2019-07-17,1758.836181640625,1765.2742406358855,1737.9437229291286,1751.1520467107982,1802969
2019-07-18,1716.220458984375,1757.964005586289,1711.2777313421407,1757.964005586289,3072096
2019-07-19,1725.358642578125,1742.014568740525,1713.354815463678,1725.4002190148167,1953177
2019-07-22,1752.72998046875,1759.0019353232706,1718.5876283269783,1725.399468187893,1920167
2019-07-23,1754.8489990234375,1769.4281305203813,1746.5002482677623,1767.683542788077,3538588
2019-07-24,1741.84814453125,1761.7853605247894,1724.9845421076784,1752.8135727653269,2413196
2019-07-25,1767.68359375,1773.5817688131935,1738.3178533633352,1751.8999620837467,2544464
2019-07-26,1752.0242919921875,1769.261675277159,1740.3526738320452,1769.261675277159,1720592
2019-07-29,1769.4283447265625,1779.3969551193882,1747.2482271649048,1753.4786086604208,1647090
2019-07-30,1810.257568359375,1815.1173458104251,1761.4945021944802,1769.427893169888,2851672
2019-07-31,1832.3134765625,1837.2977813649434,1783.6749283029476,1804.110659117718,3000677
2019-08-01,1811.005615234375,1842.1159431366982,1799.541673875929,1827.5783877793624,2375236
2019-08-02,1831.9814453125,1835.8857772175054,1798.9188464092797,1805.1492280061716,2500816
2019-08-05,1867.9510498046875,1870.9830869027019,1823.923031775675,1827.4949540077976,3039682
2019-08-06,1839.9556884765625,1870.7338053691167,1837.089754319926,1854.8256500101008,2885467
2019-08-07,1838.75146484375,1859.5609771404866,1833.6010573121907,1852.4998789471902,2165362
2019-08-08,1875.843505859375,1894.8668578980748,1843.2792134784947,1851.58638953241,2073298
2019-08-09,1865.9990234375,1883.9839746365894,1861.92858916332,1877.4213880773511,1744550
2019-08-13,1827.1214599609375,1865.999077292274,1822.8433462061982,1864.9606804768637,1647281
2019-08-14,1831.2333984375,1842.4067099793715,1800.496853915724,1811.8778448124722,1945002
2019-08-16,1798.5865478515625,1861.9701311155393,1780.435289276351,1861.9701311155393,3755507
2019-08-19,1796.842041015625,1815.9485444568452,1792.4391974863552,1810.9642392113096,974884
2019-08-20,1816.571044921875,1831.7316355562978,1799.7490196973783,1804.317964820081,1843611
2019-08-21,1816.1143798828125,1829.2397556583571,1812.8330866418937,1815.0759831096186,1214408
2019-08-22,1840.8699951171875,1857.1935130014801,1802.656989803383,1816.7791874193542,2131601
2019-08-23,1867.20361328125,1877.3383258340102,1839.1253222851349,1839.9976161893878,2826425
2019-08-26,1890.9619140625,1895.6969623192447,1848.346074128098,1866.6218555352073,2345475
2019-08-27,1857.899658203125,1889.7577549290822,1851.6692770555626,1885.7286939955707,3432106
2019-08-28,1860.18408203125,1870.9002561965292,1840.869900985263,1860.8071201295077,1294621
2019-08-29,1855.365478515625,1867.6185584620757,1846.019909064942,1846.019909064942,1670652
2019-08-30,1877.0899658203125,1882.406478456395,1842.5320252499048,1861.6385340780148,2583625
2019-09-03,1870.443115234375,1907.492984363266,1858.2729853532305,1885.7282321144446,2545060
2019-09-04,1865.29296875,1885.7287001049672,1854.9921530107454,1881.5751126598022,2228092
2019-09-05,1840.2882080078125,1872.1460970738851,1833.6424691283996,1862.6344238650966,2055943
2019-09-06,1825.501220703125,1855.4070427487734,1821.4307871605347,1840.869490365472,1890550
2019-09-09,1813.331787109375,1829.946137211165,1810.7980581564736,1827.5785111969035,1703945
2019-09-11,1789.3653564453125,1823.4247713080133,1783.1765521119037,1815.9483143869327,2627440
2019-09-12,1772.419189453125,1798.5036415124177,1761.4121810235456,1790.1964653391503,2118859
2019-09-13,1779.3548583984375,1792.6463350357878,1757.4240030715446,1773.581413796456,2291174
2019-09-16,1786.0423583984375,1805.481063872077,1766.437347200111,1794.3079557272586,2597948
2019-09-17,1763.3221435546875,1791.4835840728072,1749.1585746517067,1790.1543551566301,2796530
2019-09-18,1776.53076171875,1780.1858372062345,1755.43041777011,1766.4374234773984,1454663
2019-09-19,1746.12646484375,1774.2463310290368,1737.0301495298206,1773.5817165213616,1652691
2019-09-20,1715.8055419921875,1768.9298893377031,1708.7860191797174,1748.5773091384308,6941979
2019-09-23,1674.560302734375,1743.6759551041896,1640.6669896764051,1743.6759551041896,6323401
2019-09-24,1698.56787109375,1712.108605625897,1672.2341693958908,1673.8956042388077,4620978
2019-09-25,1734.9112548828125,1737.8603414356608,1711.3189680836497,1715.4309775643592,4002232
2019-09-26,1734.20556640625,1750.321401364315,1713.7698391146569,1742.761792592488,4234281
2019-09-27,1708.079345703125,1732.2117245430275,1704.133438411618,1732.0456216404912,2046795
2019-09-30,1743.92529296875,1747.8296246667967,1711.2780545692021,1712.8149630730616,2620039
2019-10-01,1711.2362060546875,1741.142031379678,1694.4141793093802,1741.142031379678,3342877
2019-10-03,1711.4854736328125,1728.8473856637177,1699.7723789142544,1719.5849680475292,2317618
2019-10-04,1727.3521728515625,1734.4962202503934,1707.0825481764352,1711.7762228095407,2163251
2019-10-07,1701.059814453125,1739.9374255652451,1695.494048975252,1727.8920244333779,2177916
2019-10-09,1678.1324462890625,1711.2780957055193,1674.3111659681913,1711.2780957055193,2066920
2019-10-10,1665.131591796875,1693.8744973770297,1659.025838674965,1684.6950287732604,2881452
2019-10-11,1650.5106201171875,1657.2809862821807,1599.1307762371919,1604.1150799553338,12593069
2019-10-14,1678.8800048828125,1688.6409351437592,1634.8519790249259,1657.2813506883776,3510704
2019-10-15,1692.4205322265625,1700.4784501234965,1680.2919775445148,1688.0176896194162,2261310
2019-10-16,1699.9803466796875,1707.955214559867,1674.7265138874961,1693.0022992573001,3034082
2019-10-17,1725.079833984375,1731.0681140279016,1698.196548037681,1710.6826210265917,3818774
2019-10-18,1747.503662109375,1753.0670359321125,1720.025638710103,1730.643080924363,3087901
2019-10-22,1742.44970703125,1793.4984554659345,1732.80919329692,1766.7424993460306,5552505
2019-10-23,1758.333740234375,1770.0129285768112,1743.384296207276,1749.7547625758775,2348134
2019-10-24,1768.4417724609375,1782.8814987490432,1750.8593236904067,1770.14056378895,2798671
2019-10-25,1804.9228515625,1809.2123401343897,1762.5381008151699,1778.634103399724,3954245
2019-10-27,1797.0660400390625,1808.3630418027797,1791.2052939655605,1808.3630418027797,224405
2019-10-29,1864.29541015625,1870.1136437035245,1801.9921801811904,1801.9921801811904,5064173
2019-10-30,1913.518310546875,1919.6339169494909,1849.0067608742252,1889.9050731029279,5195136
2019-10-31,1927.8302001953125,1940.8259913809327,1900.0975231393884,1911.1396634169084,4879261
2019-11-01,1869.4349365234375,1932.3752416281247,1864.4235847796633,1923.0318888114614,4172620
2019-11-04,1863.5313720703125,1893.4725659568874,1852.4467183911024,1874.6160257495228,2646411
2019-11-05,1870.2415771484375,1878.0134630767052,1842.338851837799,1866.1219259970699,2693475
2019-11-06,1858.902099609375,1877.843661221435,1850.8328421516235,1868.6701481108637,2540719
2019-11-07,1856.2261962890625,1872.4920341632637,1847.6047091320734,1872.4920341632637,1915598
2019-11-08,1809.169677734375,1859.8362374028638,1804.1158166151342,1859.8362374028638,2788759
2019-11-11,1784.5372314453125,1816.8567680217202,1776.0857886551737,1813.4591864078413,2983768
2019-11-13,1850.4925537109375,1854.9093674867042,1799.0191191931997,1799.0191191931997,3823365
2019-11-14,1865.9521484375,1868.6701726688086,1823.3973492838504,1858.0527285059177,2995915
2019-11-15,1846.9676513671875,1878.437790116641,1842.126139414635,1865.2721623767325,2724180
2019-11-18,1828.408935546875,1858.2651060445387,1825.138679745493,1850.3231747394452,1611089
2019-11-19,1791.2052001953125,1830.149857888686,1787.9774559500881,1828.7484383185463,2975313
2019-11-20,1790.992919921875,1813.4593893838805,1779.058871692992,1802.3747366535379,2894129
2019-11-21,1799.1043701171875,1806.3242305774734,1790.015673993181,1793.9229755439826,2052574
2019-11-22,1759.6923828125,1789.6760814656877,1750.1791959468674,1781.1821275906725,3742049
2019-11-25,1768.0166015625,1770.9469743448467,1743.1292737917977,1762.1133447515829,2737010
2019-11-26,1738.4151611328125,1781.9465728233292,1728.562194975036,1775.1091055739325,6561580
2019-11-27,1744.9130859375,1759.692483577569,1738.3302713074122,1742.9594349599906,2907521
2019-11-28,1764.491455078125,1778.973479420477,1749.7543632928914,1755.7426417872796,2924429
2019-11-29,1744.021240234375,1770.9895462747702,1737.693285488261,1770.9895462747702,2064271
2019-12-02,1716.6710205078125,1756.2952423371878,1712.3815312492866,1749.7549376852828,3809860
2019-12-03,1742.1102294921875,1751.4535803085766,1707.285012812919,1722.3192721976268,4664774
2019-12-04,1765.468505859375,1768.441390040519,1737.4384550085886,1743.80892111104,3334301
2019-12-05,1801.822998046875,1806.494674029126,1756.847540746693,1769.2911038233506,3902721
2019-12-06,1803.7763671875,1807.5136244396297,1784.5799459340517,1804.1160424388033,1829461
2019-12-09,1750.136962890625,1807.4711606603541,1744.23370548354,1807.4711606603541,2244747
2019-12-10,1709.705322265625,1750.4764006710702,1701.5511480589162,1749.7543317116522,4520045
2019-12-11,1734.3807373046875,1739.5620292522767,1704.5244639658233,1720.3657111901061,4943024
2019-12-12,1716.543212890625,1769.8426714331872,1685.200501376817,1742.1950166050156,7137306
2019-12-13,1759.3099365234375,1764.533634436296,1704.7362909366514,1718.3266151294697,5711133
2019-12-16,1806.4520263671875,1814.308935380422,1766.9976436616084,1780.333112620489,5574177
2019-12-17,1838.898681640625,1842.3387747691465,1799.8690012613283,1806.2394672875012,6059673
2019-12-18,1841.276611328125,1871.599981236246,1828.7480309950192,1846.5853318082545,8251081
2019-12-19,1893.3453369140625,1899.6732927708288,1841.1075065964205,1851.5126028792029,6251505
2019-12-20,1888.12109375,1908.3367472651591,1875.6775331526705,1885.6579298534716,5548338
2019-12-23,1895.5955810546875,1904.3018834837428,1877.1637432402406,1877.1637432402406,2247329
2019-12-24,1881.920654296875,1905.6612158055077,1878.1406786220643,1901.796425008303,1805896
2019-12-26,1870.326171875,1893.3023590707232,1864.5927528872353,1882.5998940114591,1880367
2019-12-27,1867.3956298828125,1891.093676601428,1848.2842349897658,1875.464885504321,2720261
2019-12-30,1854.4002685546875,1889.9050429711888,1849.2190802757816,1874.6159235224331,2288830
2019-12-31,1836.1380615234375,1866.1217617089414,1832.5281309420707,1859.3265982616626,1909289
2020-01-01,1841.1495361328125,1854.9945151360407,1829.5976758435274,1841.4892113411177,1354908
2020-01-02,1832.6983642578125,1851.639927931224,1825.521012791325,1851.639927931224,2380752
2020-01-03,1869.2218017578125,1888.2058708575746,1838.091545000356,1838.091545000356,4655761
2020-01-06,1869.0523681640625,1890.7119543604226,1858.3924126989134,1872.9171593323142,3023209
2020-01-07,1873.6390380859375,1881.1135521553886,1854.9098269215103,1869.0946894754072,2429317
2020-01-08,1915.5989990234375,1919.6336272222454,1870.4112046711753,1872.9168796571023,5197454
2020-01-09,1880.859130859375,1912.7962793160218,1877.1641772449723,1910.078255013408,3734173
2020-01-10,1880.1790771484375,1897.5491701998333,1875.464891585153,1892.4527982118302,1915807
2020-01-13,1860.4732666015625,1884.7658502170664,1855.6740582476968,1883.8316397156548,2843893
2020-01-14,1874.53076171875,1893.9820422173525,1864.423038671992,1864.423038671992,2948452
2020-01-15,1891.5185546875,1895.0011588156267,1863.7433662679941,1879.7120414428427,2620681
2020-01-16,1901.626708984375,1910.2905017107182,1881.4110543749402,1891.5612892435663,3117214
2020-01-17,1884.8929443359375,1914.1545670834498,1879.7115507412234,1903.2822672044267,3281059
2020-01-20,1843.4857177734375,1904.5146637131754,1831.46664629897,1864.3382126609704,5817599
2020-01-21,1844.080322265625,1857.245953804403,1833.0381796847144,1843.1459041753758,1902980
2020-01-22,1874.53076171875,1877.1639705991354,1846.3308738610604,1852.531502206658,1773686
2020-01-23,1865.20849609375,1888.0240235516956,1859.036396366211,1881.2560385224708,2069866
2020-01-24,1858.78125,1865.2087895374152,1847.3735883977176,1865.2087895374152,1319430
2020-01-27,1846.7349853515625,1867.3369890269807,1843.116857571111,1864.1445233383472,1549101
2020-01-28,1859.079345703125,1862.5272505115765,1832.0498005509444,1850.7789341996995,1743024
2020-01-29,1834.262939453125,1861.8031486385769,1830.3467655617828,1860.1431082569748,2306761
2020-01-30,1820.00390625,1843.1172799959436,1809.064304845903,1838.8606581021884,2098567
2020-01-31,1769.9456787109375,1825.5371923967668,1763.6033547776103,1821.3229711917156,3287223
2020-02-03,1789.9095458984375,1868.401613786147,1781.992187432429,1832.0501035783293,4728073
2020-02-04,1794.3787841796875,1819.0245809705073,1776.3733584635934,1812.469425462486,3509339
2020-02-05,1827.4100341796875,1836.0508918196194,1791.441586117532,1800.550713643998,2439322
2020-02-06,1811.9158935546875,1850.948982327817,1800.976294753377,1826.0903579513088,2640065
2020-02-07,1818.896484375,1831.1980756250293,1803.9557053693338,1820.9821867791436,2083442
2020-02-10,1840.5203857421875,1844.8196146915532,1803.9560514681132,1822.5999690516753,2383032
2020-02-11,1833.2410888671875,1851.4595478725184,1828.3035757517846,1841.413882718167,1335820
2020-02-12,1848.0120849609375,1860.1434553217314,1830.3471070671499,1831.283646863712,1620407
2020-02-13,1866.0609130859375,1870.3601438791868,1848.225704306652,1849.8857457060083,1645948
2020-02-14,1859.46240234375,1883.1292582794824,1848.2249637092027,1862.6974760920018,1500115
2020-02-17,1875.6800537109375,1887.3857615237255,1864.5702312727813,1870.3166696536043,1774724
2020-02-18,1886.32177734375,1890.7912298230706,1861.0374877435904,1872.870812123131,2486223
2020-02-19,1869.8057861328125,1898.4527592052243,1864.8254569681812,1886.3213906766707,1760463
2020-02-20,1836.1361083984375,1885.1722584745487,1831.4112174368338,1876.744231883556,2317278
2020-02-24,1800.848876953125,1854.992975797518,1793.4847973149003,1835.4551253774898,3092877
2020-02-25,1835.5823974609375,1853.0345417237486,1797.1451970143542,1800.9761555110688,2674567
2020-02-26,1807.8721923828125,1842.1803920920702,1798.8054647559136,1833.7523654714628,2686842
2020-02-27,1792.463623046875,1804.7652197366824,1776.0330196522216,1804.7652197366824,2349001
2020-02-28,1702.7763671875,1761.8156882641067,1694.13540451586,1760.5387017782907,4298076
2020-03-02,1703.7552490234375,1748.5773872786488,1690.47450769598,1732.4448344429431,2667076
2020-03-03,1733.4664306640625,1753.7279897845094,1712.8644249739966,1719.675019109082,2757585
2020-03-04,1773.478759765625,1783.0561582463324,1723.931726527335,1750.3227801186176,3237002
2020-03-05,1809.1068115234375,1828.4318322724475,1774.2025139454279,1775.6071159547182,3937056
2020-03-06,1801.784912109375,1807.9144042725256,1763.6031496112707,1786.0780234904248,2595027
2020-03-09,1679.109375,1770.66923635065,1647.3124348328586,1766.4978306347193,4940975
2020-03-11,1663.2320556640625,1691.8366320534906,1634.5424715599345,1645.6096862111215,6796449
2020-03-12,1506.716064453125,1624.6670700071347,1496.9258364788727,1620.9212228674871,8728786
2020-03-13,1537.747314453125,1549.4104172340597,1282.1371618297587,1436.9504841081166,8029720
2020-03-16,1444.1866455078125,1568.3522809460721,1426.6918885784364,1494.074231543144,7844271
2020-03-17,1411.4957275390625,1473.6424031182853,1381.8270956666913,1472.7910787952824,5713248
2020-03-18,1408.430908203125,1458.7867600988843,1385.743095379605,1427.5005928402754,7258778
2020-03-19,1403.24267578125,1445.348082417953,1326.4067229795735,1337.5118804365848,5135111
2020-03-20,1541.3931884765625,1602.7505341021995,1395.224782763124,1397.797416044187,8547498
2020-03-23,1431.841796875,1500.7026518582659,1387.2924085964055,1389.221883434509,7003490
2020-03-24,1460.5267333984375,1517.8535543306596,1400.2413215434158,1417.563780847593,6350865
2020-03-25,1500.9600830078125,1552.1554444696912,1440.6746666901001,1457.825555579268,2765520
2020-03-26,1535.8193359375,1571.0644999065353,1477.1633737610973,1570.678542059144,4556067
2020-03-27,1564.5897216796875,1586.4571033748543,1501.0457040428153,1560.7307719687758,4331250
2020-03-30,1525.142578125,1633.6219349609923,1512.3223323712095,1514.4232740898228,8513547
2020-03-31,1565.961669921875,1590.744721834302,1526.4288975013787,1575.651962660317,3927593
2020-04-01,1465.3287353515625,1573.379310716184,1459.5403116713148,1565.7900650493316,4941878
2020-04-03,1418.5499267578125,1492.127279298979,1414.9482820938595,1492.127279298979,5735369
2020-04-07,1522.312744140625,1531.4456127395867,1462.113170432633,1466.4008923400602,5427577
2020-04-08,1462.4990234375,1548.7251528625702,1458.6829928124207,1509.2781113167905,6285615
2020-04-09,1514.5521240234375,1525.4000820566873,1484.58088322735,1501.0886135925118,5307397
2020-04-13,1508.6348876953125,1532.4317432494095,1497.2724251334464,1510.1355902978232,2990438
2020-04-15,1487.96826171875,1553.8705312497955,1481.6653309966784,1530.7168312808417,4761399
2020-04-16,1471.5888671875,1513.4798832937831,1436.4295525766647,1466.3577634642584,6245533
2020-04-17,1548.896484375,1588.129136393499,1503.2751691459875,1543.5797515475058,9895823
2020-04-20,1559.572998046875,1569.3061051398806,1545.723636346795,1569.3061051398806,3244282
2020-04-21,1490.11181640625,1538.9489205369196,1481.5791881416542,1513.5656311712632,5122541
2020-04-22,1517.424560546875,1535.004217789718,1474.2472282060796,1490.1117969374259,3829836
2020-04-23,1610.682861328125,1629.334453093804,1510.007122079764,1526.4291192141955,5934366
2020-04-24,1559.4873046875,1588.1292019596951,1550.2687030129441,1578.4818281142298,2987102
2020-04-27,1574.9656982421875,1607.8954173251448,1565.0182061964742,1571.2783208935366,3374741
2020-04-28,1594.218017578125,1601.8929983693317,1571.535904551885,1599.320365074306,2678505
2020-04-29,1634.1793212890625,1640.0963979135165,1586.4998789976307,1607.0380231739177,4241510
2020-04-30,1727.4801025390625,1742.5300471314006,1665.522525814041,1697.9377427756758,5915544
2020-05-04,1655.4464111328125,1685.9321539578934,1641.0397291871698,1685.9321539578934,3729348
2020-05-05,1657.4189453125,1695.3652851547342,1652.4880649940176,1676.5850417881977,2905528
2020-05-06,1632.4215087890625,1675.3844625530842,1623.8460647371335,1663.4646790654735,3517431
2020-05-07,1622.173828125,1658.8766643452973,1615.0561679831276,1637.9097463752382,3166754
2020-05-08,1623.67431640625,1663.2070856999471,1617.5428540353314,1662.864047061163,2686530
2020-05-11,1659.6060791015625,1673.412525999545,1637.0526146182365,1637.0526146182365,2449841
2020-05-12,1671.782470703125,1677.7852802927232,1638.1238597900203,1657.9760295831873,3256595
2020-05-13,1671.9111328125,1709.9431985645963,1651.3300712450225,1709.9431985645963,2656665
2020-05-14,1631.3494873046875,1649.1435327200934,1621.702113284287,1637.9097225747016,2263146
2020-05-15,1623.2457275390625,1644.2555641980364,1599.4916861406964,1643.0549811670965,3173682
2020-05-18,1668.4383544921875,1674.7412848612455,1605.4088414401817,1635.3371617710861,3727694
2020-05-19,1671.0537109375,1686.3179365759659,1631.906792945161,1631.906792945161,3198693
2020-05-20,1675.298583984375,1683.2737881343803,1656.5183422006914,1672.211445329139,2778505
2020-05-21,1707.5421142578125,1713.373457185578,1664.6220862093048,1668.7811549965638,3400908
2020-05-22,1732.539794921875,1742.530208044889,1681.8589421889953,1695.4509998933604,3663418
2020-05-26,1666.2088623046875,1735.669962586046,1650.7730622421634,1727.952062554784,4575317
2020-05-27,1719.633544921875,1723.6639610680145,1664.7077932454145,1679.929203846886,3482160
2020-05-28,1718.776123046875,1727.0942610814907,1690.4771604770194,1705.226880913875,3475681
2020-05-29,1691.377685546875,1717.3613228796191,1682.8451605930363,1699.6530099877514,7237735
2020-06-01,1753.8924560546875,1766.541234310063,1698.8809690112705,1706.5131341150607,3747773
2020-06-02,1755.52197265625,1784.5498285565518,1749.4334285838615,1766.7128638423767,2443886
2020-06-03,1759.822509765625,1774.959636974236,1737.3317827682406,1764.7249446209512,3699799
2020-06-04,1798.8690185546875,1806.1365259135969,1760.338064006502,1760.338064006502,4048593
2020-06-05,1761.6282958984375,1804.4165335261428,1754.7908205241492,1798.9122010180326,3573289
2020-06-08,1781.84033203125,1801.8368507809673,1773.5407856592183,1787.4307566279451,2957841
2020-06-09,1782.09765625,1802.2661377237994,1771.948847647558,1774.4001167933777,2909439
2020-06-10,1813.6622314453125,1833.658744489108,1783.3449374756872,1786.3982104949437,5168397
2020-06-11,1778.3138427734375,1810.437364079322,1773.2825870114052,1806.1370377988485,2269513
2020-06-12,1754.1029052734375,1762.4454953845413,1729.591048053387,1729.763019091141,2842642
2020-06-15,1745.84619140625,1770.8740651614557,1720.9472434270783,1753.758748439288,2399022
2020-06-16,1759.52099609375,1783.7317415379048,1746.7919922640672,1776.0342018834558,2146528
2020-06-17,1761.2410888671875,1770.7448487880936,1742.964708241137,1759.6929299246797,2703527
2020-06-18,1752.8985595703125,1771.0459111500236,1741.8036994139402,1758.8330294203172,1944389
2020-06-19,1758.4892578125,1797.5362382438068,1747.6524574695766,1756.2531093272025,5681758
2020-06-22,1744.1688232421875,1765.0684453185543,1736.6003140248265,1763.1332990147575,3196138
2020-06-23,1750.49072265625,1757.973247811545,1728.731031360668,1743.3521395861067,4205944
2020-06-24,1756.4248046875,1775.3892810523462,1747.3081361470179,1749.3723132665482,2560937
2020-06-25,1733.9775390625,1771.7344247428127,1728.0861130652897,1750.2327933745748,3043931
2020-06-26,1822.3492431640625,1833.6590166163332,1737.2886684240295,1741.6320397036,6300722
2020-06-29,1807.55615234375,1829.8750148428378,1798.6546024818242,1813.0176509852402,3076341
2020-06-30,1790.7843017578125,1816.371236165045,1784.6779660870477,1806.1365463928769,3071725
2020-07-01,1799.299072265625,1818.1344122671176,1788.5052142381926,1788.6771852473253,2503466
2020-07-02,1855.2891845703125,1862.040779006859,1804.416422335515,1807.856682435297,3758699
2020-07-03,1891.8419189453125,1896.44335074851,1857.9554414759496,1860.8795785249288,4185208
2020-07-06,1946.4993896484375,1952.2617841111876,1896.4436403210461,1896.4436403210461,5190366
2020-07-07,1952.26171875,1980.471896491389,1919.794260688648,1956.6481348231946,5630055
2020-07-08,1908.398681640625,1956.1323025755662,1898.680112386715,1952.3480995012,2793358
2020-07-09,1895.884521484375,1930.416050062144,1884.4456140553605,1917.0850414740562,3443998
2020-07-10,1911.365478515625,1935.017265295131,1871.501382989265,1896.6582834729213,9610320
2020-07-13,1909.3450927734375,1930.8036814378322,1900.7444392023858,1909.3450927734373,2963503
2020-07-14,1868.01806640625,1925.6854645416352,1862.0406568703172,1900.7435804542267,2976738
2020-07-15,1921.2989501953125,1943.7467287078305,1875.8876901786132,1879.241859392305,5569321
2020-07-16,1926.342041015625,2011.0329932607465,1913.7139068701774,1934.3154894458273,8582118
2020-07-17,1897.0345458984375,1934.2295273357827,1887.8112461086052,1928.281848994572,4509135
2020-07-20,1903.197265625,1919.57515848531,1888.4572883194262,1897.2495887127611,2952646
2020-07-21,1917.981201171875,1929.7042019175876,1897.3794031644873,1922.2480325177025,2665286
2020-07-22,1888.5863037109375,1923.1092163129777,1882.76784238861,1923.1092163129777,2861534
2020-07-23,1871.562255859375,1888.5866457748555,1864.4939436549241,1888.5866457748555,2265766
2020-07-24,1859.6669921875,1864.4942459354218,1831.8247360688306,1857.1672921256893,3665100
2020-07-27,1902.24951171875,1909.3178245552936,1864.9251076412538,1866.2180993960317,4248480
2020-07-28,1990.9912109375,1999.8266519644983,1909.3172560781738,1909.3172560781738,8092319
2020-07-29,1961.94287109375,2018.7913734442411,1936.08303283443,1975.6916430120411,6090431
2020-07-30,1964.91650390625,2032.5830735735633,1958.6670436503518,1970.4331846426496,7098496
2020-07-31,1966.55419921875,2012.584832515376,1945.9094727068618,1985.3025798902256,4723290
2020-08-03,1943.064697265625,1985.9059896120284,1922.8509695861583,1974.3551377610024,4012337
2020-08-04,1939.229248046875,1956.425998568852,1917.9811649140113,1948.0646928723622,2927928
2020-08-05,1947.6766357421875,1982.5874141212796,1942.0736713109752,1948.107633006127,3800641
2020-08-06,1989.569580078125,1999.3962331518012,1952.7193153800265,1961.0374780859443,4748047
2020-08-07,1978.5792236328125,2006.7232607872957,1971.3814851462823,1989.483370230704,3165491
2020-08-10,1967.760498046875,2004.1366129756225,1961.9420369124296,1998.1026532806422,2929353
2020-08-11,1965.2613525390625,1992.9314626485923,1961.5549442151166,1967.933619907758,2774423
2020-08-12,1945.8231201171875,1979.4838326827264,1936.5135386171892,1972.544946202677,3415751
2020-08-13,1943.3233642578125,1982.5872539195755,1939.9185282373933,1959.3134035474761,2695682
2020-08-14,1932.7208251953125,1966.4680351123227,1924.919943565945,1962.7614167855165,2270405
2020-08-17,1942.418212890625,1956.72740496511,1929.3590811291444,1950.6934438044248,2625630
2020-08-18,1956.51171875,1973.1051103508096,1938.0219816272381,1950.5208999758997,3493374
2020-08-19,1945.1763916015625,1969.3122316298477,1941.6421308468625,1962.2007787643709,2843005
2020-08-20,1941.94482421875,1962.3740563102863,1930.9112500819779,1945.522018008005,2895164
2020-08-21,1938.28076171875,1957.5893527939368,1931.7726616751515,1948.1074140529709,1975294
2020-08-24,1937.849853515625,1948.0643617234116,1922.2476694187735,1940.0048396921034,2167966
2020-08-25,1933.1514892578125,1939.4872317272548,1925.3074671670822,1935.1772601011944,1663419
2020-08-26,1942.5040283203125,1948.0207073012714,1910.567099499324,1932.5910945170358,2618149
2020-08-27,1938.1085205078125,1971.6833776014764,1932.3763407565448,1953.2797092246374,3579393
2020-08-28,1929.6180419921875,1965.3045340324413,1926.6442027301496,1955.348454374402,2941136
2020-08-31,1945.7373046875,1962.072060216185,1920.5239627173553,1930.8678978845942,6018154
2020-09-01,1936.3416748046875,1963.6237200102162,1931.988559938087,1955.8657685264182,3610908
2020-09-02,1952.5469970703125,1955.6502618302286,1932.2901238348259,1936.9018791548312,2084137
2020-09-03,1982.1561279296875,2003.2749907843415,1955.0033042594177,1955.0033042594177,4654146
2020-09-04,1972.9329833984375,2003.4906452451619,1950.650342188167,1961.0374176326743,5231303
2020-09-07,2005.904541015625,2020.0843098486014,1968.2354197425486,1973.1056049684014,4620401
2020-09-08,2024.135009765625,2060.554269599064,2005.903914170148,2013.5755793997164,7453998
2020-09-09,2006.42138671875,2033.4449981088842,1999.827213061726,2004.1371855036693,3866535
2020-09-10,2009.438232421875,2024.393919969754,2003.533696841839,2012.756995158346,2308813
2020-09-11,2046.461181640625,2054.132848342824,2008.5763558401682,2009.2659935145825,4145424
2020-09-14,2147.57275390625,2159.9424576673623,2053.141436187524,2055.0809235784254,7512131
2020-09-15,2147.57275390625,2187.7417769369513,2124.471472452903,2147.57275390625,7318770
2020-09-16,2157.57177734375,2161.537035384561,2135.4185654669823,2145.4607150897095,3074003
2020-09-17,2121.32470703125,2151.322149014921,2112.4031928141912,2137.7457395800875,4828176
2020-09-18,2111.7998046875,2155.330517936108,2100.1628813438124,2142.05588956022,4183256
2020-09-21,2125.07470703125,2159.209556924349,2113.7393550926554,2124.816066637426,4598809
2020-09-22,2174.768310546875,2202.3952678357073,2118.7818271390092,2142.055671456647,7499613
2020-09-23,2126.9287109375,2172.0973580105706,2076.5451644581426,2163.6066263137977,7502280
2020-09-24,2010.3865966796875,2111.886445220381,1984.8285448993308,2111.886445220381,8424708
2020-09-25,2088.0087890625,2103.266045747415,2027.4968326227743,2041.202457512245,8228267
2020-09-28,2091.457275390625,2106.714535790202,2039.4789654990252,2103.266557826552,4347166
2020-09-29,2144.98681640625,2164.5111161592336,2091.457089545903,2098.827183877881,6995811
2020-09-30,2148.348876953125,2159.2961647206175,2120.5064132585703,2145.5042530896676,3917166
2020-10-01,2175.198974609375,2189.4650190870766,2148.3479425110995,2163.6051960269933,2610337
2020-10-05,2332.384521484375,2351.607038956644,2243.814595673962,2258.425358864065,17412105
2020-10-06,2339.7109375,2358.4161698570388,2284.3709510424774,2358.4161698570388,9846367
2020-10-07,2358.373779296875,2387.724733727029,2329.971102983451,2363.5888880431457,9656101
2020-10-08,2435.73779296875,2486.8541084132307,2413.584576622893,2413.584576622893,19839329
2020-10-09,2424.747314453125,2439.3151473378803,2396.3446386138053,2422.2044728434507,7739245
2020-10-12,2439.444091796875,2460.1319568863187,2414.230756219116,2426.945173305336,4623203
2020-10-13,2436.470458984375,2460.9078754157563,2424.1007544261665,2452.3742145250258,4209878
2020-10-14,2432.185302734375,2460.23291219888,2413.097246491396,2460.23291219888,4395936
2020-10-15,2372.454345703125,2447.8973717468925,2360.681153833888,2433.397404997088,6629355
2020-10-16,2392.10546875,2399.333684978802,2364.4040343609036,2380.678669333532,5273773
2020-10-19,2347.306396484375,2401.3674195915205,2343.0213743240615,2401.3674195915205,3331194
2020-10-20,2371.069091796875,2389.161502336794,2352.846704006739,2358.949717103499,3406273
2020-10-21,2316.012451171875,2379.7258206872184,2305.321558013331,2371.0691243587817,4570143
2020-10-22,2312.3330078125,2325.7508851055886,2283.722799821699,2303.5465468973216,5262294
2020-10-23,2325.880859375,2339.038993531473,2311.4242209660115,2326.746528876677,3499091
2020-10-26,2327.09326171875,2345.9215778268276,2311.770950189481,2328.6081837044576,2672752
2020-10-27,2276.841552734375,2353.020502254355,2271.604419031025,2337.092260983706,3537502
2020-10-28,2269.95849609375,2299.1748414029344,2255.9346926143594,2294.0241502026297,3569445
2020-10-29,2279.0048828125,2298.352682018381,2250.957273603878,2257.6662126945153,3105968
2020-10-30,2306.879638671875,2315.103499588726,2269.4394297609465,2281.991638528772,3427003
2020-11-02,2254.7236328125,2306.8802379662798,2250.7847929758373,2302.681654922059,2571196
2020-11-03,2279.827880859375,2307.009825788391,2251.6502889357816,2254.203972365092,2879269
2020-11-04,2296.751220703125,2356.222891454612,2259.397661903571,2259.397661903571,4893928
2020-11-05,2324.928955078125,2345.9647700081096,2308.7409747644388,2324.3230285873706,2816502
2020-11-06,2343.757080078125,2348.7780059496567,2321.119904925547,2336.442214340044,3884421
2020-11-09,2360.335205078125,2375.3977740636456,2333.0666081819863,2364.2307189204307,3646592
2020-11-10,2293.6787109375,2348.691855836193,2283.939926008834,2334.884465250805,4760020
2020-11-11,2326.7470703125,2331.0754188280953,2288.3112086869273,2309.563442167529,3242441
2020-11-12,2312.24755859375,2348.562367529229,2304.1967864986823,2325.1892809375263,2437505
2020-11-13,2299.953857421875,2306.922327099122,2281.904565678085,2299.0015365324634,2548093
2020-11-14,2311.64111328125,2327.7857682665012,2302.724673313024,2318.220076038625,298819
2020-11-17,2307.91845703125,2332.9795494398836,2294.067743565188,2332.9795494398836,2827273
2020-11-18,2273.811279296875,2306.3172194632266,2256.8442796382496,2303.5471186358127,2893762
2020-11-19,2282.683349609375,2316.660870482478,2277.4462192896876,2282.770001079555,4167501
2020-11-20,2302.897705078125,2316.5320021761345,2274.5903495627117,2298.3529393787885,2711471
2020-11-23,2358.300537109375,2363.2781375823047,2307.0096104970116,2328.651351683663,3706418
2020-11-24,2356.395751953125,2374.531486072446,2341.636044413404,2367.0866436852552,3120516
2020-11-25,2338.43310546875,2365.8314611077635,2327.092750272911,2362.412108789126,3302249
2020-11-26,2355.140869140625,2364.100422963058,2319.9945977853795,2325.188615541615,2341099
2020-11-27,2319.691162109375,2352.6299284412125,2310.5151923312546,2341.6359681978047,6086808
2020-12-01,2360.50830078125,2368.3857686464708,2271.9069179232806,2319.1292447389746,3605017
2020-12-02,2380.201904296875,2384.6600182238285,2339.428781370178,2353.7556555995443,2509032
2020-12-03,2345.488525390625,2401.280890505263,2338.00056766539,2401.280890505263,2852548
2020-12-04,2361.156494140625,2370.9386001320795,2336.4415917587153,2346.656532428154,2686527
2020-12-07,2369.943359375,2375.397119520469,2342.631444248521,2350.2927038987145,1996400
2020-12-08,2421.537353515625,2428.6791269463565,2365.398601464506,2371.9344485095276,4277818
2020-12-09,2433.2236328125,2458.501137449658,2417.944440837856,2436.8594020847845,3659996
2020-12-10,2410.2841796875,2447.5079766594476,2406.7781751455327,2439.4572062081147,2127801
2020-12-11,2409.677734375,2430.5402427745353,2393.1866879281556,2417.5552001148303,1795408
2020-12-14,2421.8837890625,2427.3375497921834,2386.001826538768,2425.606210598323,2483658
2020-12-15,2390.58984375,2419.2867054628277,2384.9196657964167,2411.75542247144,2365509
2020-12-16,2436.16796875,2441.0158042871826,2389.6382158567185,2405.696433310318,2565149
2020-12-17,2456.943603515625,2470.361483337224,2428.2034128764526,2433.3974308719103,2863460
2020-12-18,2476.68017578125,2508.7099438706964,2463.8682262764573,2482.73986163601,6076692
2020-12-21,2441.318115234375,2498.7553795518334,2410.889912368563,2476.680804052588,2705195
2020-12-22,2486.63671875,2496.2888533290934,2440.020311390451,2453.308428524804,2881737
2020-12-23,2518.016357421875,2526.889470499167,2480.532822836096,2489.709004800413,2790988
2020-12-24,2518.5361328125,2528.9241688271745,2495.898744190108,2518.233063890685,1807144
2020-12-28,2535.892822265625,2553.465960051865,2512.173556204101,2519.0989140433953,2108994
2020-12-29,2536.844970703125,2555.4568686284338,2527.7554391582066,2527.7554391582066,1994151
2020-12-30,2518.4931640625,2551.7347994834863,2512.173732322085,2540.2213489994697,2637968
2020-12-31,2478.195068359375,2514.769600413583,2462.829436549619,2510.441253424919,4040956
2021-01-01,2534.896484375,2545.0681000811064,2492.2622653515323,2493.127934773329,2681440
2021-01-04,2631.159423828125,2640.941532578551,2545.890968215903,2553.7253203660493,5113293
2021-01-05,2677.51611328125,2695.9115925593705,2631.289440480398,2631.289440480398,5801309
2021-01-06,2641.591064453125,2695.2625853432096,2629.2119455917064,2683.5760445042397,3726716
2021-01-07,2625.402099609375,2666.9975549802084,2597.2245194326774,2661.933304643107,3717827
2021-01-08,2701.66796875,2707.814306989968,2648.9487785771425,2674.918864641624,5879039
2021-01-11,2749.75634765625,2796.1130001916113,2723.8729093751917,2796.1130001916113,9508039
2021-01-12,2748.370849609375,2778.7990474759436,2726.8588783642435,2749.7557939786334,3611458
2021-01-13,2734.607177734375,2750.2325576380786,2706.2998216292235,2748.501218287976,3572801
2021-01-14,2819.38720703125,2833.090857385207,2706.3757644928123,2736.385016087656,6931542
2021-01-15,2804.33984375,2839.5961993391325,2784.087904666651,2805.770832273089,4131692
2021-01-18,2794.2783203125,2824.634412874287,2764.4858990565126,2818.7800235945138,4160906
2021-01-19,2828.060791015625,2843.9327361008795,2803.1688328996775,2804.036149989065,2975735
2021-01-20,2869.778564453125,2886.3876004923163,2833.6114874929526,2836.1266221225137,3453446
2021-01-21,2839.4658203125,2870.0819407468534,2829.274845651639,2866.4826599272615,2778546
2021-01-22,2864.834716796875,2883.828873399442,2811.7547497893943,2811.7547497893943,3052459
2021-01-25,2854.600830078125,2896.665709671246,2843.6291416513086,2869.908892282665,2272887
2021-01-27,2828.36376953125,2867.7398714023216,2798.831587254303,2862.1457198448093,2786662
2021-01-28,2772.421875,2840.462843356283,2761.3635845411322,2801.433582913219,3083938
2021-01-29,2698.526611328125,2790.0285473235554,2688.68247948657,2784.1307498578026,5445659
2021-02-01,2722.81103515625,2745.0576260045864,2640.1991113404724,2688.6820349492,3985846
2021-02-02,2778.406494140625,2796.22990015266,2732.0484446280643,2752.8640518252305,2881837
2021-02-03,2775.45751953125,2806.637520088835,2743.0197400566317,2786.6892311636057,2505866
2021-02-04,2765.3974609375,2808.2430573087468,2754.599404236988,2789.335500156892,2057261
2021-02-05,2738.943359375,2780.4879658934738,2713.834577493573,2774.5033522408476,2366135
2021-02-08,2787.64404296875,2797.9650320084675,2736.5155292940926,2766.307957095786,2526592
2021-02-09,2755.37890625,2815.1371662192623,2744.190603217716,2771.077426447726,2658751
2021-02-10,2786.949951171875,2792.2404581893343,2738.3801958131926,2762.404836025075,2127983
2021-02-11,2780.6181640625,2792.153521939731,2762.4479161633303,2788.4240166752766,1165882
2021-02-12,2767.434814453125,2814.877006663674,2759.8023833627517,2761.7104381985223,2777404
2021-02-15,2723.245361328125,2783.220247051006,2716.046587894049,2783.220247051006,2630853
2021-02-16,2696.315185546875,2747.3566649630898,2688.6827534456943,2732.0486043077217,3435770
2021-02-17,2665.35205078125,2717.174243346874,2641.4574242446233,2693.1061957536344,3678426
2021-02-18,2651.691650390625,2686.8611844905117,2628.837763295516,2658.326540580916,4189909
2021-02-19,2664.267578125,2677.5373576665384,2615.957856052445,2652.2551540267127,3725028
2021-02-22,2565.91357421875,2685.2130530835975,2552.643583641845,2685.2130530835975,5366696
2021-02-23,2584.77734375,2626.2351268737457,2574.1961217177272,2575.930755222928,3832829
2021-02-24,2556.93701171875,2604.85626995892,2533.5626521024114,2577.6658007201077,3774549
2021-02-25,2597.874755859375,2627.883798205514,2574.587208783475,2579.400860674548,4224073
2021-02-26,2510.27587890625,2577.970019670967,2497.8732022539252,2567.258568983201,5553153
2021-03-01,2536.208251953125,2571.5948268268826,2516.780436442631,2537.769464855129,3265871
2021-03-02,2607.45849609375,2623.6338731250016,2556.850465445456,2567.258269239671,3306469
2021-03-03,2653.20947265625,2657.459241182454,2599.26218680881,2632.307048625571,3509857
2021-03-04,2645.05615234375,2672.5934623026014,2615.871025070524,2621.8988348222974,3916760
2021-03-05,2608.93359375,2656.7660535100013,2599.00285397699,2615.9155396877695,3203686
2021-03-08,2607.978515625,2630.572163267275,2598.4814378993588,2615.82777593607,2003125
2021-03-09,2646.14111328125,2659.974778934964,2595.099628042051,2607.979160169022,1942397
2021-03-10,2663.487060546875,2682.784863519715,2653.989981882737,2666.999736695888,3053778
2021-03-12,2652.211669921875,2703.4267751760967,2637.81433644156,2666.999465404715,2938317
2021-03-15,2659.323974609375,2687.815423184263,2637.511036432186,2637.511036432186,3097083
2021-03-16,2697.39892578125,2724.2423410746646,2653.9896732532548,2653.9896732532548,4894756
2021-03-17,2699.914794921875,2736.385522283072,2675.933561176715,2693.019666145464,3838390
2021-03-18,2633.608154296875,2728.96961913165,2590.719369631691,2711.1896200659207,3656306
2021-03-19,2645.48974609375,2687.8148496444464,2606.287067822382,2627.9699885197397,5776626
2021-03-22,2714.3984375,2722.8981860522467,2618.1262549990556,2644.189171980529,2821646
2021-03-23,2725.630126953125,2748.5272080136174,2708.5006184778117,2723.375018353663,3305973
2021-03-24,2706.9833984375,2734.0436487376264,2698.3534241722164,2698.396832375288,2207104
2021-03-25,2658.196533203125,2715.439453933757,2645.316791339809,2699.263865194064,3179786
2021-03-26,2659.887451171875,2704.294033099093,2639.2886752622844,2680.5728317211347,3697370
2021-03-30,2739.46484375,2765.397543892792,2654.7711902870024,2673.938985521148,4694008
2021-03-31,2756.203369140625,2779.750940615715,2716.436800626652,2736.385091308138,3530069
2021-04-01,2745.05859375,2788.4244483116113,2727.7122519253553,2767.695654530096,4285076
2021-04-05,2809.15234375,2830.0547636632145,2732.9152805095887,2750.261616787022,5317862
2021-04-06,2831.52978515625,2840.4631926612587,2801.433927418585,2840.4631926612587,2291562
2021-04-07,2837.341064453125,2842.6751916443673,2805.5973857734098,2826.586417156742,2491268
2021-04-08,2877.19384765625,2892.5019064803846,2832.700447644889,2836.1263071037056,2578118
2021-04-09,2881.444091796875,2909.2850540175705,2869.0848237381483,2908.9814083487754,2911129
2021-04-12,2815.787841796875,2895.1907496618546,2786.8627372733504,2881.4436915230553,3791828
2021-04-13,2692.1953125,2787.55677204421,2665.3084861361635,2787.55677204421,8654596
2021-04-15,2791.85009765625,2807.7220415767556,2677.7979087714425,2740.9820387955283,6062760
2021-04-16,2771.20751953125,2816.1779856768385,2760.32286179011,2800.56628141377,3224657
2021-04-19,2742.282958984375,2765.8739392588823,2719.125637213985,2748.527599094198,2679106
2021-04-20,2727.3212890625,2797.4005340751078,2711.536164475454,2797.0968884735703,3141893
2021-04-22,2704.98828125,2730.313895106737,2693.236093640469,2730.313895106737,1988980
2021-04-23,2696.92236328125,2705.161875244965,2680.9204060801317,2693.0194365615953,1615309
2021-04-26,2689.376708984375,2734.6506159377814,2678.318416769593,2690.460855279942,2490260
2021-04-27,2716.437255859375,2719.9933407974654,2691.285059045862,2693.8870104403636,1471417
2021-04-28,2709.5849609375,2732.915702131098,2699.090341171684,2732.0049769865764,1639037
2021-04-29,2701.909423828125,2738.423556113337,2693.4530826412783,2728.2325808368805,1621395
2021-04-30,2632.87060546875,2716.480086208157,2619.297179947084,2687.815218760269,3072305
2021-05-03,2634.0419921875,2649.6536997473863,2605.4205283277083,2623.547370739975,1545831
2021-05-04,2645.100341796875,2680.009855283988,2632.307414494144,2656.418872370115,1990777
2021-05-05,2684.953125,2688.1621554674107,2647.3982575233513,2662.663121026859,1939289
2021-05-06,2698.61328125,2718.171320818496,2666.132303827714,2693.452787747875,1791671
2021-05-07,2717.21728515625,2740.5916471927385,2698.9170239049954,2717.3041015532767,1912540
2021-05-10,2728.145263671875,2744.3640470832393,2710.3652675169637,2728.53551392094,2137153
2021-05-11,2708.2841796875,2713.0544232417296,2681.0068903295523,2710.365655812237,2415625
2021-05-12,2677.927978515625,2706.0289638256604,2663.1835899306775,2706.0289638256604,1978558
2021-05-14,2646.617919921875,2687.3818203761853,2636.643774066033,2687.3818203761853,2043935
2021-05-17,2662.446533203125,2667.1733688098307,2633.1745825571097,2649.6536066244958,2890462
2021-05-18,2678.96826171875,2709.4977717267807,2669.601197623249,2688.682167846677,2098538
2021-05-19,2673.070556640625,2704.2939635319494,2660.147620153961,2674.8051903568094,1986041
2021-05-20,2653.98974609375,2678.9685154652675,2647.1380271998105,2660.147780857133,2329027
2021-05-21,2671.769775390625,2678.448073333491,2649.7400102940805,2654.8570954295415,1685566
2021-05-24,2672.63720703125,2693.019155551527,2664.397695927308,2672.63720703125,1652260
2021-05-25,2714.0361328125,2726.4558550002257,2686.233471414257,2694.8618248735547,1841613
2021-05-26,2752.8203125,2758.485448492164,2705.146056784092,2719.2652762387206,1923753
2021-05-27,2771.55908203125,2804.460451637124,2755.696742420264,2755.8273912259992,5959785
2021-05-28,2739.833984375,2787.2467266316285,2732.9049175016894,2779.8384723550903,1763701
2021-05-31,2753.38720703125,2763.1488440041617,2726.761233587742,2745.4125224364557,1652799
2021-06-01,2748.02685546875,2762.799745103763,2729.7241076207183,2761.6232675547985,1377441
2021-06-02,2727.501953125,2753.648739260087,2714.9079603598843,2746.1534549045496,2240078
2021-06-03,2737.786376953125,2749.3781612728867,2721.575284562109,2749.3781612728867,1281706
2021-06-04,2739.96533203125,2751.382847235814,2723.62359048832,2726.238269135189,1836060
2021-06-07,2774.348388671875,2780.6671955726056,2731.11916154501,2741.054855558437,2559821
2021-06-08,2789.12109375,2816.0087898714464,2777.834440599766,2787.2473259080425,2574057
2021-06-09,2789.2080078125,2806.4213061967816,2776.962555519222,2790.733236783259,1710925
2021-06-10,2803.633056640625,2809.9082434117213,2782.8898949173777,2797.706408607824,1874324
2021-06-11,2853.3115234375,2883.9903751710076,2798.577544476913,2799.0569447568123,3452954
2021-06-14,2855.534423828125,2883.7292496453492,2850.305066148912,2857.843971689867,1847360
2021-06-15,2843.6806640625,2874.4031354158683,2833.919240543718,2874.4031354158683,1304985
2021-06-16,2853.791015625,2871.527124287829,2835.1831346541367,2843.1144114443937,1635552
2021-06-17,2891.61669921875,2907.566281552538,2841.284135167847,2846.0777126965045,2273413
2021-06-18,2873.792724609375,2926.69633528438,2854.356908295517,2920.508178705849,3380431
2021-06-21,2852.701171875,2863.944203079405,2834.0496729495662,2845.641455585592,1130569
2021-06-22,2877.192138671875,2899.7220365455437,2863.0729175256247,2879.6325477944183,1708688
2021-06-23,2842.50390625,2901.4214102067162,2838.1461089982627,2901.4214102067162,1467104
2021-06-24,2940.29296875,2948.485542252552,2857.4075821090723,2862.201158958729,4155204
2021-06-25,2946.56884765625,2962.9976190564626,2919.724768422785,2941.7316491400015,2722861
2021-06-28,2908.176025390625,2955.893905780267,2904.9076774187315,2955.893905780267,1355238
2021-06-29,2911.74951171875,2933.9306574546695,2899.242548334486,2912.7517199861272,1497322
2021-06-30,2916.0205078125,2947.6145430536876,2909.7017007642626,2916.238397710715,1693146
2021-07-01,2912.316162109375,2930.1831324290642,2904.3414775433343,2926.6968943179054,990310
2021-07-02,2898.32763671875,2910.7473601936704,2871.962960570235,2903.1648347340215,1682274
2021-07-05,2894.448974609375,2940.6416261162394,2877.8893448238955,2912.751723319642,1972858
2021-07-06,2843.288330078125,2900.5497412474615,2837.884704246596,2887.4763499858295,2159420
2021-07-07,2854.313720703125,2861.068306777802,2825.2473392645243,2854.3573412344163,2640710
2021-07-08,2839.97705078125,2874.4036561229286,2816.7934795391784,2874.4036561229286,2485811
2021-07-09,2796.093505859375,2860.4582596113323,2789.8619405898457,2832.568355800375,6365067
2021-07-12,2782.977294921875,2820.3671200215185,2778.8373864484192,2819.495560342896,1892226
2021-07-13,2778.13916015625,2801.1918633324153,2767.201047318114,2801.1918633324153,1809339
2021-07-14,2801.672119140625,2808.165195985022,2775.9174888927046,2777.660608194992,2044279
2021-07-15,2797.6533203125,2822.8964842713835,2789.835882951835,2819.184273093379,2232968
2021-07-16,2790.53515625,2812.4154119318237,2788.089421125836,2806.4321146858747,1256526
2021-07-19,2781.62548828125,2794.902060002589,2774.1136343251005,2777.6074802121598,1597058
2021-07-20,2800.143310546875,2808.1791148200396,2756.775813064705,2781.6259668093744,1811945
2021-07-22,2809.358154296875,2816.8697957122436,2786.342357051715,2786.342357051715,2859334
2021-07-23,2806.30126953125,2831.3695755402578,2800.8856368537395,2821.2810511135626,1776193
2021-07-26,2792.936767578125,2816.258146190416,2787.0846183754047,2795.0767055313113,1259611
2021-07-27,2780.18408203125,2803.8112569236587,2761.142579755305,2795.076642416108,1121367
2021-07-28,2793.1552734375,2798.9637072093665,2736.030762446464,2784.5953079467704,1660654
2021-07-29,2791.408447265625,2817.3064967675937,2786.604408769665,2795.2953084901396,1731997
2021-07-30,2766.64599609375,2815.6035630835045,2762.1914697311636,2811.6729857502096,2999943
2021-08-02,2812.02197265625,2816.826011085384,2766.25267364857,2777.6076735719776,2608669
2021-08-03,2869.233642578125,2873.688381599337,2811.6288983685017,2820.407229235337,3804735
2021-08-04,2859.66943359375,2886.9651073617065,2848.532798696424,2882.423149896209,2929598
2021-08-05,2868.40380859375,2895.5248304241322,2849.668102340492,2860.586370931835,2534521
2021-08-06,2890.98291015625,2903.3860207844823,2851.851792377056,2858.446469339697,2292362
2021-08-09,2902.250732421875,2914.7412755930864,2891.1578130695584,2903.2988436623186,1510489
2021-08-10,2912.032958984375,2926.0083417818596,2896.0487855076867,2896.0487855076867,2040777
2021-08-11,2921.02978515625,2934.8305189364487,2906.093722070834,2926.0959042967565,1929707
2021-08-12,2927.624267578125,2941.8180154257107,2905.1326363734897,2905.1326363734897,1310205
2021-08-13,3025.146484375,3039.646030624656,2932.646996500656,2935.4857463855783,4363584
2021-08-16,3033.48828125,3052.1804865769095,3001.6506500469623,3022.1769967008554,2083489
2021-08-17,3103.45263671875,3110.2219638050665,3024.7973806340597,3041.480581719962,4336019
2021-08-18,3110.003662109375,3140.094370801781,3089.084299979811,3121.6207437384664,2631309
2021-08-20,3109.086181640625,3122.6248347703986,3057.1152228521387,3062.3559918055994,2836148
2021-08-23,3177.12939453125,3208.224715295672,3111.183038417767,3126.9927799505867,3744176
2021-08-24,3155.991455078125,3203.2895293351253,3139.5703341165326,3194.249116348361,2511141
2021-08-25,3195.995849609375,3229.8424850759952,3150.6195641945837,3153.1962331483587,2123263
2021-08-26,3207.21923828125,3220.976254951177,3186.2996677312776,3196.8686356782473,1902533
2021-08-27,3249.40771484375,3257.574665170031,3189.095368849665,3202.109859904366,3944728
2021-08-30,3232.943359375,3267.052076414065,3220.9769784870473,3244.9097402629527,2033114
2021-08-31,3307.31787109375,3322.734592732215,3234.820574987717,3240.017627661499,3207480
2021-09-01,3244.8662109375,3333.7409310016938,3237.9222336900857,3315.66031807056,2643336
2021-09-02,3351.253173828125,3370.8186247495905,3251.0234737703217,3261.5050110312686,3403717
2021-09-03,3355.8828125,3368.8535878797816,3323.1280061155453,3340.9902512143804,1746812
2021-09-06,3364.573486328125,3386.9341846203447,3331.381951416269,3362.564482355028,1723693
2021-09-07,3333.042236328125,3380.2528813214826,3326.360339981776,3375.055827135714,1585039
2021-09-08,3296.574951171875,3332.2559421687856,3280.7217087250224,3327.8886342498226,4147175
2021-09-09,3311.641845703125,3326.752772302166,3288.5825474027815,3310.157003802656,1441148
2021-09-13,3358.765869140625,3364.9236032265057,3290.33006299334,3290.33006299334,1691473
2021-09-14,3394.18408203125,3403.4428595697864,3340.990360029368,3362.783182604123,1991188
2021-09-15,3454.147216796875,3476.3767693180266,3376.8021583375607,3390.864973783777,2461369
2021-09-16,3409.382568359375,3477.9055854649487,3399.599841483605,3432.703949488855,2946666
2021-09-17,3343.479248046875,3445.8051640060376,3323.520570099613,3423.9686293798904,6477148
2021-09-20,3339.679931640625,3381.1693514792364,3326.010344929612,3327.01474032147,2002008
2021-09-21,3374.13818359375,3381.6500380706075,3338.06417965979,3369.814591658296,1568129
2021-09-22,3373.43896484375,3403.748246957279,3364.9664316516987,3373.7447616421546,1744067
2021-09-23,3379.641357421875,3388.157608177154,3349.7252970764075,3380.2964536338195,2003869
2021-09-24,3381.431640625,3445.281550083093,3367.19417513383,3397.7653284748635,2320754
2021-09-27,3351.427734375,3409.9933649131685,3321.686330538198,3406.499519252397,1673362
2021-09-28,3300.941650390625,3362.8264774896284,3276.572161995576,3362.8264774896284,2253075
2021-09-29,3312.078857421875,3324.3947509152617,3251.1549126304035,3284.0408688426596,2489161
2021-09-30,3297.797607421875,3323.5210059352767,3275.568054906828,3323.5210059352767,2252412
2021-10-01,3258.1865234375,3327.888804029662,3253.6445656195515,3303.2135130286547,1578374
2021-10-04,3295.8330078125,3304.873208274007,3238.3154707455633,3253.470116229428,1356860
2021-10-05,3348.240234375,3354.092384166634,3268.143852121344,3278.9746901462354,1877966
2021-10-06,3328.674560546875,3369.3342386536387,3314.786607096754,3350.5985309151906,1678154
2021-10-07,3400.29833984375,3405.6265405305808,3336.666794676636,3345.3576943401195,1647233
2021-10-08,3437.63916015625,3485.0244533266145,3406.500338514711,3428.336879146216,2934339
2021-10-11,3219.229736328125,3282.0315318379744,3196.869036999863,3279.8478781241765,11845402
2021-10-12,3190.624267578125,3237.9221275740247,3171.189747119932,3237.0486659803983,5752877
2021-10-13,3192.676513671875,3210.364109498508,3183.7672487938744,3188.1345564053886,3545655
2021-10-14,3160.51513671875,3211.754477725501,3157.6709399741703,3172.3732920313196,6442299
2021-10-18,3191.757568359375,3196.614624095019,3151.76382833439,3153.5141032909023,3590107
2021-10-19,3180.38037109375,3229.344477614501,3172.5479344045198,3210.8789937414167,3135441
2021-10-20,3158.240478515625,3176.7495536756223,3131.5049815515713,3160.997076549958,2933693
2021-10-21,3091.423095703125,3157.014605986085,3072.826424568322,3154.0830236717397,4871211
2021-10-22,3061.974609375,3116.8894817975106,3049.8538707959997,3115.489176480275,2691670
2021-10-25,3056.8115234375,3075.7145791199464,3019.22441010677,3065.6066981460913,2595594
2021-10-26,3047.753662109375,3088.359952904822,3041.102532259636,3058.1677119370643,3878763
2021-10-27,3054.011474609375,3072.8269332250643,3048.1042957416585,3048.1042957416585,2510813
2021-10-28,2994.414306640625,3078.7338948809274,2988.594727407154,3078.7338948809274,2424942
2021-10-29,2973.49853515625,3028.8509837909737,2963.171869596629,2975.5113942015646,3960501
2021-11-01,3042.328125,3051.604668589135,2986.800689606296,3008.6791285838494,2020718
2021-11-02,3049.154052734375,3074.883223579942,3036.5083585161897,3057.7304430162308,3087414
2021-11-03,3056.19921875,3080.3966874138937,3033.270656847853,3066.6570701167648,1537639
2021-11-04,3070.551025390625,3074.576743250324,3067.3568590599543,3074.3141592757156,328991
2021-11-08,3065.387939453125,3104.9879121203876,3046.5286832194915,3104.9879121203876,2526082
2021-11-09,3067.969482421875,3093.6110538313474,3059.480691426985,3069.982341397558,1782692
2021-11-10,3049.241455078125,3080.2212352978518,3045.653306076,3061.2307953933705,1516489
2021-11-11,3052.654296875,3071.7761349092793,3006.9721664145727,3045.4782127830945,1284514
2021-11-12,3085.77880859375,3092.867294572426,3050.4669229006568,3068.2322579412257,1747259
2021-11-15,3109.626220703125,3123.8910051396083,3087.4851985153273,3087.4851985153273,1809157
2021-11-16,3112.33837890625,3129.0973873140833,3099.736486557918,3123.365194953475,2013204
2021-11-17,3082.14697265625,3117.9840276583277,3068.58234009972,3107.2635922507475,1632914
2021-11-18,3041.71533203125,3081.227917908715,3020.624646710882,3076.239463289162,2136598
2021-11-22,3026.5751953125,3076.939397021558,3010.735336060811,3044.0779438712275,3167936
2021-11-23,3031.6953125,3046.3100671183884,2982.2938396390264,3014.8489143573643,2153461
2021-11-24,3013.3603515625,3056.8984328694883,2996.4701586960127,3038.651734436997,2161746
2021-11-25,3015.636474609375,3030.6014125567876,3005.266222572689,3013.8861994649587,1849619
2021-11-26,3016.4677734375,3054.229871051029,2985.881546926754,2997.3459336245774,1941251
2021-11-29,3064.73193359375,3088.6670328724526,2981.1124915891824,3016.7305498565015,2981745
2021-11-30,3088.491455078125,3118.771298358579,3055.105044565359,3055.105044565359,5588446
2021-12-01,3131.066650390625,3141.7432840004776,3093.6107267247044,3093.6107267247044,2102118
2021-12-02,3188.038818359375,3192.5021057791273,3127.829519745878,3141.0439698954365,3152938
2021-12-03,3185.89453125,3208.2105393359575,3177.4933387527963,3191.14535668199,2486263
2021-12-06,3094.8359375,3201.2527349839775,3082.234043907482,3185.894030279183,1849642
2021-12-07,3136.930419921875,3148.744776364599,3084.247184293791,3117.6773946078056,1484458
2021-12-08,3174.0361328125,3191.1451137740696,3151.3701568857164,3151.3701568857164,1428660
2021-12-09,3152.0263671875,3180.905903556539,3120.7402027877074,3159.2462512797597,1567957
2021-12-10,3182.700439453125,3187.2511122032515,3128.704492721811,3137.368269425771,1510718
2021-12-13,3158.93994140625,3204.753474268667,3151.9826411227077,3194.2518244349085,1883864
2021-12-14,3171.3232421875,3181.1247392304226,3130.104181424236,3154.8706148351234,1747007
2021-12-15,3124.547119140625,3170.6230209966334,3113.870271191835,3167.9976086138045,1603233
2021-12-16,3134.392822265625,3157.890137946773,3124.2411409388565,3134.7427918327685,2072320
2021-12-17,3136.79931640625,3195.433531388944,3127.478973442637,3152.6829772411506,4333992
2021-12-20,3112.7763671875,3155.7457022284616,3071.863690654172,3140.8683653072517,2312310
2021-12-21,3157.758544921875,3186.5504819413068,3121.0901570926853,3135.31114084143,2340989
2021-12-22,3177.405029296875,3182.6996531552995,3155.9641635755297,3171.4978520063,1224328
2021-12-23,3205.36572265625,3212.1918371297324,3176.7487723146514,3192.5012455657984,1792861
2021-12-24,3212.542236328125,3242.3845112192694,3189.70127525278,3224.8817608213244,2209923
2021-12-27,3234.595458984375,3238.00840941274,3196.964550442551,3212.629424582208,1534135
2021-12-28,3243.7412109375,3259.887456413105,3232.6270065019953,3246.7603928302337,1456218
2021-12-29,3233.37060546875,3255.4678282113414,3224.881814116782,3231.226561240893,1456923
2021-12-30,3267.544189453125,3273.013798072899,3220.505555323067,3221.6870762475723,1966475
2021-12-31,3271.570556640625,3290.5171991999623,3265.4007941607993,3275.4648760200544,1207141
2022-01-03,3341.056396484375,3351.776831519915,3277.390139436575,3281.765827206183,2346158
2022-01-04,3399.6904296875,3403.5409492549384,3335.7615920816875,3352.7393879083083,2488606
2022-01-05,3378.86181640625,3386.7818528762077,3336.3738514637826,3382.406165727789,1733031
2022-01-06,3332.04248046875,3356.1525631255286,3301.0188965083426,3336.024399122429,1810293
2022-01-07,3372.34228515625,3382.3187669832855,3322.3718494970512,3343.025179524296,2460591
2022-01-10,3395.402099609375,3481.2967543270247,3378.905673317406,3481.2967543270247,3937092
2022-01-11,3426.951171875,3434.915009333817,3374.5305161761016,3374.5305161761016,1906106
2022-01-12,3377.943115234375,3438.4152013105504,3357.5087830184166,3434.914651347394,3203744
2022-01-13,3411.197998046875,3433.164032327103,3375.4049637230783,3428.7883453116465,6684507
2022-01-14,3472.6767578125,3480.421810089149,3378.0745230015314,3393.6520131101706,3348123
2022-01-17,3517.30908203125,3538.1811985563745,3467.557639327894,3494.1617360161467,3442604
2022-01-18,3492.323974609375,3537.043374991402,3483.0474311642265,3530.2610590136323,2389041
2022-01-19,3431.876953125,3517.2213810726757,3428.2388361626868,3517.2213810726757,3102539
2022-01-20,3354.641845703125,3436.567108062124,3341.0095022512132,3427.8003552354353,6176776
2022-01-21,3360.73486328125,3376.5588957269547,3306.030408534417,3337.5029671349207,3112358
2022-01-24,3306.249755859375,3374.893266387015,3278.853650434208,3366.433434644553,3258414
2022-01-25,3304.977294921875,3339.6059605446026,3263.1599364572858,3304.6267105030533,3330501
2022-01-27,3199.20751953125,3272.9796645873425,3178.0358954512144,3270.8757293611275,5718297
2022-01-28,3234.975341796875,3269.8231807515967,3196.3577567022803,3196.3577567022803,3143862
2022-01-31,3275.477783203125,3294.5454691943373,3262.459070603207,3286.6553922324565,2739393
2022-02-01,3331.935791015625,3338.3794398855766,3275.609404720287,3305.065779508567,2105169
2022-02-02,3380.6357421875,3387.4738533313875,3331.9363793623047,3355.825784772056,1984212
2022-02-03,3352.93212890625,3403.691538484224,3345.4365129758144,3376.0762690799093,1960538
2022-02-04,3344.42822265625,3353.0196826481765,3304.188915532807,3344.779021164677,2307366
2022-02-07,3312.955322265625,3359.2438120197985,3292.9232098960665,3323.475423844664,1919149
2022-02-08,3281.790283203125,3331.1032714460657,3262.1089644796893,3323.958452984582,2946443
2022-02-09,3296.78125,3312.0353141804735,3284.1133350757727,3287.532283037312,1638721
2022-02-10,3305.372802734375,3322.4240945117594,3294.5457771673173,3322.4240945117594,2112459
2022-02-11,3239.271728515625,3289.7244406246255,3234.9322280892384,3289.7244406246255,3851488
2022-02-14,3273.286376953125,3325.4485569139447,3252.4653387334697,3264.738792841898,5951745
2022-02-15,3346.971435546875,3362.050209848514,3285.7794488949753,3319.0931145988197,3931683
2022-02-16,3342.851318359375,3378.795012608833,3336.6268369130935,3369.9405047540545,3256906
2022-02-17,3317.5146484375,3362.0497967656042,3312.9559796550766,3353.283043710153,3134372
2022-02-18,3326.017822265625,3345.348552456705,3294.1946850076283,3304.188696273971,3688883
2022-02-21,3260.7060546875,3355.737786485923,3248.564230091958,3340.1329231984273,7465922
2022-02-22,3144.108154296875,3215.5571899740557,3129.730765245821,3199.864787996428,5408531
2022-02-23,3124.295654296875,3176.107039048712,3117.1506217770543,3165.6746879993425,2426203
2022-02-24,2982.142822265625,3054.2057121800476,2972.8940679174907,3045.5703737803015,5039136
2022-02-25,3086.55419921875,3094.6634447893734,3035.049531405329,3040.3095825862742,2549723
2022-02-28,3115.87890625,3124.2511970907,3029.701692577508,3059.596402061464,3288942
2022-03-02,3108.822265625,3131.440532889471,3073.623835269187,3114.389239815684,2761341
2022-03-03,3107.287841796875,3137.27030822549,3094.7515562563644,3123.4626722767534,1928039
2022-03-04,3089.71044921875,3122.015803200218,3057.0104201560107,3069.678334491801,2370257
2022-03-07,3055.12548828125,3110.4437820815947,3008.354992186932,3024.529607717447,3054130
2022-03-08,3155.9873046875,3163.92125921347,3033.296635322418,3033.296635322418,3300992
2022-03-09,3184.610595703125,3203.371360422283,3153.44474778916,3160.414273213555,2719654
2022-03-10,3174.3974609375,3229.671882735904,3169.1812855836843,3229.671882735904,2005441
2022-03-11,3155.28564453125,3190.966498478323,3149.762761674697,3158.8800986737456,1623423
2022-03-14,3193.72802734375,3198.418325678582,3138.497485009779,3138.497485009779,1765688
2022-03-15,3150.68359375,3207.7552471656413,3143.2318529462536,3207.7552471656413,3651133
2022-03-16,3205.037353515625,3215.6452109530255,3170.277261207437,3191.536638624452,3090475
2022-03-17,3219.80908203125,3252.465235677881,3208.8945177799264,3240.7178727305695,3600452
2022-03-21,3179.437744140625,3255.9276514699127,3169.1806876260816,3240.191375232641,2413831
2022-03-22,3244.53125,3253.3418791403783,3177.9478070287987,3191.0979358854693,2907611
2022-03-23,3254.569580078125,3269.823860038966,3234.932137269589,3250.7122940367576,1596195
2022-03-24,3287.400146484375,3294.720255010192,3239.3144325560934,3243.697807972272,1879046
2022-03-25,3250.229736328125,3313.394233297543,3219.1516403409387,3296.2113121317043,1690133
2022-03-28,3250.448974609375,3255.0953965166586,3209.6835730639873,3239.3152410797343,1760990
2022-03-29,3248.388916015625,3262.985474181719,3235.8085398185717,3239.0960722012105,2689063
2022-03-30,3271.358154296875,3277.012667859558,3249.134347140372,3277.012667859558,1583455
2022-03-31,3278.7216796875,3291.608763532692,3261.4073428596666,3278.765556258031,2168110
2022-04-01,3295.202880859375,3298.928750428687,3268.2889952474547,3285.778622536997,1387014
2022-04-04,3305.372802734375,3313.832633765955,3276.2233490114336,3298.0524783670694,1472994
2022-04-05,3344.340576171875,3362.5754630314427,3306.818835025309,3306.818835025309,2314947
2022-04-06,3292.222900390625,3339.5194932792224,3271.0071854426465,3339.5194932792224,2051729
2022-04-07,3229.802978515625,3283.587089747452,3225.28818667224,3283.587089747452,2494829
2022-04-08,3231.117919921875,3248.081670941631,3193.2894700148154,3234.931542719195,2296773
2022-04-11,3240.542724609375,3254.525867868103,3205.2128787232596,3234.932087901723,2291660
2022-04-12,3235.896484375,3277.8891482137474,3198.418612995985,3228.795328395622,4483476
2022-04-13,3210.340576171875,3252.333444975053,3204.729940731294,3249.8348351431564,1621672
2022-04-18,3092.953857421875,3164.7973443578885,3088.088267451707,3164.7973443578885,3820792
2022-04-19,3043.728759765625,3124.0761760326986,3015.0176449045566,3112.1971834135416,3170014
2022-04-20,3118.158203125,3128.985012762451,3050.829509083647,3068.363012009415,2640370
2022-04-21,3181.1474609375,3194.6045112174907,3127.4511035521896,3138.4972969699825,2280996
2022-04-22,3167.033447265625,3170.9346096051195,3131.0458828323704,3139.4620514565872,1581465
2022-04-25,3110.619384765625,3142.00440460464,3097.38171560966,3119.210845865879,1960694
2022-04-26,3108.953857421875,3145.4234238079243,3084.275317734149,3134.245813020245,1943469
2022-04-27,3122.015625,3128.3715200891825,3073.8862429719675,3108.6902049987402,1727648
2022-04-28,3142.26708984375,3159.8881336605136,3101.720860196266,3145.510745409141,1703660
2022-04-29,3109.304443359375,3176.4139846900484,3100.6693195191265,3153.401256587347,2051115
2022-05-02,3105.5341796875,3110.3997699115944,3062.007341104243,3085.8089874536313,1324161
2022-05-04,3050.610595703125,3108.2081148301027,3037.9426815850666,3102.1152648596903,2305825
2022-05-05,3080.11083984375,3097.293760926186,3055.5202694917,3078.97133320661,1612262
2022-05-06,3009.275390625,3046.0079960568796,3002.174235860349,3032.419530395955,2010812
2022-05-09,3020.234375,3029.7900508322155,2934.101020690317,2978.9428798402396,2481830
2022-05-10,3014.667236328125,3037.50467106659,2999.9829248171122,3010.5030285861963,1622685
2022-05-11,2991.21630859375,3023.171082448603,2965.047463657498,3011.379841740777,1841769
2022-05-12,2988.279296875,3024.2668622053225,2936.9501272047946,2961.40928345353,2807195
2022-05-13,2993.75830078125,3015.6751825815522,2965.047185622854,3011.3795593615127,2187823
2022-05-16,2960.35693359375,3006.9960126156675,2951.4148891323207,2993.8458842806135,1195813
2022-05-17,3025.9326171875,3039.4333314895703,2937.212903663973,2954.3958255321177,1754076
2022-05-18,3023.477294921875,3063.979643975752,3018.4364128180523,3037.6793895210244,1866781
2022-05-19,2859.6708984375,2985.079340558719,2831.661165933822,2978.0659382901526,4642963
2022-05-20,2886.89208984375,2905.2145200759633,2866.7724322365875,2901.795571631586,3065125
2022-05-23,2912.096435546875,2927.131332659906,2864.0984586232075,2897.2368307029487,2293690
2022-05-24,2882.50830078125,2914.813870239504,2871.6376129969626,2906.3099488564503,1711510
2022-05-25,2795.70654296875,2906.2058140394383,2783.7035752705465,2906.2058140394383,3548046
2022-05-26,2848.043212890625,2860.884802763167,2807.0915622767334,2816.3144857680904,2813186
2022-05-27,2878.3603515625,2893.893641905069,2850.029426167201,2871.2113620219907,3103153
2022-05-30,2978.930419921875,2988.947796761305,2900.469084192705,2909.8684821812967,2094624
2022-05-31,2969.31005859375,2986.123046252866,2934.5804266036826,2960.3075643045477,4840965
2022-06-01,2961.234375,2990.1830616669745,2947.8633651492946,2990.1830616669745,1493835
2022-06-02,3021.073486328125,3029.016711971407,2953.379595329582,2961.058003689997,2657939
2022-06-03,3036.20947265625,3068.997470234373,3028.31041962099,3053.19914869008,1913622
2022-06-06,3028.08935546875,3047.5502975093664,2980.606484106986,3016.6599817222746,1084210
2022-06-07,2967.853515625,3017.4105418438976,2961.9402691478545,3001.7005652596245,2308256
2022-06-08,3004.436767578125,3013.086100853081,2953.556080411676,2983.254832442945,2185707
2022-06-09,3024.6923828125,3033.429845494202,2959.381411451845,2987.5356494029306,1279197
2022-06-10,2965.382080078125,2994.5955802690714,2958.409780448549,2984.8871949513705,1527582
2022-06-13,2841.55615234375,2906.3374723089673,2817.5939634259803,2903.6897309129977,3030921
2022-06-14,2833.5693359375,2858.5903679658018,2801.9287335908107,2815.432260568546,2611493
2022-06-15,2829.818603515625,2854.2660463465904,2825.14088260836,2840.586045196815,1404536
2022-06-16,2773.068603515625,2863.842116144225,2765.1695492197227,2859.5615134916056,2032028
2022-06-17,2726.203125,2752.548242059403,2668.7914294364296,2728.9392110453464,5240434
2022-06-20,2746.94384765625,2770.1999332856935,2708.6399347682336,2730.7044503658894,1502769
2022-06-21,2834.8046875,2857.575309853257,2758.4172942182936,2762.4772511283127,2964461
2022-06-22,2844.51318359375,2868.87249504478,2809.254130703088,2824.1696570831255,3336315
2022-06-23,2920.28271484375,2928.40241322025,2844.5130845990975,2844.5130845990975,3692578
2022-06-24,2906.42626953125,2952.232116631172,2892.6579259368214,2946.9366330138964,2132118
2022-06-27,2925.489501953125,2968.0298384014122,2918.2523850426282,2956.6446362899756,2037686
2022-06-28,2928.534423828125,2938.993089028133,2888.333054103457,2918.693737362173,1400046
2022-06-29,2904.1318359375,2941.641516237559,2886.92151203512,2886.92151203512,2133994
2022-06-30,2883.47900390625,2922.135859654931,2872.7996930513295,2887.80356241596,2719603
2022-07-01,2925.842529296875,2941.640633126268,2870.1957889568184,2877.2122604235324,1502879
2022-07-04,2855.193115234375,2928.358978776801,2846.3673070640543,2923.1076660102267,2622535
2022-07-05,2838.6435546875,2887.8032428353954,2830.3913412606826,2872.7993751311774,2170627
2022-07-06,2877.874267578125,2884.714266220686,2826.2433100826656,2840.585242720293,2182144
2022-07-07,2901.792724609375,2929.6379702823137,2881.669843746481,2886.921155244726,1989921
2022-07-08,2882.023193359375,2916.9293042248155,2868.3873642150224,2912.5164005875613,2136916
2022-07-11,2748.179443359375,2846.3223604128075,2741.2952717650173,2829.6856303492573,6974600
2022-07-12,2722.49609375,2767.9489906435406,2718.568653520941,2749.149982425829,3734815
2022-07-13,2681.94189453125,2744.82576453877,2678.6322171624333,2739.5302807486632,3863530
2022-07-14,2653.624755859375,2705.170780712667,2625.528853900714,2704.285870414756,4764908
2022-07-15,2649.952392578125,2680.304642138172,2613.140038767697,2671.145950429042,4574806
2022-07-18,2710.9228515625,2722.824852536626,2667.385305641953,2675.083982462359,3202795
2022-07-19,2720.435546875,2724.5945821637847,2681.322554002557,2681.322554002557,1865074
2022-07-20,2800.564453125,2806.89147601374,2741.496684431267,2750.1245607573182,3402251
2022-07-21,2811.625732421875,2817.554588630391,2782.2024629269126,2802.5111124976283,2420640
2022-07-22,2806.050048828125,2829.057712426211,2781.715020022457,2818.438790765556,2075886
2022-07-25,2802.28955078125,2819.7222396009693,2786.6709711932813,2800.74095783458,1797504
2022-07-26,2757.2919921875,2804.1922393604004,2740.1248183185944,2800.4756592080407,2639367
2022-07-27,2821.846435546875,2826.492214850678,2752.0711685384485,2756.495720256356,1389808
2022-07-28,2885.25,2888.347186014415,2833.1729430263163,2845.871492102438,2106333
2022-07-29,2921.885498046875,2935.5132475278792,2898.08149523586,2911.3551509392305,2430257
2022-08-01,2919.142578125,2944.0970091145687,2894.5420248914197,2944.0970091145687,1306913
2022-08-02,2912.947509765625,2931.6189858100583,2895.1164391804086,2911.3546281587332,1269114
2022-08-03,2955.158203125,2963.564851704035,2899.8955933060683,2902.5060357089383,2895824
2022-08-04,2968.82958984375,2997.9873392727095,2926.7079917137826,2964.449327329786,2150567
2022-08-05,2977.767578125,2988.342213462795,2968.874186013526,2974.3605869043527,1106933
2022-08-08,2986.085693359375,2990.023501216288,2952.0609335419035,2977.7233337435564,1068836
2022-08-10,2968.21044921875,2995.4214416353784,2951.175925510779,2995.4214416353784,1878359
2022-08-11,3028.605224609375,3034.0916247588166,2986.6162779251963,3008.6947446813365,1449248
2022-08-12,3010.06640625,3025.5080464020416,2992.102685550425,3025.5080464020416,1472354
2022-08-16,3002.235107421875,3021.836000034544,2997.633617107446,3018.4290089899623,839942
2022-08-17,3009.668701171875,3024.579311059615,2983.121390465737,2995.5101354619346,1622326
2022-08-18,2992.103271484375,3001.6160582255084,2975.068746389787,2999.84623743646,1430659
2022-08-19,2996.084716796875,3027.720256522339,2983.2535188662678,2997.190854549514,1398410
2022-08-22,2968.4755859375,2994.624725831893,2962.148348315227,2977.7228544165578,1536532
2022-08-23,2906.57666015625,2957.2818510423613,2893.656882459739,2937.858111813569,1849256
2022-08-24,2880.693115234375,2927.2835607009315,2876.135697114994,2913.124994506489,1691923
2022-08-25,2847.818115234375,2900.868441362344,2844.7652180890746,2898.9659707472765,1946930
2022-08-26,2851.358154296875,2882.1530784169363,2846.5797247103874,2862.065656203263,1457962
2022-08-29,2772.02587890625,2781.0076322786413,2726.408708491399,2765.344762750932,2539173
2022-08-30,2841.579833984375,2855.1632945129086,2780.4769460757943,2791.892203374625,3431525
2022-09-01,2771.273681640625,2822.8639979144714,2761.805184166478,2822.8639979144714,3546935
2022-09-02,2770.123046875,2798.9712083448303,2761.1855826958235,2798.9712083448303,2052900
2022-09-05,2772.77783203125,2785.653320032453,2754.0620657083778,2764.1499566547036,2147912
2022-09-06,2767.1591796875,2779.3709867256357,2748.8415771515884,2774.636629548569,1936453
2022-09-07,2787.113525390625,2797.9977490829297,2744.991709326938,2744.991709326938,1291534
2022-09-08,2804.855712890625,2817.111806381108,2796.4049927606457,2805.1655178979468,1346113
2022-09-09,2847.33203125,2861.35794834005,2803.8387689239053,2827.288895916641,1561185
2022-09-12,2869.7197265625,2893.4796538091186,2853.83563037096,2867.0207070213914,1785928
2022-09-13,2857.68505859375,2887.8603690881314,2853.835612513342,2887.8603690881314,1972678
2022-09-14,2761.273681640625,2779.8567957058763,2755.433403988491,2774.193456883954,5090269
2022-09-15,2747.071533203125,2776.6274524950736,2743.2220867611272,2769.769397278171,2138023
2022-09-16,2662.42919921875,2738.221885301835,2654.7305239079215,2721.9836971802556,5322221
2022-09-19,2680.216552734375,2691.897326326489,2643.935227823334,2686.5878641443855,2072220
2022-09-20,2690.392822265625,2725.479429164926,2681.278202987553,2698.9764089478667,1544295
2022-09-21,2655.792236328125,2691.365580310537,2653.0932172257844,2679.5078709972368,2253818
2022-09-22,2661.27880859375,2681.23357650881,2636.412961977395,2645.8814577649046,2017983
2022-09-23,2638.8466796875,2674.641256436931,2636.1476601904446,2658.270416653943,2652374
2022-09-26,2649.775390625,2677.6059931788486,2589.336188264695,2619.20191173189,2925489
2022-09-27,2670.172607421875,2676.8537235602644,2633.493117790197,2663.049036122566,2227447
2022-09-28,2686.277587890625,2698.931847080091,2637.0324212069113,2637.0324212069113,2739767
2022-09-29,2652.341552734375,2704.1530914163895,2645.881664658973,2702.5159210262555,2493902
2022-09-30,2658.75732421875,2672.1636290441115,2610.574000882851,2646.6340961387687,2817353
2022-10-03,2641.412841796875,2673.048383644793,2631.723117642175,2650.30623313326,1763331
2022-10-04,2735.39013671875,2741.4518581351913,2675.083591718103,2681.233674530913,2145875
2022-10-06,2744.947265625,2764.4595795534674,2736.540618376038,2752.95574647594,1790816
2022-10-07,2712.16162109375,2747.6466122290967,2706.1444036015023,2740.92120721209,1939879
2022-10-10,2759.63720703125,2767.1146562581002,2659.1555938777074,2663.580145614609,3064063
2022-10-11,2716.276611328125,2783.0430541076635,2701.9411068493428,2743.2220883096206,4730645
2022-10-12,2743.885498046875,2751.9823405364536,2709.6395140766645,2729.8595839610534,1665247
2022-10-13,2746.142333984375,2752.0711901243612,2701.0561948337768,2743.8857693820296,2054781
2022-10-14,2742.469482421875,2787.467254518983,2717.5593455961257,2783.0427033213336,2245977
2022-10-17,2760.74609375,2775.5178951019166,2724.9918710842394,2726.056468339946,1517005
2022-10-18,2789.97900390625,2799.4278179556986,2775.6508043470494,2794.6812092612113,1793722
2022-10-19,2769.706787109375,2802.6661968962776,2760.967776113079,2802.6661968962776,1194289
2022-10-20,2801.157958984375,2803.5533568233523,2754.7573332077563,2754.7573332077563,1587601
2022-10-21,2783.502197265625,2803.9078046251725,2774.275400578486,2801.6012137542084,1021913
2022-10-24,2805.06201171875,2819.523424396442,2799.1178111928175,2812.514626501965,260949
2022-10-25,2805.4169921875,2825.068398054287,2795.70197272299,2821.74139593677,2069643
2022-10-27,2801.24658203125,2815.974195972847,2780.79678517485,2804.1743868029735,2438421
2022-10-28,2806.436767578125,2819.966574171207,2790.245359688043,2794.6813618497094,1355739
2022-10-31,2832.964111328125,2838.154320749786,2819.345713992005,2838.154320749786,1919414
2022-11-01,2892.00732421875,2894.580335538735,2842.1022978592464,2851.9059063577597,2991060
2022-11-02,2876.03759765625,2901.1454132070917,2858.6041958047094,2901.1454132070917,1405955
2022-11-03,2845.030029296875,2863.927442110941,2834.6054240597227,2863.927442110941,1422652
2022-11-04,2854.478759765625,2856.8299710167985,2809.0097348143217,2854.1239662115554,1464013
2022-11-07,2868.93994140625,2877.013551831129,2834.6941353155285,2864.7701427720986,1474498
2022-11-09,2853.28125,2883.2242672806515,2840.5054326659097,2883.2242672806515,1162267
2022-11-10,2844.05419921875,2861.2216155527403,2812.425588000678,2812.425588000678,1573092
2022-11-11,2941.91259765625,2964.669421548433,2887.8821712205927,2900.790982443406,3265394
2022-11-14,2959.257080078125,2971.2342860685476,2935.746268319147,2949.054274975172,1342074
2022-11-15,2956.6845703125,2963.205364241237,2920.664142185574,2946.392957532895,1400708
2022-11-16,2976.868408203125,2988.002601660146,2946.792180040441,2962.2737860893976,1748235
2022-11-17,2971.234619140625,2980.9938251157064,2943.5096021659624,2963.249814251922,1417986
2022-11-18,2966.310302734375,2983.433314748381,2946.3926959421224,2972.1215090051523,1164540
2022-11-21,2913.122802734375,2957.660223917546,2903.8071976091396,2947.723621770964,1304194
2022-11-22,2941.025390625,2944.5741927896725,2888.0595616376004,2910.017775031512,1149739
2022-11-23,2935.125732421875,2954.3779417550127,2919.777119013738,2954.3779417550127,1150011
2022-11-24,2998.87109375,3010.227305024132,2935.1258590641723,2942.1790606838786,1296591
2022-11-25,3007.298583984375,3019.453402077861,2970.3467759953433,3001.3987882892015,1588981
2022-11-28,3012.267578125,3031.5641895156837,2985.917765891163,2986.3169628064943,2195437
2022-11-29,3014.130615234375,3042.2104235794986,3001.3992017991964,3001.3992017991964,1576028
2022-11-30,3008.319580078125,3029.7009827453585,2994.301768478687,3001.3993726706362,3410702
2022-12-01,3083.598388671875,3087.4577975595,3034.2257665670945,3038.661769149795,2180856
2022-12-02,3051.2158203125,3077.610037846442,3028.0156115409945,3068.028444762544,2411749
2022-12-05,3039.460205078125,3051.2156120851228,3022.692201723914,3045.7594154734948,1475065
2022-12-06,3003.48388671875,3023.534485303333,2988.090873517657,3016.5256889568245,1166999
2022-12-07,2999.27001953125,3010.892215820277,2975.6704001996686,2988.3574103425613,1167505
2022-12-08,2972.60986328125,2999.2702832829777,2962.761850478727,2980.9938652068045,1285619
2022-12-09,2921.3291015625,2993.502940359297,2906.77910172055,2993.502940359297,1797896
2022-12-12,2915.739990234375,2924.212798185376,2871.0695757813564,2888.281178547479,1527610
2022-12-13,2956.2412109375,2960.10040359305,2899.194168939962,2907.5337679534873,1378016
2022-12-14,2985.739990234375,2996.0757883833653,2964.0477669009356,2971.056780109854,1213311
2022-12-15,2932.28662109375,2985.208047200076,2926.8302077564695,2979.92924725395,1415694
2022-12-16,2874.751708984375,2920.6643394727453,2861.3992967973677,2905.581929457242,2703680
2022-12-19,2840.860595703125,2879.4094167044013,2834.1621881565893,2862.9962063488224,2120965
2022-12-20,2878.034423828125,2882.5148303042197,2806.7921703282104,2838.06599235598,1529971
2022-12-21,2899.85888671875,2912.723292412185,2874.529272188241,2882.5140757220975,1432566
2022-12-22,2892.00732421875,2922.438343612525,2879.0543273380003,2922.438343612525,1384101
2022-12-23,2864.19384765625,2898.3510672263396,2854.1240352462114,2854.1240352462114,1360281
2022-12-26,2885.974609375,2902.9202266787493,2861.2662037880355,2864.1940089506857,870157
2022-12-27,2891.830078125,2904.5170888075672,2866.9884637094456,2900.4358797986224,835883
2022-12-28,2889.700439453125,2897.6852428596253,2862.1084210411123,2883.2238333697437,910795
2022-12-29,2900.03662109375,2902.4764224575765,2863.8832008843215,2866.633609062399,1037927
2022-12-30,2889.345703125,2926.874326011963,2880.0300982680355,2915.385123342042,1163131
2023-01-02,2893.56005859375,2898.351071306402,2870.2710452177225,2893.160861684784,709547
2023-01-03,2937.83154296875,2945.505740863758,2879.2319050146616,2885.176105207512,1245178
2023-01-04,2940.75927734375,2952.026897843551,2915.518464493648,2933.7060761454604,1231668
2023-01-05,2937.609375,2960.853982507191,2911.7473529923486,2954.55477293235,1826057
2023-01-06,2849.289306640625,2929.13736558376,2839.0420957559118,2927.762161248284,2488376
2023-01-09,2945.4609375,2951.715743667599,2857.805494277546,2864.7701040885713,2885060
2023-01-10,2915.695556640625,2925.9871687992077,2865.7463431410715,2914.4535626153415,3864655
2023-01-11,2953.224365234375,2971.6781796058563,2902.165931337438,2918.9785546870203,2720512
2023-01-12,2958.237060546875,2972.1216616689235,2941.557647901351,2953.4904512524913,2250391
2023-01-13,2993.90185546875,2997.8498535358844,2932.19703046348,2965.8218356396374,1742837
2023-01-16,3025.20654296875,3042.401100769178,2992.5413358027226,3009.7358936031505,1843607
2023-01-17,3065.448486328125,3068.5336669447215,3013.3657108008815,3021.5320135401794,1688475
2023-01-18,3075.9736328125,3093.168190378214,3059.8678711657676,3066.8999642791296,2421189
2023-01-19,3060.6396484375,3073.2519608477514,3049.6604193709163,3066.9003919886036,1585044
2023-01-20,3051.565185546875,3080.1924291017945,3044.75993496645,3053.289093750549,1529349
2023-01-23,3098.5673828125,3102.2876760062427,3044.760698614896,3074.159299885683,1067916
2023-01-24,3117.98486328125,3132.1850663852497,3100.7448925102035,3107.731573201867,1387863
2023-01-25,3112.04150390625,3116.805179945468,3089.5841740070796,3108.003765663745,874110
2023-01-27,3095.073974609375,3126.7864041362013,3068.9871756775947,3108.6390657488755,1785879
2023-01-30,3115.580078125,3138.082820181694,3071.935865803959,3103.1946093031756,1953798
2023-01-31,3047.5732421875,3129.5085196989075,3040.5865611803533,3129.5085196989075,2820375
2023-02-01,3092.6240234375,3102.2873921912537,3044.2159113195835,3051.474846428542,2205161
2023-02-02,3139.8525390625,3147.6559835267867,3103.285827802895,3109.5465712154214,1813847
2023-02-03,3159.7236328125,3179.413449194556,3133.0469144504245,3179.413449194556,1804469
2023-02-06,3139.443603515625,3151.4208005439305,3118.483564097363,3151.4208005439305,1138714
2023-02-07,3150.876953125,3169.4325618085195,3140.7596793384228,3147.564931045713,1455647
2023-02-08,3194.022216796875,3211.987903653968,3155.867395499648,3155.867395499648,1986946
2023-02-09,3212.849853515625,3218.97457947496,3180.5929191581054,3189.3943328983523,1655427
2023-02-10,3209.85546875,3214.210873696519,3183.178751905758,3193.9311370994983,1187821
2023-02-13,3159.814208984375,3220.244929405752,3151.6479073882488,3220.244929405752,1087939
2023-02-14,3175.874755859375,3198.3320850826603,3171.2470963790797,3180.320764752124,1579818
2023-02-15,3194.52099609375,3199.3754973273617,3139.625301939381,3163.988190351818,1429449
2023-02-16,3228.45654296875,3243.8363661901417,3200.282759035701,3200.464188093824,1618931
2023-02-17,3176.82763671875,3211.0807383085594,3166.7105840645268,3199.5118099570345,1061369
2023-02-20,3164.2607421875,3195.746330382265,3153.145497284836,3177.5989917656707,1296082
2023-02-21,3131.32275390625,3183.85920179322,3125.6517115382658,3170.3395253979825,1139541
2023-02-22,3086.453857421875,3127.6936378456253,3080.5105600481284,3098.6124850134906,1218430
2023-02-23,3097.569091796875,3132.593320365543,3092.306319600513,3104.1020890121345,1441570
2023-02-24,3085.455810546875,3115.852602482513,3068.987189496275,3105.463295514014,977592
2023-02-27,3023.21044921875,3075.9737450556004,3008.8285954585162,3075.9737450556004,1128022
2023-02-28,3005.970703125,3077.7887089468877,2994.2201238468547,3020.170907349562,4116217
2023-03-01,3072.072509765625,3075.06686527024,3007.921705037134,3015.180641278551,1669307
2023-03-02,3013.7734375,3057.7353150042663,3010.643066320148,3049.659839030144,1556538
2023-03-03,3032.556396484375,3046.9382514091512,3022.5301687973756,3043.3087835694737,1043190
2023-03-06,3059.505126953125,3089.5388380017994,3047.845373843557,3050.4766492061635,1334132
2023-03-08,3076.33642578125,3081.4177686623493,3022.3029080296496,3052.382029970596,1844590
2023-03-09,3027.7470703125,3071.436694206459,3022.302869377422,3071.436694206459,1648500
2023-03-10,3022.43896484375,3028.1100076327843,2985.2369241476845,3006.0155363166627,1024404
2023-03-13,2977.93310546875,3057.6453856745457,2968.9048480506426,3024.2542354990196,1901233
2023-03-14,2917.138916015625,2998.3028338253125,2912.1029858555275,2976.16317200943,2670334
2023-03-15,2902.576171875,2958.3340505571196,2896.31542826231,2948.9427136129407,1780522
2023-03-16,2889.963623046875,2921.540035980481,2878.1678531568878,2910.833062083006,1901060
2023-03-17,2884.791748046875,2922.991763191914,2852.761650855337,2858.6595359477537,6739966
2023-03-20,2852.126708984375,2876.0356962978067,2808.346251639935,2876.0356962978067,2289468
2023-03-21,2818.372314453125,2864.3303576607777,2810.523458137798,2852.1263176035486,1815297
2023-03-22,2840.784423828125,2852.3079395141376,2818.3725050009734,2840.103898631804,1123939
2023-03-23,2835.203857421875,2854.8938961077,2813.7447191349406,2826.357030265614,1372218
2023-03-24,2831.43798828125,2876.3526431185905,2818.2811701975843,2857.207115779911,1329577
2023-03-27,2833.071533203125,2860.700809218684,2818.2814093833103,2844.595047783863,1524217
2023-03-28,2827.264404296875,2857.7974330642905,2822.0470446787185,2837.336265387191,1303530
2023-03-29,2848.1337890625,2858.2056499628916,2816.55759910205,2839.150945629806,1740616
2023-03-31,2908.927734375,2915.370128591344,2860.020742396488,2894.455275240554,2382581
2023-04-03,2903.573974609375,2926.2127336376348,2879.7555943489074,2926.2127336376348,1521830
2023-04-05,2939.6875,2961.963403011525,2890.4174301241856,2890.4174301241856,2655065
2023-04-06,2922.356689453125,2955.6118210617306,2917.1847421468806,2926.2584116403386,1703464
2023-04-10,2961.10107421875,2968.9045182251125,2917.1846045518755,2921.721439084615,2203187
2023-04-11,2916.095703125,2969.766365096571,2896.4510773934976,2961.6454758816367,2348779
2023-04-12,2941.36572265625,2958.8779475351903,2902.666614298546,2928.934840854399,2417727
2023-04-13,2893.457275390625,2930.795337912174,2885.426989028085,2912.647998358538,4174070
2023-04-17,2848.678466796875,2870.3644477381677,2785.8433071135864,2843.7787740020203,5505048
2023-04-18,2840.73876953125,2864.4211329587547,2822.4554160887333,2862.6970030263255,2617302
2023-04-19,2803.401123046875,2849.132330441354,2786.9776920224904,2840.739185837347,3298034
2023-04-20,2817.192626953125,2824.632990783157,2792.875151182318,2803.7635533311773,2419999
2023-04-21,2868.05126953125,2871.317658042768,2813.5638330961524,2821.9115657702473,1929184
2023-04-24,2880.70849609375,2886.288713952927,2836.564963222924,2859.203944736877,1640676
2023-04-25,2881.79736328125,2895.5892962816,2855.9374058336693,2888.148931777147,2024090
2023-04-26,2901.89501953125,2911.1955291566424,2886.33376764612,2886.33376764612,2000029
2023-04-27,2892.640380859375,2902.848258894821,2876.9428885531743,2889.963692701773,2434446
2023-04-28,2921.041015625,2928.299951130164,2900.1715760476527,2903.937060230904,2931312
2023-05-02,2921.17724609375,2935.332259976027,2912.648084860293,2935.332259976027,2321159
2023-05-03,2885.336181640625,2918.0922183484367,2879.211454503233,2918.0922183484367,2468285
2023-05-04,2922.356689453125,2925.7593155131717,2883.6121650210844,2885.562915352124,1953253
2023-05-05,2931.429931640625,2943.497954612831,2912.69289547793,2921.721151002872,1710027
2023-05-08,2949.4873046875,2953.3436144974826,2931.975077010079,2944.405960798404,928235
2023-05-09,2979.112060546875,2992.4957209117774,2945.3126470829684,2951.301356602049,1107375
2023-05-10,2982.33349609375,3000.2085792684147,2963.505633393064,2985.2370257955795,1559987
2023-05-11,2978.1142578125,3003.112260846999,2968.9045721537977,3002.4771483059035,1719623
2023-05-12,2970.991455078125,2985.237070959748,2958.0160642336714,2975.392051583769,1027479
2023-05-15,2953.52490234375,2987.0520676067877,2947.445587944961,2979.793131841036,1150390
2023-05-16,2956.337646484375,2980.700538583309,2949.3509650216433,2954.568325172893,986306
2023-05-17,2911.468017578125,2976.1633194055926,2901.9860781368707,2954.341101981148,1588815
2023-05-18,2903.438232421875,2929.8424778323165,2899.0374140909003,2927.1203769740155,1369364
2023-05-19,2924.307373046875,2934.878108354694,2906.3414649157826,2912.6476202870826,1152449
2023-05-22,2993.13134765625,3001.9781755192334,2919.044923957323,2930.795281788258,1333243
2023-05-23,2991.634033203125,3019.671581346221,2985.3278776559046,2999.7549225207754,1687418
2023-05-24,2997.350341796875,3009.91723962534,2972.533770094014,2972.533770094014,1016555
2023-05-25,2988.412841796875,2999.7549278823344,2964.458444594432,2988.8665252402934,1374917
2023-05-26,3020.533447265625,3029.3802741378013,2986.1443319315176,2988.4127490782294,1791115
2023-05-29,3012.775146484375,3059.6405484820248,3005.198545839996,3049.4780856271946,1210372
2023-05-30,3009.009765625,3018.763958815021,2995.535501435705,3007.9209697599713,1344224
2023-05-31,2984.78369140625,3019.445065861434,2962.689216754016,3002.477347579657,5815424
2023-06-01,3016.08740234375,3030.605271909785,2992.0421808750048,3007.0137338649783,1177314
2023-06-02,2999.39208984375,3026.885129479105,2991.9969167513864,3018.1291275724834,2030661
2023-06-05,2984.23876953125,3018.8095354179477,2980.7455400443455,3007.9211331260885,1861468
2023-06-06,2932.882080078125,2984.1937226639307,2922.2659316354016,2976.163436975457,2022849
2023-06-07,2971.53564453125,2975.119920852353,2940.7759965528526,2951.6643988850446,1567196
2023-06-08,2936.6474609375,2967.089663718905,2933.517089542269,2958.9233618921558,1759366
2023-06-09,2912.012451171875,2948.9422373468583,2908.4283964499673,2944.405403135556,1775689
2023-06-12,2946.12939453125,2952.934646039938,2913.5550125863747,2917.184480057675,2324605
2023-06-13,2943.2255859375,2962.552542695633,2938.961006367888,2958.015708786451,1371928
2023-06-14,2949.89501953125,2954.2504246831013,2927.0294193904156,2943.225784624499,1658544
2023-06-15,2940.068359375,2968.542954682689,2934.3093897698986,2966.5776965411455,2273810
2023-06-16,2902.2236328125,2924.619450378722,2884.946948530458,2922.4256636412783,4156189
2023-06-19,2934.675048828125,2938.788566807641,2902.3154633249883,2916.027189923374,1468186
2023-06-20,2950.489013671875,2954.87681041467,2926.127937589783,2937.9656824973704,1528452
2023-06-21,2978.369384765625,2981.294508068641,2947.060946684183,2970.873686560209,1645987
2023-06-22,2960.36181640625,2987.008182887772,2952.683338666562,2980.0152914881505,1529603
2023-06-23,2940.114013671875,2970.3253373650405,2933.5322068110854,2959.2646792263045,1119505
2023-06-26,2915.707275390625,2937.8745675991736,2900.487347535049,2929.7390320989075,1978803
2023-06-27,2922.745849609375,2933.9892862063707,2908.988373447767,2926.9963953304227,863542
2023-06-28,2939.291015625,2953.4597980455083,2919.1347353535625,2932.4809035477288,1575872
2023-06-30,3018.636962890625,3025.721355793162,2938.0577961134145,2943.450986602411,2672406
2023-07-03,2991.258544921875,3033.764892219911,2988.013392052773,3029.6513747394556,1687264
2023-07-04,3024.669677734375,3030.2913960326273,2995.8293032220745,3007.4385197427887,1656681
2023-07-05,3034.81640625,3043.0891926066924,3021.150430028573,3034.8621566398974,1453008
2023-07-06,3037.5126953125,3042.58607828234,3018.4077807602575,3022.567048714725,1848238
2023-07-07,3043.317626953125,3068.592819620022,3018.4079910488003,3018.4079910488003,1789326
2023-07-10,2990.939208984375,3039.2045365819954,2984.7689313328437,3039.2045365819954,1407431
2023-07-11,2991.35009765625,3012.009187727315,2980.7464966348984,3012.009187727315,1110172
2023-07-12,2979.923095703125,3006.6609567296705,2970.9649481536667,2999.1652591276857,1515240
2023-07-13,3053.64697265625,3078.2365774087834,2991.669929707117,3001.953723675249,4585146
2023-07-14,3212.794189453125,3222.1183409737173,3064.113474251122,3075.9969692288264,6306101
2023-07-17,3191.8154296875,3245.016880200195,3178.4237336660526,3208.5437794971795,2743228
2023-07-18,3196.5234375,3221.341572891563,3167.4087826530267,3177.464048629703,2600090
2023-07-19,3172.02490234375,3214.8055303533806,3149.720361723245,3199.4026028392373,2405370
2023-07-20,3174.08740234375,3188.3845460576213,3149.1129905127177,3164.7392268860317,1715404
2023-07-21,3087.0205078125,3148.058749845472,3078.5429555507294,3119.7851016890736,3770223
2023-07-24,3111.261474609375,3128.399831677828,3090.503018591767,3098.659708565961,1680132
2023-07-25,3115.2939453125,3122.305243933692,3097.926465252558,3113.7818228908627,1272980
2023-07-26,3105.35009765625,3135.181959017552,3102.3256291018097,3116.393871751204,1066803
2023-07-27,3113.23193359375,3126.750192106114,3102.3716364305046,3111.444818744401,1701769
2023-07-28,3075.197509765625,3110.299202025282,3052.8351919764364,3102.3257654879126,2599831
2023-07-31,3135.73193359375,3140.4976478889985,3080.2382907228434,3083.446013157544,2743678
2023-08-01,3163.776611328125,3171.062678801949,3129.8205341354496,3129.8205341354496,1956167
2023-08-02,3153.328857421875,3158.5986876704637,3128.5379219504644,3148.10489653474,1914899
2023-08-03,3116.02734375,3146.546576146607,3086.7454652186043,3134.4030555367062,2026351
2023-08-04,3155.986328125,3181.1439908212683,3117.218668620236,3117.218668620236,2248493
2023-08-07,3193.104248046875,3196.7243469805094,3153.8783426165933,3165.517747179838,1853889
2023-08-08,3180.77783203125,3198.5118213655774,3167.9469415813505,3193.1046070343086,1634225
2023-08-09,3173.3544921875,3177.4787074120036,3139.0319013475078,3175.55398413937,1794589
2023-08-10,3154.657470703125,3175.5533110759743,3143.6136964143225,3161.89766861704,1096701
2023-08-11,3160.798095703125,3177.1573459356628,3128.90412489908,3150.9916746844083,1679974
2023-08-14,3161.76025390625,3166.4800985606685,3126.1544475225587,3153.3742172226935,1190425
2023-08-16,3169.59619140625,3176.5616208724146,3148.3336194216304,3161.8977472619245,1328445
2023-08-17,3148.838134765625,3171.796309553587,3128.171190520314,3166.4806099440398,1843241
2023-08-18,3085.920654296875,3125.2380760753504,3076.205748488831,3125.2380760753504,2526749
2023-08-21,3117.5849609375,3125.008635730679,3090.4110623018846,3093.1605383359606,1375579
2023-08-22,3099.713623046875,3126.154509262279,3084.0417426084127,3116.0730963036494,1222012
2023-08-23,3114.4697265625,3117.9065724315824,3094.077774405944,3105.075681187008,1330046
2023-08-24,3104.845703125,3128.0329949537527,3096.0016450252087,3123.4046657073277,1152881
2023-08-25,3098.9345703125,3103.058784480136,3070.477447805222,3093.1606257272215,1158046
2023-08-28,3093.664794921875,3110.5740285527827,3079.50503745056,3110.5740285527827,1037485
2023-08-29,3094.215087890625,3106.4962177667344,3083.9962892417298,3098.706033975188,944517
2023-08-30,3107.77880859375,3123.496782192859,3100.5386105821626,3114.240122580418,1188200
2023-08-31,3076.480712890625,3132.0199996616384,3064.4287075753277,3116.9896187870163,3417652
2023-09-01,3097.01025390625,3105.991921800439,3076.4809190792193,3084.912602177715,1277950
2023-09-04,3133.028564453125,3146.180316935127,3088.62456241485,3095.910630604843,1828332
2023-09-05,3142.97265625,3159.1486542881707,3120.7933657205554,3134.4033645678983,1501842
2023-09-06,3143.476318359375,3156.307208388253,3114.332047153296,3147.2340256547322,1314818
2023-09-07,3166.708984375,3171.0623213768904,3136.510617712474,3144.3007997158566,1885092
2023-09-08,3154.474365234375,3175.6454242304344,3148.196528012573,3166.709625417665,1518917
2023-09-11,3189.988525390625,3194.61685580775,3157.315667562757,3172.8960351530523,1783604
2023-09-12,3281.77490234375,3290.114846064527,3192.1419316903975,3200.3903604544553,4476016
2023-09-13,3269.906494140625,3289.1528286270604,3248.964559733963,3272.8850935254304,1754929
2023-09-14,3262.7578125,3297.2636512739155,3249.514546133057,3271.922733688605,2604721
2023-09-15,3297.8134765625,3306.1077745876632,3264.9571461891155,3269.9063376433924,2952897
2023-09-18,3305.008544921875,3317.0605526516665,3276.6890229804903,3281.088230673627,1395753
2023-09-20,3304.91650390625,3322.283985091515,3281.0418390696896,3281.0418390696896,1649396
2023-09-21,3285.8994140625,3303.9542650181074,3233.3843680953905,3288.8780136079395,2004073
2023-09-22,3302.717041015625,3330.3035458536438,3267.340576197595,3284.7080587105493,1989083
2023-09-25,3278.4296875,3317.701464222715,3261.474583332011,3301.6628521719144,1238778
2023-09-26,3286.265625,3294.7431767877106,3240.716013118244,3269.677252510413,1726062
2023-09-27,3289.56494140625,3312.202250163977,3258.7707191974064,3290.2064410870717,1541134
2023-09-28,3241.40380859375,3301.938163532405,3232.7888713611383,3299.371940605782,1755753
2023-09-29,3233.93408203125,3270.456157608398,3212.808894581624,3241.8157797626336,2243791
2023-10-03,3220.416015625,3239.0664965379606,3189.484405708049,3239.0664965379606,1948148
2023-10-04,3242.320556640625,3251.7146024905483,3186.918643183628,3195.1670736859996,1788138
2023-10-05,3289.611328125,3321.3676929730136,3254.6470168624746,3257.213239742299,2990768
2023-10-06,3318.984130859375,3331.4026425525494,3276.5048597392606,3291.1228627919404,2075691
2023-10-09,3334.51953125,3371.774850191395,3327.7832239861254,3340.6599843238896,4233074
2023-10-10,3325.858642578125,3343.363734086187,3300.609460047054,3336.077665436022,1848148
2023-10-11,3308.445068359375,3345.1964946926682,3303.954346127964,3345.1964946926682,2426417
2023-10-12,3246.719482421875,3288.969638519313,3242.6411368893027,3276.4596095114603,4241281
2023-10-13,3272.656005859375,3278.2923429472667,3230.6347522754027,3235.217212916928,2890357
2023-10-16,3229.76416015625,3276.138528036827,3225.2275688286772,3268.210960552936,1671104
2023-10-17,3214.18359375,3239.0203948649587,3210.7926178047637,3235.2170422343333,1672065
2023-10-18,3196.036865234375,3228.526463289023,3193.058266105545,3217.8035511758235,1408245
2023-10-19,3175.27099609375,3194.751084409886,3171.8252574998965,3187.9973470331574,1514545
2023-10-20,3211.014892578125,3215.5632226086977,3164.612279992973,3170.4469293525376,1481211
2023-10-23,3133.462646484375,3196.6805076496757,3125.3308381439233,3191.2133140425376,1106272
2023-10-25,3115.039306640625,3147.1075537327565,3103.185832642016,3115.4067623155947,1518537
2023-10-26,3066.017822265625,3099.969784152135,3059.815493562458,3094.778295044471,1984471
2023-10-27,3079.065673828125,3089.219160611449,3066.2475725640707,3078.1927983487076,1108851
2023-10-30,3104.426513671875,3108.3776718312,3063.261381474391,3078.1929142674794,910972
2023-10-31,3095.421142578125,3123.2167610012757,3078.2384415101915,3123.2167610012757,999811
2023-11-01,3060.41259765625,3098.0402370916254,3042.357019784433,3082.787013402831,1563475
2023-11-02,3087.47412109375,3102.0379766725623,3071.9451893962696,3071.9451893962696,1245384
2023-11-03,3079.01953125,3113.017479853767,3072.9551669090106,3107.596275079441,1402598
2023-11-06,3105.988525390625,3117.060876071951,3086.462674887097,3101.164491736812,1099852
2023-11-07,3096.984130859375,3127.9497928635665,3092.895232236921,3103.9215967012237,1191144
2023-11-08,3107.18310546875,3125.927832295336,3096.1567427867762,3097.902493811986,992899
2023-11-09,3075.85009765625,3116.3260865331913,3070.8883236510724,3115.0397671487226,2112352
2023-11-10,3062.985595703125,3075.8496851503864,3052.786345097661,3067.1664696398684,1338557
2023-11-13,3061.23974609375,3083.705913859629,3057.058872291712,3083.705913859629,1030990
2023-11-15,3128.08740234375,3136.081470807579,3083.7522335870945,3108.6075388652434,2059802
2023-11-16,3214.046630859375,3242.990829737397,3137.1835681286,3151.747643646015,3951984
2023-11-17,3218.273681640625,3238.534668324732,3209.1770219858477,3214.047043797082,2021292
2023-11-20,3234.031982421875,3247.1715506735513,3207.982113123897,3207.982113123897,1475621
2023-11-21,3225.39453125,3251.9038322872334,3216.941032130206,3234.0319825306688,1807236
2023-11-22,3243.72607421875,3246.023233095817,3198.6559965162287,3216.022427894088,1798051
2023-11-23,3223.603515625,3256.452892289603,3216.0228902408608,3243.5888007286394,2729804
2023-11-24,3176.603515625,3220.20354959885,3172.836085044069,3210.7392094309985,1989733
2023-11-28,3188.59423828125,3198.793713354985,3154.458547345828,3176.6032484945686,1689195
2023-11-29,3228.65673828125,3232.5619082955354,3193.7859120788967,3198.5639575829327,1441634
2023-11-30,3204.628662109375,3231.3214692327615,3198.5640728417716,3215.517060765944,3266235
2023-12-01,3226.727294921875,3231.5973169040535,3206.8799756151684,3216.022623635975,1172141
2023-12-04,3227.462646484375,3259.9445668878407,3214.1851113453504,3257.050011733857,1625213
2023-12-05,3245.058349609375,3250.938986137575,3218.595036568669,3250.938986137575,1377656
2023-12-06,3311.676025390625,3319.7160810042337,3239.1315727028823,3245.97728523371,1896572
2023-12-07,3321.599365234375,3335.979712694237,3300.2817782561006,3312.5027068954923,1967653
2023-12-08,3332.4423828125,3349.2576305979355,3309.792486099661,3338.2312680280656,1641155
2023-12-11,3347.328125,3356.6087371102208,3321.6919202445793,3328.950852965452,1102503
2023-12-12,3374.1591796875,3398.3251133631525,3336.3937952739866,3343.698716167012,2236866
2023-12-13,3301.982177734375,3353.851980623107,3273.910851221953,3347.92535555113,3850968
2023-12-14,3369.7021484375,3379.5799309981935,3333.26930063245,3335.47448328533,3290396
2023-12-15,3547.732177734375,3579.8464140417323,3369.196944540151,3369.196944540151,8531230
2023-12-18,3546.077880859375,3610.21459633512,3519.384852021619,3545.0672656351603,2521612
2023-12-19,3506.56689453125,3542.310819797178,3482.4927153495696,3533.030208580236,2004435
2023-12-20,3473.35009765625,3582.4651407823453,3460.945440121915,3516.7204109839868,2586083
2023-12-21,3480.19580078125,3497.8379366079334,3439.6280635557396,3451.481313976124,1517562
2023-12-22,3513.734130859375,3533.903140431371,3456.764592126822,3491.6814061887094,2413058
2023-12-26,3487.592529296875,3522.9227872920933,3482.6305316170315,3509.9209580263773,1285231
2023-12-27,3501.97265625,3508.4047009886162,3462.2777964437796,3490.762566000509,1293976
2023-12-28,3491.58984375,3526.5986380449217,3484.4228868485006,3513.734547129698,1682889
2023-12-29,3485.61669921875,3512.447692792302,3459.8885213069443,3484.330380055923,1574996
2024-01-01,3501.881103515625,3521.0852627367144,3466.8723111444738,3482.4929921117296,825907
2024-01-02,3476.244384765625,3501.880811283447,3461.5885566534093,3501.880811283447,1344068
2024-01-03,3392.21435546875,3465.8154121881867,3387.8957418477744,3461.358834441872,1803075
2024-01-04,3369.28857421875,3417.253201882149,3354.770486709257,3401.40280722432,3598144
2024-01-05,3434.6201171875,3443.6710132655903,3376.685947407125,3376.8236872126063,1963127
2024-01-08,3379.85595703125,3436.320079253609,3374.4345273007075,3434.620091894895,1067805
2024-01-09,3390.514404296875,3447.8976104439284,3383.944619877953,3408.9376626935145,1370944
2024-01-10,3411.786376953125,3426.671921717854,3388.7687999719633,3390.606527086916,1292227
2024-01-11,3432.460693359375,3466.8720875812282,3406.227094795551,3421.847774755498,1777909
2024-01-12,3567.763427734375,3588.3918695130374,3511.5290234837503,3535.7869314092995,6813450
2024-01-15,3587.0595703125,3643.2939746897505,3569.784890711143,3638.6996569410876,2801505
2024-01-16,3548.007568359375,3582.648676378211,3542.7241033967753,3582.648676378211,1432672
2024-01-17,3569.417724609375,3592.7107828856997,3503.213555613641,3509.1401811238566,3458696
2024-01-18,3585.957275390625,3591.6541850035787,3548.6513224544183,3581.730412979628,2239110
2024-01-19,3648.365966796875,3667.33389806662,3622.4585484772238,3650.1701882508987,2941975
2024-01-23,3569.903564453125,3639.899768957106,3555.5619574424277,3608.533376885165,2618854
2024-01-24,3554.68310546875,3593.4053099998555,3521.1885578051592,3590.028183123641,2657709
2024-01-25,3525.537109375,3572.447997496506,3496.298646388011,3552.924816553991,2205154
2024-01-29,3516.931884765625,3534.5119178649534,3498.2878873892378,3516.746876964582,1646747
2024-01-30,3516.51611328125,3560.2348866740044,3503.9787267378097,3522.9003517362453,1411621
2024-01-31,3530.765380859375,3547.466461413535,3512.722711063453,3526.370371550112,2459358
2024-02-01,3566.110107421875,3613.0673074626943,3520.679730209892,3534.512397161187,2363107
2024-02-02,3669.878662109375,3686.625823288954,3582.626126302747,3585.448229768175,2826510
2024-02-05,3676.35546875,3721.415829059659,3665.9925459315737,3685.3304940687767,1691523
2024-02-06,3826.896484375,3839.757579010506,3691.807778688649,3698.284634440734,4474396
2024-02-07,3778.226806640625,3844.4758674214854,3769.4830980416878,3842.625337521403,2124267
2024-02-08,3825.13818359375,3847.2519270638386,3780.679154505362,3784.3339061306156,2345173
2024-02-09,3824.76806640625,3872.0026633870466,3793.586455555742,3827.4047101937194,2100596
2024-02-12,3812.739501953125,3848.7322185445555,3798.7213763754216,3821.3442853665883,1013716
2024-02-13,3839.387451171875,3858.3553853203325,3776.469425703822,3817.1350067037893,1257415
2024-02-14,3793.678955078125,3807.372695778341,3746.860457716769,3800.0631929479614,1391283
2024-02-15,3796.54736328125,3836.425921611901,3777.8568303798697,3819.4937535655404,1091582
2024-02-16,3819.77099609375,3837.952813239409,3793.6787963717234,3805.845939735945,1307556
2024-02-19,3797.102294921875,3819.7712872346397,3751.949544010636,3814.9136460247614,772291
2024-02-20,3729.4189453125,3791.7356277963377,3710.312315144781,3777.02400598197,1193648
2024-02-21,3693.1953125,3759.6756942779607,3683.1100141804095,3713.088510350119,1885939
2024-02-22,3781.650390625,3788.9135847979874,3674.2270417559253,3674.2270417559253,2982052
2024-02-23,3749.2666015625,3821.3446586399486,3743.9924100587164,3821.3446586399486,2538072
2024-02-26,3702.031494140625,3747.3231697416345,3685.0990998243196,3734.369460019071,1379284
2024-02-27,3797.6572265625,3815.7925092534197,3700.1343948846816,3700.1343948846816,2960475
2024-02-28,3811.120361328125,3844.3833662089555,3783.408494524996,3789.5153337368693,1939225
2024-02-29,3789.052734375,3828.8391287714094,3760.785843874876,3792.661177462347,3772719
2024-03-01,3788.358642578125,3830.5968972344103,3781.37284701895,3800.248387556673,2043265
2024-03-04,3775.728759765625,3810.148571852321,3771.287442681426,3798.212743964883,1749271
2024-03-05,3712.25537109375,3760.2765287282214,3682.554277642303,3758.4259989404613,2070859
2024-03-06,3760.5546875,3767.6791830158427,3662.615294214232,3695.5548194727744,1744204
2024-03-07,3801.54345703125,3815.792446127852,3735.9420401097086,3761.2018170489137,2688905
2024-03-11,3814.266357421875,3842.625640015194,3783.408678550958,3783.408678550958,2304068
2024-03-12,3878.94189453125,3913.8245630337647,3813.0628509397507,3814.265966419898,4039801
2024-03-13,3838.924560546875,3924.048942222053,3823.1024383775984,3890.7394015665486,2837260
2024-03-14,3893.145263671875,3909.2447849727837,3780.6329447097737,3843.0422522294866,2919608
2024-03-15,3903.924072265625,3922.1980547097196,3864.831628809271,3879.265852135675,3373143
2024-03-18,3842.162353515625,3936.7706860013495,3810.102016287895,3900.2227238186,1526904
2024-03-19,3680.05615234375,3754.7249850086127,3670.155863037833,3748.4794468990003,8931209
2024-03-20,3674.134765625,3717.714838283346,3664.2344751221162,3688.1063577395266,1817913
2024-03-21,3676.03173828125,3708.8323391521208,3652.946420443474,3691.8538610073474,3829582
2024-03-22,3618.618896484375,3643.6936690237358,3566.8966719366435,3605.7578029927627,5852485
2024-03-26,3587.71484375,3651.7431331132784,3582.1169456233524,3585.4016813749195,3440925
2024-03-27,3553.8505859375,3603.9075175533485,3543.21003742611,3597.8932944816934,1968575
2024-03-28,3586.604736328125,3622.412446366123,3553.4802044110074,3562.3628386987034,4311783
2024-04-01,3624.031982421875,3639.345164591727,3597.476919948952,3606.4056375645764,1569676
2024-04-02,3593.544189453125,3617.6473874613553,3583.5512824485972,3599.2807871740365,2142666
2024-04-03,3652.29833984375,3683.4797231172092,3563.1952810159187,3563.1952810159187,3973090
2024-04-04,3704.113525390625,3727.5688582731514,3641.1491951647313,3678.761128130228,3394637
2024-04-05,3681.860595703125,3702.910373563839,3664.511877686053,3680.704014501987,1636819
2024-04-08,3675.661865234375,3731.270161406432,3664.049743217693,3685.3308402111293,2302538
2024-04-09,3651.60498046875,3715.7258962855026,3631.7117810645286,3686.256112856679,1876992
2024-04-10,3686.857177734375,3691.992443782896,3625.18835440643,3660.718440875778,2101965
2024-04-12,3702.355224609375,3713.4123219078538,3650.633002250067,3674.227259392984,4354821
2024-04-15,3646.654541015625,3760.462141264771,3626.1600106782666,3702.3554514057623,4200329
2024-04-16,3583.3662109375,3635.088432257424,3574.159869690793,3610.383902806716,3051420
2024-04-18,3573.373291015625,3641.8428983525378,3562.270111447477,3587.067257661961,3476284
2024-04-19,3540.248779296875,3564.6296015885387,3516.8395304016394,3551.1669511103,2957749
2024-04-22,3575.779296875,3588.1777578205415,3527.1102663259167,3550.2418918920625,1728883
2024-04-23,3585.1240234375,3603.906946927783,3572.077923299984,3587.2984864078,1807586
2024-04-24,3544.736572265625,3606.683019690121,3538.6297328235796,3599.28089958814,1317312
2024-04-25,3564.305908203125,3584.1527979444854,3526.1850340945725,3526.3700419218662,2856271
2024-04-26,3535.761474609375,3587.067373339443,3518.366447546027,3567.0352506857103,2039178
2024-04-29,3580.96044921875,3587.9925533633923,3533.7719356498687,3551.1669623012726,1110693
2024-04-30,3535.11328125,3591.6470575004178,3525.2593003353104,3582.6257246452287,2203078
2024-05-02,3574.576416015625,3581.7935283890847,3495.6975726397995,3495.6975726397995,2491044
2024-05-03,3556.163330078125,3602.6118127416667,3513.786374753984,3599.419467848168,2962234
2024-05-06,3628.010009765625,3645.4974261548164,3565.0456876480675,3565.0456876480675,2053831
2024-05-07,3681.583251953125,3689.9569456672593,3621.024700819664,3637.031831043767,2062112
2024-05-08,3679.732421875,3686.5332096600414,3644.2486463464647,3664.974491004591,1247685
2024-05-09,3664.234375,3674.2272820894473,3617.8324260235386,3665.8998971640367,1726486
2024-05-10,3602.888916015625,3676.632709512435,3594.7004571596035,3666.4547955777916,1672489
2024-05-13,3652.760986328125,3659.4228487372657,3580.775328600055,3594.1916702705203,931326
2024-05-14,3609.643798828125,3650.9107084833586,3601.9640540938385,3641.8430662390724,1058317
2024-05-15,3590.398193359375,3633.469324021022,3585.864485245422,3612.697170078893,1115021
2024-05-16,3635.64599609375,3643.614555336362,3582.103221239368,3626.4660319966883,2599399
2024-05-17,3573.343017578125,3653.4008690771816,3569.5217674912255,3652.4688790595596,2765804
2024-05-21,3560.387939453125,3583.2683380913763,3550.9283325337988,3570.0807713951167,1908117
2024-05-22,3571.38525390625,3580.0061603777094,3557.918045520316,3574.1812235726693,1311168
2024-05-23,3628.65625,3639.420779503035,3565.3275779741,3579.726777292213,2095742
2024-05-24,3587.695556640625,3619.6628596080805,3582.849254078192,3614.490269526303,1309452
2024-05-27,3585.412109375,3642.5431408365193,3580.099811979568,3592.8213842320465,1841538
2024-05-28,3578.748046875,3606.8010348271864,3569.5214375679907,3595.617155649428,1801993
2024-05-29,3544.963623046875,3587.1361699587314,3541.5619506089633,3587.1361699587314,1568095
2024-05-30,3482.0078125,3536.342645636951,3462.7620831275535,3520.126111198893,2919230
2024-05-31,3421.288818359375,3494.77632459785,3405.258635054403,3485.642776627702,10956800
2024-06-03,3451.019287109375,3496.407154925521,3444.6350645492275,3478.9323423009814,2156773
2024-06-04,3462.343017578125,3490.3027189313802,3347.242247007224,3448.363166901497,3395997
2024-06-05,3491.65380859375,3526.4637252968946,3448.3629196102897,3463.274759262659,2799670
2024-06-06,3569.894775390625,3578.7486813092887,3487.0409468085227,3523.8545556282306,4328036
2024-06-07,3629.122314453125,3648.740748916949,3576.3251734304413,3576.3251734304413,4552445
2024-06-10,3596.269775390625,3640.259657979909,3580.6122978489143,3630.101057972248,1734661
2024-06-11,3590.11865234375,3616.0744364710417,3579.7734726681783,3583.5014325459897,1419898
2024-06-12,3571.059326171875,3628.7029976160984,3567.145013751887,3610.901897932011,2177001
2024-06-13,3614.39697265625,3625.441145308923,3590.0255248663166,3594.4991224295495,1932323
2024-06-14,3571.43212890625,3624.508910984573,3567.657524106183,3624.508910984573,1860730
2024-06-18,3555.63525390625,3580.70569469464,3536.948808300375,3565.840499225813,1774045
2024-06-19,3543.146484375,3573.1101006391245,3534.991571536935,3567.331580370277,1509050
2024-06-20,3529.678955078125,3550.8350815373415,3522.968672913241,3537.833867179764,2846526
2024-06-21,3551.58056640625,3614.070535675963,3539.7443400003353,3566.725402515704,4642195
2024-06-24,3557.21923828125,3594.6851882543083,3533.4534948795167,3549.7166737784796,1702154
2024-06-25,3577.396728515625,3585.9709904295314,3534.9445413738563,3557.4055898723664,1338808
2024-06-26,3593.61376953125,3603.958722115837,3579.7736268740387,3583.035591907639,1639845
2024-06-27,3666.588134765625,3673.9043468159107,3558.4308841597035,3570.453463381977,4526556
2024-06-28,3638.628662109375,3690.6803945471183,3632.7573071473466,3651.3504621125517,2731571
2024-07-01,3707.642333984375,3729.54409757546,3619.8489271393464,3619.8489271393464,2658723
2024-07-02,3744.1767578125,3749.768698145293,3711.6970409015075,3721.9955765217287,2307449
2024-07-03,3695.572998046875,3752.2846751988714,3686.0201014501963,3746.5994457218176,1821198
2024-07-04,3747.485107421875,3772.0897796971713,3711.2774328068517,3727.820255141,2518001
2024-07-05,3738.957275390625,3752.8904794437894,3716.775869378986,3737.2796479964227,1668616
2024-07-08,3721.6220703125,3757.084331964001,3707.5025141632937,3748.4634252798046,1758882
2024-07-09,3714.4462890625,3734.4374298305197,3704.7536837012267,3713.980294044427,1305801
2024-07-10,3643.28857421875,3731.0355681986657,3636.6249368125336,3712.7684734009517,2669716
2024-07-11,3656.848876953125,3709.319956009016,3630.6600961977388,3663.652449012925,4872189
2024-07-12,3899.400146484375,3914.3119880291547,3701.212315931301,3709.320584263946,13509164
2024-07-15,3885.652587890625,3951.637292730522,3874.328546212561,3947.6299180714223,4848030
2024-07-16,3894.273681640625,3909.2783561355113,3863.005145027192,3888.2621642902236,2029521
2024-07-18,4022.049072265625,4030.8565593784106,3877.078216650679,3877.078216650679,5613364
2024-07-19,4019.106689453125,4071.746392777355,4003.086029171015,4033.11900855646,3903354
2024-07-22,4005.04736328125,4035.5008910284364,3984.168919102834,4016.8178011381533,1896386
2024-07-23,4019.060546875,4074.5027192991724,3985.38399641182,4000.9845622844437,2365208
2024-07-24,4022.70361328125,4053.3906859171716,3987.065703265684,4005.1882129331457,1809793
2024-07-25,4037.883056640625,4057.033224983282,3992.763574168281,4012.1938064248666,2810342
2024-07-26,4098.93017578125,4131.252014771132,4051.474850472995,4063.5723344725097,3552210
2024-07-29,4092.62451171875,4139.23873164348,4083.18945971872,4124.29225913021,1746803
2024-07-30,4077.911865234375,4108.411921630266,4042.3670091056038,4101.966346130687,1797906
2024-07-31,4096.59521484375,4123.358654531239,4058.901983221168,4063.5727565045063,2330091
2024-08-01,4107.57080078125,4128.308756789134,4077.6308756871877,4109.719173657026,2202244
2024-08-02,4001.03076171875,4108.412017712444,3988.8402263829325,4077.5849152603046,2811282
2024-08-05,3881.458984375,3959.881447438652,3839.842578366732,3959.881447438652,2787771
2024-08-06,3896.54541015625,3977.8633764555548,3886.829838508738,3896.3118715326104,2203067
2024-08-07,3923.869873046875,3965.439752757732,3905.0462929478185,3949.6056498315265,1237666
2024-08-08,3897.806396484375,3953.3420670954206,3886.082939299846,3905.700184906889,2441283
2024-08-09,3950.3056640625,3973.5660188394713,3928.633098185982,3939.3293491815693,1302536
2024-08-12,3919.385498046875,3959.8811895481867,3910.698043069639,3951.473798487575,936912
2024-08-13,3920.6005859375,3955.210833666653,3907.5689459677865,3935.593585790649,1495593
2024-08-14,4012.427490234375,4022.65666541517,3912.379442730103,3931.856657097139,3226545
2024-08-16,4125.27294921875,4135.502123822571,4040.3118679924623,4063.5722246731834,3457058
2024-08-19,4194.3544921875,4198.32464955761,4101.266070017889,4129.897819590409,2055210
2024-08-20,4225.46142578125,4264.415856031023,4203.695805507033,4208.366578624263,2212298
2024-08-21,4251.8046875,4259.745001647808,4196.736091046363,4220.510508211579,1896990
2024-08-22,4205.56396484375,4260.63256038501,4201.080205263111,4259.744931072301,1829872
2024-08-23,4169.97216796875,4209.300163518819,4161.658284171403,4203.69523653677,1809253
2024-08-26,4205.984375,4252.411582886306,4189.683195499672,4193.419813734232,1844164
2024-08-27,4201.03369140625,4213.037670451652,4191.365099096131,4208.366896981085,930697
2024-08-28,4209.34716796875,4262.080377779873,4163.807131055486,4202.528021816373,1848058
2024-08-29,4214.71923828125,4256.009060876179,4166.330204457366,4166.330204457366,2133641
2024-08-30,4253.90673828125,4289.871692313383,4192.29905664945,4203.695925833791,3637222
2024-09-02,4223.359375,4285.901206487449,4214.905458515991,4274.691351544587,1216500
2024-09-03,4215.232421875,4255.914670528628,4199.865396904255,4223.35929287244,1717263
2024-09-04,4184.31201171875,4191.551709902781,4144.563915753981,4182.163638580721,1265505
2024-09-05,4181.2294921875,4202.761573408929,4160.864648093675,4185.946790496868,1688793
2024-09-06,4163.29345703125,4221.398054814522,4147.646367693666,4179.361098385194,1649179
2024-09-09,4156.56787109375,4194.588149910487,4138.7724064759,4161.659196670836,1184938
2024-09-10,4211.0283203125,4241.014770036182,4148.06640023814,4149.934709178804,1385591
2024-09-11,4184.4052734375,4249.7960919167,4176.838530358877,4223.733271206021,1325919
2024-09-12,4220.23046875,4234.149281228469,4139.519145451951,4213.270834445676,2742216
2024-09-13,4224.8076171875,4247.600897834605,4208.366405266087,4231.720269890206,1458786
2024-09-16,4216.07275390625,4246.712838740109,4198.510831938327,4228.91737814958,1155120
2024-09-17,4208.97314453125,4237.137811566093,4171.934009719351,4216.07280997892,1699364
2024-09-18,4059.97607421875,4200.939917363504,4036.4821763829896,4200.939917363504,2961779
2024-09-19,4013.267578125,4131.018021075946,3999.862370444668,4100.984590387466,2927551
2024-09-20,4002.7587890625,4045.543341654271,3949.13840846222,4032.651735028388,5447908
2024-09-23,3987.438720703125,4025.6455508023273,3972.959325090873,4016.864589205444,1702319
2024-09-24,3990.05419921875,4008.457226546826,3960.815343872883,3971.69815329688,3012026
2024-09-25,3993.277587890625,4007.1498756615333,3960.8157138209835,3972.352614968177,2713073
2024-09-26,4009.859130859375,4032.5589080764444,3979.499102495268,3979.499102495268,3964251
2024-09-27,4024.991943359375,4089.7286720477664,4016.911141494716,4049.5600258855798,3012477
2024-09-30,3987.438720703125,4015.6968960109075,3979.544932255997,4004.6270733006713,2503416
2024-10-01,4005.561767578125,4012.894973053944,3963.571788322826,3975.3417724055544,1823365
2024-10-03,3954.04248046875,3997.2471263187717,3932.7904654830636,3981.927083665006,3350119
2024-10-04,3972.258544921875,4014.9961140747178,3945.9152050903635,3946.8028343335695,2965463
2024-10-07,3991.5029296875,4014.2962127335372,3950.913726246811,3992.4836096528597,1472619
2024-10-08,3973.193359375,3997.6214128260062,3927.1397164894747,3991.2693435073857,1541867
2024-10-09,3972.913330078125,4012.1943519330907,3967.074863326185,3979.498938122227,1082504
2024-10-10,3949.044921875,4011.1196752502233,3922.141452820864,3973.1929086369787,2378875
2024-10-11,3875.994384765625,3962.6372224848437,3841.6642037825386,3870.2024438892004,5759183
2024-10-14,3864.270263671875,3891.1272065370717,3850.7720043272802,3867.399772588283,2137590
2024-10-15,3845.727294921875,3895.377974493319,3825.3629080466067,3859.0389973491433,2759474
2024-10-16,3825.31640625,3844.0462519484536,3799.393615608063,3816.0216134166303,2359151
2024-10-17,3838.44140625,3858.0121283615904,3823.4481787021273,3841.9910114211275,2522659
2024-10-18,3860.9619140625,3882.5936191077576,3820.6486352567726,3830.0129701471083,2361000
2024-10-21,3820.508544921875,3876.788293233767,3811.2845829224775,3869.905415130514,1595450
2024-10-22,3760.249267578125,3829.826332498303,3751.6809912522635,3807.539166224046,1928049
2024-10-23,3807.77294921875,3852.0660735451916,3741.192431901251,3745.359744124965,1966476
2024-10-24,3790.589599609375,3819.712776952362,3749.480254699009,3749.480254699009,2676744
2024-10-25,3799.626220703125,3831.8863126796623,3776.3557541640885,3799.1580039005003,1759676
2024-10-28,3830.809326171875,3871.2163428984345,3793.4923573008123,3810.301294003955,1532534
2024-10-29,3816.200927734375,3842.655176236552,3802.0140505171976,3835.4915508341114,1445885
2024-10-30,3825.003173828125,3845.9325549291766,3801.967045880175,3815.966681601265,1935002
2024-10-31,3716.18994140625,3819.0572656752893,3708.2771230674366,3811.284820930421,3740372
2024-11-01,3730.938720703125,3744.7511163671993,3723.3068782763153,3736.2297077405597,154895
2024-11-04,3712.162841796875,3738.148871941436,3664.498467142464,3714.176311035008,2269192
2024-11-05,3718.905517578125,3732.624177811658,3690.578402330056,3690.578402330056,967590
2024-11-06,3876.507080078125,3886.011789226445,3722.557494863472,3749.105477634464,3792017
2024-11-07,3887.041748046875,3938.451856070285,3825.377738858535,3904.6469723028927,3724349
2024-11-08,3883.389892578125,3904.6937556251837,3855.90547671498,3890.8813609023655,1648039
2024-11-11,3931.803466796875,3965.1401331569796,3855.905258290536,3865.784905929242,1406487
2024-11-12,3930.5859375,3949.8765593236603,3899.6369927808482,3948.0036922969543,1587640
2024-11-13,3886.52685546875,3929.9772782781292,3868.4534146320793,3912.512885008803,1098813
2024-11-14,3882.35986328125,3895.5636681242045,3854.7821688707118,3872.1528287724964,1825432
2024-11-18,3763.994873046875,3945.194775506029,3736.5573227124837,3945.194775506029,3313944
2024-11-19,3782.770263671875,3869.48387485758,3758.9380751010713,3764.369206895897,1776233
2024-11-21,3813.953369140625,3832.3073290355883,3768.208500051012,3787.779869251299,2384347
2024-11-22,3974.7861328125,3984.4783119791628,3796.301797976082,3812.2211691072102,3096553
2024-11-25,4040.804931640625,4052.978569081819,3981.903346546831,4007.9360191008027,4052167
2024-11-26,4076.014404296875,4089.0307389004984,4036.0285097141345,4046.3759173117037,2060669
2024-11-27,4057.145263671875,4099.1444026279705,4049.1855779681123,4081.8674768285296,1558993
2024-11-28,3975.066650390625,4064.0749328901306,3963.9231826910855,4044.4564672909987,2558544
2024-11-29,3999.3671875,4025.4469524620627,3928.9472039488446,3951.749451593235,2017425
2024-12-02,4004.798583984375,4015.614666194075,3961.1606876475703,3998.5713921173747,1670944
2024-12-03,4029.239990234375,4050.075639477932,3994.3111970963105,4040.1027122998416,2010905
2024-12-04,4077.60595703125,4108.087141922203,4016.4099361163426,4039.352556956816,3302642
2024-12-05,4180.2861328125,4203.65033349106,4082.850401875924,4121.056708977947,3746747
2024-12-06,4162.91552734375,4181.175982361904,4132.247327249158,4169.938779273809,1842087
2024-12-09,4169.142578125,4185.296057017253,4134.869018418065,4148.822244241094,2066639
2024-12-10,4150.78857421875,4208.145132266229,4131.638781428679,4144.795490622383,2087828
2024-12-11,4146.013671875,4165.865792466749,4126.863419332824,4150.1338888096625,1635256
2024-12-12,4171.76416015625,4199.903800942114,4144.654230316565,4148.4466026911705,1914642
2024-12-13,4189.509765625,4209.17486922556,4115.063301994309,4153.035954959239,1967048
2024-12-16,4134.54150390625,4190.540046094315,4117.498230765743,4175.557109616659,1646224
2024-12-17,4053.352294921875,4151.162954243801,4043.519743438294,4129.6716231039545,3225027
2024-12-18,4071.472900390625,4084.723344320789,4016.9256434427375,4037.6209173556795,1575404
2024-12-19,4000.35009765625,4086.5957127398788,3991.0794976391758,4009.8081672667645,3015763
2024-12-20,3905.208251953125,4103.451397145036,3888.5399193621092,4053.8204240622686,4116989
2024-12-23,3893.971435546875,3948.940267652302,3853.3303110561437,3933.0675361336625,2195338
2024-12-24,3913.823486328125,3949.876173066642,3893.9709148892434,3893.9709148892434,1181886
2024-12-26,3904.085205078125,3932.9742715466155,3879.784571556427,3913.824022550346,1208464
2024-12-27,3900.10546875,3915.1821407656116,3883.624146371002,3898.372975186565,858100
2024-12-30,3894.439697265625,3932.3652563563705,3850.6147896579423,3887.135698411994,1527169
2024-12-31,3834.50830078125,3876.7884144403706,3775.7470931508838,3872.1528852838974,1555429
2025-01-01,3851.036376953125,3871.216337275171,3825.752442210114,3834.1334768483284,763161
2025-01-02,3910.3125,3917.1016434173503,3836.521717202397,3858.1063282045143,1720835
2025-01-03,3839.283935546875,3914.245717822352,3832.1671775259365,3914.245717822352,1791953
2025-01-06,3834.695556640625,3885.871560960142,3807.9134644789865,3844.52810934996,2085593
2025-01-07,3772.2353515625,3877.162777576041,3756.5500894487573,3853.3774566252837,2669054
2025-01-08,3847.24365234375,3863.724974901958,3762.3560392419636,3778.415783789389,2181277
2025-01-09,3782.11474609375,3874.727933015094,3769.4260257292876,3840.3139999504324,2392472
2025-01-10,3994.497314453125,4023.8545949995028,3904.927545065843,3933.0205489871796,7894300
2025-01-13,4018.330322265625,4048.1558239473816,3958.6793189021128,3975.1606417511357,4003771
2025-01-14,3963.969482421875,4039.6802192540545,3950.859413957183,4028.5367525076463,3441709
2025-01-15,3979.468505859375,3985.8831677707726,3939.99791920476,3949.8771112539193,1653474
2025-01-16,3938.92041015625,4021.0458185510897,3925.3892191834284,3989.207076624975,2637705
2025-01-17,3933.1982421875,3967.8165423249693,3910.071878467617,3967.148790924069,1761466
2025-01-20,3888.85302734375,3953.70197855909,3879.6025285384753,3953.70197855909,1287799
2025-01-21,3848.84716796875,3920.514965783352,3843.2681372189027,3905.5424789112035,1971591
2025-01-22,3964.002197265625,3970.2485138616216,3856.81016118588,3862.3414621912134,2409223
2025-01-23,3953.368896484375,3997.1420062138413,3948.2187353873046,3974.873845832015,1822998
2025-01-24,3959.94873046875,3984.4101308405807,3913.838960500178,3913.838960500178,1910099
2025-01-27,3876.7890625,3963.7634492210204,3853.8058882600144,3911.9316916717908,1551782
2025-01-28,3853.090576171875,3911.9316269694687,3841.6466026166254,3882.1773422914675,2468272
2025-01-29,3909.833740234375,3917.5110192644393,3866.156090057751,3866.156090057751,1217089
2025-01-30,3910.072021484375,3938.539000483225,3870.447447016769,3909.929064937949,1531251
2025-01-31,3921.849853515625,3937.1564483563893,3895.9579550966228,3919.5611518137493,1492943
2025-02-01,3884.418701171875,3944.261152184611,3868.0634471339617,3922.422326938359,437172
2025-02-03,3880.126953125,3888.0901447868278,3813.4181682881867,3844.1261184510477,1265713
2025-02-04,3916.74755859375,3928.0010789730964,3877.6475473199966,3894.4796324423637,2547132
2025-02-05,3901.536865234375,3957.707610233867,3887.136438388733,3957.707610233867,1693912
2025-02-06,3893.573486328125,3947.6939432135873,3863.8192024122486,3915.1738927290917,2284536
2025-02-07,3842.695556640625,3900.487717170586,3822.2872299314695,3900.487717170586,1548940
2025-02-10,3849.89599609375,3864.248693904035,3828.34331731039,3852.804719489709,1339511
2025-02-11,3779.897216796875,3852.8048259096363,3771.743338235795,3832.205578263567,1810908
2025-02-12,3767.11767578125,3835.400146101803,3757.5810309224153,3787.097133023103,1678002
2025-02-13,3728.97119140625,3799.828511079361,3721.437334907012,3784.140776452309,2277310
2025-02-14,3752.52685546875,3765.0674505275315,3719.2915544724856,3743.133167001155,1681975
2025-02-17,3723.5830078125,3751.7161103174226,3677.520966298114,3677.807112211271,1799806
2025-02-18,3693.7333984375,3742.5609756413837,3685.4365636204366,3717.765697945917,2149879
2025-02-19,3608.76171875,3695.4019938643646,3593.550584592638,3692.7794166411277,4366672
2025-02-20,3604.279541015625,3612.4811488989126,3577.4817080927064,3587.209039488717,2888572
2025-02-21,3610.57373046875,3640.137329423988,3600.0834211620527,3601.1325452240194,1833931
2025-02-24,3505.289794921875,3588.8306765212556,3499.9491798812087,3569.7096541908536,2508516
2025-02-25,3461.373046875,3488.504755446709,3453.4575849265707,3457.033826816381,4101954
2025-02-27,3445.160888671875,3469.431604706493,3433.8598707149063,3444.3501806796594,3823856
2025-02-28,3321.851806640625,3433.192134904543,3296.8181139902795,3418.83943788603,7085018
2025-03-03,3331.197509765625,3359.9981283460957,3315.0804415597713,3323.5204647090454,4990439
2025-03-04,3368.390869140625,3386.462765522496,3303.780096861225,3313.03059628982,2797737
2025-03-05,3382.695556640625,3433.5259187324127,3357.7095944485823,3357.7095944485823,2501894
2025-03-06,3434.71826171875,3442.204388576499,3372.253235052136,3392.184730582395,2786513
2025-03-07,3443.873291015625,3457.033908045006,3408.778389880028,3433.1922948860747,2051315
2025-03-10,3423.32177734375,3454.2683775177134,3416.5986286887846,3439.391117760303,1004626
2025-03-11,3409.636962890625,3422.4637047132396,3373.7313523521616,3393.1385193645992,1995450
2025-03-12,3343.73828125,3403.8668719856255,3325.285013656077,3399.8137980328515,3174167
2025-03-13,3348.363525390625,3360.9995790197195,3322.6623157069057,3340.0189616732987,1693004
2025-03-17,3335.632080078125,3366.864590627224,3316.2251483346326,3327.3352459788202,2690906
2025-03-18,3335.632080078125,3335.632080078125,3335.632080078125,3335.632080078125,0
2025-03-19,3335.060302734375,3382.6480693895237,3302.301833176931,3382.6480693895237,3051244
2025-03-20,3398.049560546875,3413.117506170413,3349.269714639503,3349.269714639503,2845192
2025-03-21,3412.306884765625,3448.6890906480107,3304.4473416095007,3313.98398617403,4161925
2025-03-24,3460.800537109375,3480.636804108051,3401.339698729423,3433.1919980242437,1834751
2025-03-25,3488.266357421875,3538.0953280117983,3469.4314833711383,3476.1071349334247,3135390
2025-03-26,3467.33349609375,3509.9622534210275,3457.8445807190283,3478.7297405017125,1734499
2025-03-27,3482.019775390625,3493.2730630548403,3443.2056768112207,3447.354210516991,2528474
2025-03-28,3439.05712890625,3491.3179898494645,3425.467409839091,3481.829074680501,2051919
2025-04-01,3386.271728515625,3417.9333412495,3361.6671394822783,3407.156886548775,2618493
2025-04-02,3379.739013671875,3398.9554916534353,3366.4831712122864,3379.786743459071,1764313
2025-04-03,3245.46337890625,3339.733211605574,3238.7877271411903,3329.2429016890515,4537821
2025-04-04,3146.5205078125,3242.1253724074613,3142.80130945332,3206.7922895105216,5317367
2025-04-07,3122.34521484375,3138.8911537557533,2914.446359699624,2956.3598667283995,6623955
2025-04-08,3140.36962890625,3193.8225734236476,3104.46425178094,3149.0480694302546,5557558
2025-04-09,3096.166748046875,3118.4824005340924,3063.217598441951,3109.4703190614932,2990265
2025-04-11,3081.7666015625,3146.0912207172287,3057.448158628926,3137.126868218105,7108961
2025-04-15,3097.693115234375,3160.8256612772952,3088.5380753385457,3160.8256612772952,3512160
2025-04-16,3122.10693359375,3126.2077375710383,3079.3827167859167,3097.693028895488,2384391
2025-04-17,3146.04345703125,3150.5258660607433,3068.8920987065558,3095.1178702150796,2932346
2025-04-21,3167.692138671875,3198.5907757535792,3131.929719443861,3137.6517065203434,2432946
2025-04-22,3160.8251953125,3179.4216511188765,3142.3241990774454,3168.6454296577595,2710498
2025-04-23,3254.85693359375,3262.390790001095,3182.6645776182195,3209.081037662751,3543923
2025-04-24,3243.9853515625,3254.380201786355,3230.7292749264034,3243.508519298502,2252175
2025-04-25,3288.235107421875,3316.65435532197,3247.2275350265327,3261.532502141187,2742991
2025-04-28,3283.94384765625,3297.5812971612027,3247.2277628196694,3275.837699055966,1593296
2025-04-29,3311.60009765625,3333.0575496928996,3271.450727603039,3294.9109682944113,1578332
2025-04-30,3293.6708984375,3347.266794515735,3210.034571873815,3311.123004618504,2809332
2025-05-02,3272.022705078125,3329.7194038998173,3261.5323962014536,3311.122947254809,1721761
2025-05-05,3294.2431640625,3342.117073001106,3286.7090751925784,3290.142360352066,1284443
2025-05-06,3299.67919921875,3312.076837828531,3277.7449155245213,3299.67919921875,1324763
2025-05-07,3285.469482421875,3299.202157339632,3262.104703449532,3262.104703449532,1477128
2025-05-08,3289.093505859375,3315.8915722956835,3269.829528910395,3288.235300913292,2543591
2025-05-09,3280.89208984375,3286.518617372084,3240.6474937252347,3241.505698660658,2531757
2025-05-12,3452.646728515625,3462.278832722667,3339.923635561146,3342.5939426230407,2228678
2025-05-13,3352.130859375,3455.126629734175,3347.839368943368,3452.647008797929,3062887
2025-05-14,3384.26904296875,3395.999162462871,3346.027237589939,3357.8525838336896,2119499
2025-05-15,3414.0234375,3433.192187008764,3351.272499900048,3398.8602651386764,3548330
2025-05-16,3396.28515625,3427.3744767433614,3381.7895035858132,3427.3744767433614,1666727
2025-05-19,3355.754638671875,3385.5089240585153,3341.3542118072583,3385.5089240585153,2537377
2025-05-20,3336.20458984375,3393.1383143193784,3332.103785899918,3368.1523508133114,2038374
2025-05-21,3362.4306640625,3373.1116609241435,3336.2048877901184,3345.4553877641774,1440153
2025-05-22,3315.891357421875,3335.7276249349993,3291.382227143766,3333.057317857191,2034383
2025-05-23,3351.749267578125,3371.2039297984234,3305.0197081551764,3315.8913900733005,1274331
2025-05-26,3373.397705078125,3380.7408756471646,3347.4580755316188,3357.852926136436,967470
2025-05-27,3336.5859375,3375.972327891045,3321.708911006242,3368.3430118958113,2467680
2025-05-28,3335.632080078125,3365.481823748712,3331.149903755809,3356.8988437504863,1222933
2025-05-29,3336.01416015625,3368.820128574258,3324.951557897849,3342.3082066867746,3188072
2025-05-30,3302.92138671875,3344.2151042659493,3293.098829075797,3328.288954402222,3404365
2025-06-02,3289.951904296875,3299.679235825276,3260.197617868956,3290.1425906350296,1877585
2025-06-03,3247.418212890625,3312.553542881876,3242.936036438699,3286.3277699067066,2848125
2025-06-04,3252.90234375,3266.2762443041534,3242.415101032151,3260.6957796433117,2544807
2025-06-05,3243.473388671875,3279.9384360226436,3236.353404838992,3279.9384360226436,3584683
2025-06-06,3256.077392578125,3262.523690035982,3231.542798077587,3243.4734869301915,2070390
2025-06-09,3292.350341796875,3303.992342378787,3262.5239694574043,3271.27954690969,1718678
2025-06-10,3331.798095703125,3353.8312663403485,3293.601143598204,3309.7651599636156,2419874
2025-06-11,3340.457275390625,3356.909980604606,3318.5206483022603,3338.629301432497,2847013
2025-06-12,3304.1845703125,3343.1512807546196,3293.6010193282204,3340.4572389790806,4060134
2025-06-13,3315.249267578125,3319.8675914563746,3264.7368639985107,3264.7368639985107,2178493
2025-06-16,3363.93359375,3376.152737355931,3296.487416323079,3309.7650089781714,1934088
2025-06-17,3382.21435546875,3386.736371257649,3356.04416685221,3377.114961112031,2111940
2025-06-18,3320.733154296875,3404.054653859175,3312.7475723939338,3385.8702840087717,2696327
2025-06-19,3294.370849609375,3320.3486571267385,3283.787298398597,3319.386516107577,2672768
2025-06-20,3305.62744140625,3315.826228899941,3281.766300119304,3295.332580761218,2351248
2025-06-23,3265.121826171875,3295.332959933054,3242.4152043720856,3285.71154983106,3123421
2025-06-24,3262.042724609375,3311.785601803136,3253.9608342374113,3304.569544364703,3403048
2025-06-25,3314.38330078125,3319.3863869066126,3271.2793378210094,3278.3030139670477,1757699
2025-06-26,3311.496826171875,3320.7332385135887,3286.000090554292,3314.3832490719788,2879106
2025-06-27,3310.82373046875,3335.1657116254887,3301.106011701098,3324.197397384813,1778433
2025-06-30,3330.93212890625,3333.7222438362,3300.143617027278,3309.6687189307536,1468351
2025-07-01,3299.85498046875,3353.0614253891877,3284.268343060543,3324.1971950415045,2375183
2025-07-02,3293.697265625,3357.7757139896216,3290.5221534097136,3355.1779803217332,3090585
2025-07-03,3272.049072265625,3305.242935877825,3268.9702681275116,3300.143541734672,2531870
2025-07-04,3290.329833984375,3297.257202194738,3261.7542933055606,3278.9765232213795,1109320
2025-07-07,3282.53662109375,3296.3915933540857,3279.361508602982,3288.8868460752856,1639174
2025-07-08,3277.244873046875,3295.333172183221,3264.9294203435506,3276.090350739815,2325242
2025-07-09,3255.692626953125,3284.749236961352,3239.528611847941,3280.9006731219124,2034938
2025-07-10,3253.960693359375,3270.317089511684,3228.945028655843,3252.036411459103,3035012
2025-07-11,3142.352294921875,3208.740019462478,3137.6378982976325,3174.968778671878,7635550
2025-07-14,3100.691650390625,3148.1252470894524,3078.8510973979974,3142.352401281831,3924009
2025-07-15,3129.1708984375,3136.0019578941046,3084.6237277539685,3084.6237277539685,2590889
2025-07-16,3121.2548828125,3132.6464874286985,3109.187305299685,3115.365810708297,2540733
2025-07-17,3098.181640625,3129.8470122556437,3093.2582102459683,3112.5663349360093,2947640
2025-07-18,3079.549072265625,3117.103513998714,3076.749488627971,3113.434923384125,3432645
2025-07-21,3048.946044921875,3086.9831935033963,3042.9605731669335,3079.6460115490218,3844346
2025-07-22,3050.297607421875,3070.0884350644405,3045.470576289542,3050.297607421875,3198036
2025-07-23,3069.122802734375,3071.92238630693,3048.3665703944635,3050.297382705153,1922875
2025-07-24,3039.098876953125,3063.909770455093,3031.3756269481614,3055.6074181166887,2934778
2025-07-25,3027.32080078125,3047.6907301283586,3017.47370470728,3031.375459671135,2568917
2025-07-28,2972.775390625,3010.1365638260077,2963.700430830921,3002.413314143324,3374473
2025-07-29,2950.281494140625,2967.658806606113,2935.993434530025,2954.1431191329557,4785312
2025-07-30,2947.96435546875,2962.831516110354,2941.7856146047457,2954.14286063789,2880121
2025-07-31,2931.74560546875,2953.9499481457733,2910.6997030967705,2936.47600158721,2968371
2025-08-01,2899.11474609375,2931.7455219766357,2896.2185275661836,2925.0840779463133,2053847
2025-08-04,2968.044677734375,2972.8717086542492,2888.1092342571515,2905.0038424767117,2519252
2025-08-05,2957.907958984375,2971.0375775693733,2936.7656575031788,2968.044724074376,1927996
2025-08-06,2927.401123046875,2960.7076353045086,2921.319017147813,2957.0390447864347,1487081
2025-08-07,2941.5927734375,2946.0337363593026,2906.741514367591,2911.665180402855,2543076
2025-08-08,2931.359130859375,2953.94977611907,2920.353595060068,2942.6545713366527,2762140
2025-08-11,2935.607177734375,2944.3922326106717,2916.78175710605,2931.3592490987544,1884215
2025-08-12,2930.393798828125,2989.2835752923374,2922.187846369997,2935.8001676667204,3358232
2025-08-13,2931.166259765625,2939.0825434733065,2923.8293140563796,2931.0698605624675,2148166
2025-08-14,2917.7470703125,2950.1845757137776,2914.6578177545016,2929.0422751905776,3342174
2025-08-18,2907.03125,2943.5236533530624,2899.501034118434,2941.1101377304376,2945609
2025-08-19,2911.858154296875,2920.353776057107,2906.9347240582983,2907.0311232620697,2650784
2025-08-20,2991.40771484375,2996.0414760002127,2906.741403418293,2906.741403418293,4952358
2025-08-21,2995.26953125,3021.721568272579,2976.444109339037,3021.721568272579,3230726
2025-08-22,2948.3505859375,2988.6079780367672,2944.4889610705222,2979.2435848733217,1593791
2025-08-25,3031.955078125,3042.960615514831,2970.6517789228456,2980.4988759076773,3448370
2025-08-26,3047.98046875,3052.6144657420946,3012.067404527304,3020.756060501902,5522097
2025-08-28,2986.67724609375,3037.6507428505593,2979.7263682848406,3036.2026334864163,3116051
2025-08-29,2977.988525390625,3007.2403810515466,2970.747978726777,2986.001444170926,2271789
2025-09-01,3004.92333984375,3022.7833539936464,2983.105066117822,2983.105066117822,1246862
2025-09-02,3003.861572265625,3045.856744495596,2995.752253975034,3013.1295666219185,2185229
2025-09-03,2990.345947265625,3033.209891747505,2981.1745876210657,3021.6250164070084,1799774
2025-09-04,2988.60791015625,3010.136515439645,2983.877514079595,3008.205703050011,1481391
2025-09-05,2942.84765625,2996.0413944584525,2923.8292019621163,2989.959524182405,2802055
2025-09-08,2914.56103515625,2958.8730811610762,2911.664816837115,2944.488624453979,2626187
2025-09-09,2943.909423828125,2954.1428233110028,2925.9530108288373,2927.208085964641,2489301
2025-09-10,3002.413330078125,3014.6739418754814,2947.7712440051832,2950.667462651561,2079428
2025-09-11,3016.1220703125,3030.4101295308183,3002.5099840051885,3030.4101295308183,2263446
2025-09-12,3025.003662109375,3039.774423958481,3013.0327196287853,3035.237062003493,1447167
2025-09-15,3004.24755859375,3025.583130595429,2988.8976937854013,3025.583130595429,1732539
2025-09-16,3036.878173828125,3041.0294675418386,3001.5444490507502,3019.790531578054,2573429
2025-09-17,3063.040771484375,3072.308529384687,3033.692282229551,3042.9602758247306,2418271
2025-09-18,3066.805908203125,3092.1961390627853,3052.035145819797,3074.8188270106057,2633138
2025-09-19,3059.565185546875,3070.474322402291,3035.2369972120114,3060.337557621526,4901694
2025-09-22,2967.465576171875,2999.420379452393,2958.96995461183,2987.93214013821,3634901
2025-09-23,2956.4599609375,2974.126942183857,2946.419830367542,2963.79714260431,3177741
2025-09-24,2930.393798828125,2951.2466664114318,2928.0769182943645,2944.4888232106205,1625714
2025-09-25,2855.092041015625,2924.794553291062,2848.913535961088,2917.4573723057974,4974361
2025-09-26,2798.809326171875,2852.5824066299083,2791.279110356836,2839.2597533717444,3934636
2025-09-29,2795.912841796875,2827.964278797825,2793.885394606466,2815.124329879908,3110035
2025-09-30,2788.479248046875,2814.448816935253,2785.2935960579534,2810.297523025748,2253458
2025-10-01,2813.38671875,2823.620118812873,2767.433524755383,2790.989341906879,1952902
2025-10-03,2801.51220703125,2822.8477787064007,2791.086008442819,2822.8477787064007,2899519
2025-10-06,2885.019775390625,2890.040076154485,2795.4302691582598,2801.608774520881,2112774
2025-10-07,2870.828125,2900.562680563452,2853.2577807972316,2891.3913224455114,3062943
2025-10-08,2922.477783203125,2937.7312492504684,2865.3257797487317,2872.083623568894,4121889
2025-10-09,2955.7841796875,2959.9354735767624,2915.5267874109013,2929.042474504859,3211304
2025-10-10,2923.53955078125,2963.7969409179377,2902.8797173331764,2944.4888175243354,8817365
2025-10-13,2903.16943359375,2930.4904757795234,2894.4807779251564,2922.2845232036298,2866865
2025-10-14,2857.89208984375,2922.477671901626,2853.2580928331454,2916.492200456414,3611416
2025-10-15,2877.756591796875,2887.349664986807,2859.539215693528,2878.9193527026337,4282226
2025-10-16,2878.628662109375,2882.7954389661986,2851.8842144350965,2877.8534092983937,3251495
2025-10-17,2870.391845703125,2896.1675207642234,2863.8025522629873,2877.950145926403,4374683
2025-10-20,2921.749267578125,2929.307567962745,2886.186765192536,2892.9698128193104,3133039
2025-10-21,2913.512939453125,2937.8351067763124,2903.1446131495227,2937.1568492749448,310644
2025-10-23,2977.951904296875,3001.9833223001874,2942.001890896718,2960.3160263483123,5564758
2025-10-24,2968.26171875,2994.231149497321,2963.513679841537,2984.541081052346,2684318
2025-10-27,2989.2890625,2998.300873295387,2965.3546412157716,2971.4594315335457,1946312
2025-10-28,2963.1259765625,2994.424945391891,2945.974602490029,2980.6650953225503,3470737
2025-10-29,2962.83544921875,2980.665080689528,2951.691870406029,2963.125962015583,2895420
2025-10-30,2941.226318359375,2968.8430115115416,2938.8038014162025,2954.598659200471,2241536
2025-10-31,2963.222900390625,2972.3314700068563,2931.342670159881,2940.9357431934422,1868085
2025-11-03,2923.2998046875,2963.2228381217715,2916.710511035491,2952.4667678534975,2194877
2025-11-04,2897.5244140625,2935.412678861251,2883.764563259587,2926.0133591519766,2670720
2025-11-06,2917.582763671875,2930.276848617888,2897.330614208824,2897.4276095278424,2542721
2025-11-07,2899.074951171875,2910.896788283535,2868.7449872547954,2907.989767522932,1830520
2025-11-10,2931.439453125,2953.4358611387806,2899.2684732632038,2900.237480105872,1556656
2025-11-11,2952.56396484375,2960.9942773891976,2924.462765309628,2950.6259510827763,2806868
2025-11-12,3034.735595703125,3039.192885115363,2962.3508338140637,2965.1608589527805,4460315
2025-11-13,3009.444580078125,3034.8325126833847,3005.859301984357,3034.7357539410323,1740435
2025-11-14,3009.7353515625,3016.6153949995773,2981.924901585002,2994.2312415737683,2210794
2025-11-17,3006.052978515625,3026.6928715689805,2990.93661372188,3009.7352518307202,2232853
2025-11-18,2991.421142578125,3008.7662705711664,2982.6030856096777,3005.8592500198897,2548350
2025-11-19,3050.142822265625,3057.216619603584,2987.932629650603,3001.0142221592077,3151053
2025-11-20,3047.3330078125,3066.422396812198,3040.8407087665255,3050.433782640164,2700767
2025-11-21,3052.952880859375,3071.7515179167412,3038.0300343800313,3047.3325941742696,4177037
2025-11-24,3043.84423828125,3080.375748831919,3033.960415828725,3060.1236005069036,6703764
2025-11-25,3022.526123046875,3052.1778273241375,3018.4563415864895,3047.817296493595,2737920
2025-11-26,3064.87158203125,3079.503679669953,3020.394263540353,3022.1385231343734,2508527
2025-11-27,3039.386962890625,3081.4417653096157,3028.1463888655812,3081.4417653096157,2836233
2025-11-28,3040.2587890625,3049.7551028737985,3028.146204245518,3042.6813060258964,1616690
2025-12-01,3036.285888671875,3056.2475238822894,3025.433059554359,3040.646419381282,1747647
2025-12-02,3038.5146484375,3046.557452385492,3023.688796726563,3033.96036368288,2512003
2025-12-03,3081.441650390625,3112.3528729457903,3041.7123712503685,3042.6813780586676,3952112
2025-12-04,3129.11669921875,3149.27208789607,3088.6121678196405,3095.00770730463,5025905
2025-12-05,3137.837890625,3170.2028609083113,3122.527535293584,3129.892081880524,5244013
2025-12-08,3136.190673828125,3158.8653395160463,3109.1554773099156,3142.489218360763,2544725
2025-12-09,3108.86474609375,3133.4774256277456,3082.604565643986,3129.8921475722495,2734893
2025-12-10,3090.356689453125,3125.0471830165943,3079.6008550466445,3125.0471830165943,1386849
2025-12-11,3092.972900390625,3108.9615135733166,3055.3756234989633,3105.6669848803986,1914362
2025-12-12,3120.6865234375,3123.1090405337873,3086.9650381423917,3098.5931202045713,1146554
2025-12-15,3130.0859375,3137.8379924435076,3098.2057061744017,3111.578048266741,1562190
2025-12-16,3105.763916015625,3120.202023295087,3092.197820262168,3120.202023295087,1734623
2025-12-17,3118.0703125,3136.5782015286727,3101.306446555184,3101.306446555184,1376350
2025-12-18,3179.117919921875,3185.9009682967376,3121.171259347543,3127.9543077224057,2307422
2025-12-19,3180.280517578125,3215.067769256,3177.179742937931,3196.753634213965,3902511
2025-12-22,3221.850830078125,3225.436344736965,3189.0015919916527,3207.4127224224762,2632816
2025-12-23,3207.41259765625,3217.005670614833,3191.423985009323,3217.005670614833,2365420
2025-12-24,3216.1337890625,3223.98283930865,3193.943626455098,3201.695681385047,1367708
2025-12-26,3178.342529296875,3217.102804044398,3170.3967202884214,3210.4167512800273,1176664
2025-12-29,3150.7255859375,3186.094333865139,3142.392032892103,3178.342279524835,2079473
2025-12-30,3146.17138671875,3166.229780553915,3139.097589626445,3149.2721612242462,2807593
2025-12-31,3106.82958984375,3145.3961082329884,3099.3682847144837,3139.582067367493,3362634
2026-01-01,3127.37255859375,3133.865093634826,3099.0776063813255,3115.35696849259,1255735
2026-01-02,3149.950439453125,3153.4389586535176,3119.717473820805,3133.7680727866077,1184324
2026-01-05,3116.4228515625,3146.3650669323792,3092.1006863508537,3140.066522757738,2341703
2026-01-06,3154.892578125,3162.063134250383,3105.666982384277,3110.512016678168,2912325
2026-01-07,3193.458984375,3198.3040184958663,3123.3027483604965,3142.3921354819236,1989442
2026-01-08,3104.600830078125,3185.028395467413,3083.3796755266676,3185.028395467413,4159336
2026-01-09,3108.380126953125,3129.6012816982266,3092.1007650495476,3092.1007650495476,1938673
2026-01-12,3139.19482421875,3151.2104150586442,3075.9186268106855,3103.7290773163704,2228342
2026-01-13,3166.71435546875,3178.3424375573745,3110.9964621274244,3144.42719813222,5645341
2026-01-14,3093.554443359375,3158.9624073145064,3084.348878061986,3158.9624073145064,3539511
2026-01-15,3093.554443359375,3093.554443359375,3093.554443359375,3093.554443359375,0
2026-01-16,3163.8017578125,3178.7983689605644,3128.579389024886,3176.3318131508636,4293470
2026-01-19,3121.278564453125,3176.9239686725823,3109.9324074221513,3145.3520534559602,3387562
2026-01-20,3060.798583984375,3117.7266457653604,3049.7484617692403,3109.4391143226594,4499273
2026-01-21,3080.826904296875,3096.5141025881594,3040.769942385441,3058.5291438659533,2015150
2026-01-22,3108.2548828125,3117.7265535020897,3080.5309399469356,3107.8603302315137,2269827
2026-01-23,3120.193115234375,3151.7650297600667,3109.8335807806325,3147.621264153488,2068857
2026-01-27,3115.75341796875,3132.5259981161435,3088.127991843631,3132.5259981161435,4279874
2026-01-28,3157.290283203125,3162.3219126707263,3128.184923835551,3133.5125881835056,2751234
2026-01-29,3102.335205078125,3157.2902623909354,3083.786897692938,3157.2902623909354,2457641
2026-01-30,3082.109375,3098.980713054142,3050.636219281569,3098.980713054142,3022068
2026-02-02,3127.1982421875,3155.218220087344,3092.074390792288,3155.218220087344,2636272
2026-02-03,3182.153076171875,3305.1848335937134,3143.674804974814,3305.1848335937134,4366060
2026-02-04,2958.979248046875,3078.2617963038065,2946.0543986420407,3078.2617963038065,10852595
2026-02-05,2951.480712890625,2989.1696378838233,2932.5376122480607,2950.000779389259,3521545
2026-02-06,2902.248291015625,2945.0676030314735,2876.990663463912,2936.7800719556926,4687389
2026-02-09,2908.760009765625,2937.174782066686,2898.2031986297916,2919.5143380742375,2380318
2026-02-10,2944.673095703125,2971.3118985519286,2904.1228216834434,2910.3385905230825,3547763
2026-02-11,2870.873779296875,2957.893822910036,2865.348597754142,2940.134620504305,3363513
2026-02-12,2713.31005859375,2841.472197833708,2703.3450771056805,2831.4086986412967,10612156
2026-02-13,2656.1845703125,2676.706362809734,2550.4187054416375,2550.4187054416375,11168735
2026-02-16,2670.39208984375,2683.4154564010123,2635.2682386101537,2663.880286127823,2918730
2026-02-17,2681.04736328125,2723.0775699498763,2659.144396219614,2679.666188399951,4209118
2026-02-18,2658.848388671875,2693.478928386682,2621.751534036431,2693.478928386682,2950820
2026-02-19,2642.075927734375,2711.9288391622777,2630.9272877397234,2671.7733571903564,3238849
2026-02-20,2650.264892578125,2666.4456435463158,2612.0826560359187,2631.3217917460984,2293482
2026-02-23,2640.497314453125,2667.8267040377664,2624.612599044486,2650.0675026055624,4699596
2026-02-24,2539.269775390625,2612.0825495938816,2527.035755172012,2605.669504618486,7798833
2026-02-25,2594.126220703125,2618.6930211303556,2560.2850255621997,2561.2716479227247,3621285
2026-02-26,2612.27978515625,2635.26813265383,2599.749730266882,2614.549064594777,3464267
2026-02-27,2602.11767578125,2652.6329325338243,2590.969035984877,2645.726576120342,5083717
2026-03-02,2578.537353515625,2588.6996112720262,2545.7815416803182,2557.324974292137,3374385
2026-03-04,2553.181396484375,2599.7499237945026,2545.880246481027,2589.8837001747893,3446434
2026-03-05,2544.3017578125,2574.5910157046947,2512.335049229941,2565.2181034037962,2960636
2026-03-06,2523.385498046875,2584.161292192951,2519.4390085227947,2537.5927639837228,3998643
2026-03-09,2493.589111328125,2525.7530947438377,2471.4888680989507,2496.1544256648085,3653428
2026-03-10,2479.480712890625,2511.1511456572443,2456.7883989435327,2507.007379980955,4323710
2026-03-11,2431.92529296875,2487.2749022159755,2427.1896984686477,2474.547570466413,2720664
2026-03-12,2409.726318359375,2439.818299872899,2403.412031703097,2426.8936916820116,2752075
2026-03-13,2378.253173828125,2413.179508655849,2364.9337721078678,2404.398666093815,2466488
2026-03-16,2376.970458984375,2392.5591399058967,2334.4471812699776,2377.759805019881,3807907
2026-03-17,2359.70458984375,2387.6260500920594,2328.428710007132,2387.6260500920594,2993367
2026-03-18,2408.14794921875,2449.684606821956,2377.759931791064,2377.759931791064,3082388
2026-03-19,2324.482177734375,2391.5724952581177,2318.7597201236085,2384.6661390424383,2757060
2026-03-20,2358.619384765625,2375.5892402804725,2332.5724113216993,2354.0808258010857,4206320
2026-03-23,2351.910400390625,2374.602714385491,2316.589272171523,2333.3618520807718,3860515
2026-03-24,2366.709716796875,2402.819949907421,2347.2733048784753,2371.9388633725343,3420182
2026-03-25,2345.595947265625,2389.204849113034,2338.097761710688,2368.781573169959,5843778
2026-03-27,2357.830078125,2389.69802736586,2353.0942427947716,2371.7413083689694,4979411
2026-03-30,2327.34326171875,2365.9202902405636,2314.8132066050703,2343.3267357786763,6804756
2026-04-01,2375.98388671875,2438.9304406017563,2365.8216283746565,2396.5056797013217,4132661
2026-04-02,2417.915283203125,2436.858383664294,2343.91860884341,2354.080866963729,5378361
2026-04-06,2440.804931640625,2448.7966690134326,2415.4487854587173,2440.903690225315,2572417
2026-04-07,2505.823486328125,2509.868493428073,2415.251506653692,2428.0775971710527,4516550
2026-04-08,2524.9638671875,2545.781695099603,2506.119524847839,2537.592681428627,4769337
2026-04-09,2554.365234375,2570.1511917909907,2497.2398973257214,2519.8334525275204,5628261
2026-04-10,2490.53076171875,2531.4755878535475,2467.641172150841,2531.4755878535475,10480239
2026-04-13,2439.5224609375,2471.390169384871,2436.9571465386753,2456.5908344868626,3739587
2026-04-15,2520.72119140625,2524.7664391435346,2460.0439205944767,2468.430210056267,5261384
2026-04-16,2542.427001953125,2559.298340252972,2523.779936147688,2537.5926488552986,3905403
2026-04-17,2546.965576171875,2554.365243737743,2521.707947863873,2535.6194192375438,2718206
2026-04-20,2545.091064453125,2559.2983296867455,2526.937069016173,2552.490731944509,2288558
2026-04-21,2575.57763671875,2579.0308149330826,2525.7532081976633,2525.7532081976633,2719959
2026-04-22,2504.540771484375,2545.485597963241,2470.107748698972,2545.485597963241,5232045
2026-04-23,2488.064208984375,2525.2598221872495,2482.637786236952,2495.167841496993,2509050
2026-04-24,2364.8349609375,2471.4889309127534,2356.8434646078067,2454.7163513416886,5107719
2026-04-27,2414.85693359375,2426.1043319099444,2364.8349883004043,2364.8349883004043,5853425
2026-04-28,2411.99560546875,2453.7297789552113,2394.9269906770533,2411.3050180002156,4508363
2026-04-29,2441.59423828125,2454.6176048964962,2414.8569175928637,2418.211337173827,2835961
2026-04-30,2440.804931640625,2457.6762701500647,2405.3852856787867,2445.8368019678887,3970446
2026-05-01,2440.804931640625,2440.804931640625,2440.804931640625,2440.804931640625,0
2026-05-04,2398.77490234375,2464.8785979918853,2392.559133533261,2460.6360738276094,2632358
2026-05-05,2394.828369140625,2427.485422911908,2379.9302759850466,2397.4922011892513,3385720
2026-05-06,2402.81982421875,2437.9436740268407,2374.306536440952,2409.2328690917466,3147628
2026-05-07,2369.274658203125,2407.0623398832377,2365.9202387848723,2405.582406456141,5829594
2026-05-08,2362.368408203125,2374.7999458983372,2343.326789953136,2365.920344937355,3792199
2026-05-11,2360.888427734375,2382.6928771212197,2339.2814955090735,2339.2814955090735,1975188
2026-05-12,2269.52734375,2343.2279819983573,2252.4587296430527,2343.2279819983573,6347884
2026-05-13,2242.395263671875,2278.308219875756,2238.6460506699204,2275.1510766173806,3171843
2026-05-14,2215.953857421875,2234.6996825737074,2176.883514966109,2234.6996825737074,5633313
2026-05-15,2233.712890625,2274.06564640704,2221.873423006846,2221.873423006846,3410637
2026-05-18,2252.656005859375,2262.226194073794,2222.070714305826,2233.7129057172556,3773336
2026-05-19,2295.968994140625,2345.793423403843,2266.3703232911885,2269.2314317901273,10394707
2026-05-20,2296.2646484375,2310.669430390967,2286.793218866712,2292.8114703818346,2537422
2026-05-21,2296.0673828125,2304.650948701518,2283.0440165455843,2299.816595750975,3299087
2026-05-22,2286.300048828125,2308.696328282268,2277.223171267918,2299.9154856057353,2617262
2026-05-25,2308.199951171875,2326.10009765625,2293.0,2325.0,3298364
2026-05-26,2276.199951171875,2327.89990234375,2272.39990234375,2308.199951171875,3587597
2026-05-27,2284.199951171875,2295.60009765625,2260.89990234375,2275.0,2653950
2026-05-28,2284.199951171875,2284.199951171875,2284.199951171875,2284.199951171875,0
2026-05-29,2258.89990234375,2334.0,2235.0,2291.0,16331582
2026-06-01,2297.39990234375,2335.0,2280.0,2284.0,7505095
2026-06-02,2446.89990234375,2457.39990234375,2316.199951171875,2320.0,11306127
2026-06-03,2241.699951171875,2393.0,2224.800048828125,2393.0,15660062
2026-06-04,2241.0,2253.10009765625,2216.60009765625,2241.699951171875,4867263
2026-06-05,2198.89990234375,2271.800048828125,2192.0,2262.89990234375,5019717
2026-06-08,2151.39990234375,2177.0,2143.300048828125,2170.0,6536734
2026-06-09,2151.0,2174.0,2132.800048828125,2174.0,4148655
2026-06-10,2153.89990234375,2180.800048828125,2144.800048828125,2151.300048828125,2848650
2026-06-11,2135.60009765625,2154.60009765625,2110.0,2127.0,3079815
2026-06-12,2161.39990234375,2168.0,2138.0,2150.0,2124656
2026-06-15,2162.0,2192.0,2159.300048828125,2192.0,3337083
2026-06-16,2199.0,2209.0,2160.60009765625,2167.0,3079898
2026-06-17,2223.0,2231.0,2200.699951171875,2209.0,2865010
2026-06-18,2203.300048828125,2214.0,2182.0,2209.0,3735188
2026-06-19,2125.0,2138.0,2059.89990234375,2105.0,13286502
2026-06-22,2127.800048828125,2157.0,2121.0,2132.199951171875,4566101
2026-06-23,2059.60009765625,2114.0,2055.0,2111.0,6392736
2026-06-24,2109.0,2120.699951171875,2061.0,2061.0,4747277
2026-06-25,2094.699951171875,2148.5,2088.0,2133.60009765625,4738903
